Question,hardness,Ground Truth SQL,Basic Predicted SQL,SoQ Predicted SQL,EX,EX SoQ
How many singers do we have?,easy,SELECT count(*) FROM singer,SELECT COUNT(*) FROM singer,SELECT COUNT(*) FROM singer  Step-by-Step Sub-Questions: 1. What table contains information about singers? 2. How many rows are in the singer table?,1,0
What is the total number of singers?,easy,SELECT count(*) FROM singer,SELECT COUNT(*) FROM singer,SELECT COUNT(*) FROM singer,1,1
"Show name, country, age for all singers ordered by age from the oldest to the youngest.",medium,"SELECT name ,  country ,  age FROM singer ORDER BY age DESC","SELECT name, country, age FROM singer ORDER BY age DESC","SELECT name, country, age FROM singer ORDER BY age DESC",1,1
"What are the names, countries, and ages for every singer in descending order of age?",medium,"SELECT name ,  country ,  age FROM singer ORDER BY age DESC","SELECT name, country, age FROM singer ORDER BY age DESC","SELECT name, country, age FROM singer ORDER BY age DESC",1,1
"What is the average, minimum, and maximum age of all singers from France?",medium,"SELECT avg(age) ,  min(age) ,  max(age) FROM singer WHERE country  =  'France'","SELECT AVG(age), MIN(age), MAX(age) FROM singer WHERE country = 'France'","SELECT AVG(age), MIN(age), MAX(age) FROM singer WHERE country = 'France'",1,1
"What is the average, minimum, and maximum age for all French singers?",medium,"SELECT avg(age) ,  min(age) ,  max(age) FROM singer WHERE country  =  'France'","SELECT AVG(age), MIN(age), MAX(age) FROM singer WHERE country = 'France'","SELECT AVG(age), MIN(age), MAX(age) FROM singer WHERE country = 'France'",1,1
Show the name and the release year of the song by the youngest singer.,medium,"SELECT song_name ,  song_release_year FROM singer ORDER BY age LIMIT 1","SELECT T1.song_name, T1.song_release_year FROM singer AS T1 ORDER BY T1.age ASC LIMIT 1","SELECT T1.song_name, T1.song_release_year FROM singer AS T1 INNER JOIN singer_in_concert AS T2 ON T1.singer_id = T2.singer_id ORDER BY T1.age ASC LIMIT 1  Step-by-Step Sub-Questions: . What singers are in concerts? 2. Among these singers, which one is the youngest? 3. What is the name and release year of the song by this youngest singer?",1,0
What are the names and release years for all the songs of the youngest singer?,medium,"SELECT song_name ,  song_release_year FROM singer ORDER BY age LIMIT 1","SELECT song_name, song_release_year FROM singer WHERE age = ( SELECT MIN(age) FROM singer )","SELECT T1.song_name, T1.song_release_year FROM singer AS T1 ORDER BY T1.age ASC LIMIT 1  Step-by-Step Sub-Questions: 1. What is the youngest singer? 2. What are the songs of the youngest singer? 3. What are the names and release years of these songs?",1,0
What are all distinct countries where singers above age 20 are from?,easy,SELECT DISTINCT country FROM singer WHERE age  >  20,SELECT DISTINCT country FROM singer WHERE age > 20,SELECT DISTINCT T1.country FROM singer AS T1 WHERE T1.age > 20  Step-by-Step Sub-Questions: 1. What singers are above the age of 20? 2. What countries are these singers from? 3. List all distinct countries from these singers.,1,0
What are  the different countries with singers above age 20?,easy,SELECT DISTINCT country FROM singer WHERE age  >  20,SELECT DISTINCT country FROM singer WHERE age > 20,SELECT DISTINCT country FROM singer WHERE age > 20,1,1
Show all countries and the number of singers in each country.,medium,"SELECT country ,  count(*) FROM singer GROUP BY country","SELECT country ,  COUNT(*) FROM singer GROUP BY country","SELECT T1.country, COUNT(*) FROM singer AS T1 GROUP BY T1.country",1,1
How many singers are from each country?,medium,"SELECT country ,  count(*) FROM singer GROUP BY country","SELECT country, COUNT(*) FROM singer GROUP BY country","SELECT COUNT(*) ,  T1.country FROM singer AS T1 GROUP BY T1.country  Step-by-Step Sub-Questions: . What singers are from each country? 2. How many singers are there from each country? 3. Group the singers by their country of origin.",1,0
List all song names by singers above the average age.,hard,SELECT song_name FROM singer WHERE age  >  (SELECT avg(age) FROM singer),SELECT song_name FROM singer WHERE age > ( SELECT AVG(age) FROM singer ),SELECT T2.song_name FROM singer AS T1 INNER JOIN singer_in_concert AS T3 ON T1.singer_id = T3.singer_id INNER JOIN concert AS T4 ON T3.concert_id = T4.concert_id INNER JOIN singer AS T2 ON T2.singer_id = T3.singer_id WHERE T1.age > (SELECT AVG(age) FROM singer),1,0
What are all the song names by singers who are older than average?,hard,SELECT song_name FROM singer WHERE age  >  (SELECT avg(age) FROM singer),SELECT song_name FROM singer WHERE age > ( SELECT AVG(age) FROM singer ),SELECT T2.song_name FROM singer AS T1 INNER JOIN singer_in_concert AS T3 ON T1.singer_id = T3.singer_id INNER JOIN concert AS T4 ON T3.concert_id = T4.concert_id INNER JOIN singer AS T2 ON T2.singer_id = T3.singer_id WHERE T1.age > (SELECT AVG(age) FROM singer),1,0
Show location and name for all stadiums with a capacity between 5000 and 10000.,medium,"SELECT LOCATION ,  name FROM stadium WHERE capacity BETWEEN 5000 AND 10000","SELECT location, name FROM stadium WHERE capacity BETWEEN 5000 AND 10000","SELECT location, name FROM stadium WHERE capacity BETWEEN 5000 AND 10000",1,1
What are the locations and names of all stations with capacity between 5000 and 10000?,medium,"SELECT LOCATION ,  name FROM stadium WHERE capacity BETWEEN 5000 AND 10000","SELECT location, name FROM stadium WHERE capacity BETWEEN 5000 AND 10000","SELECT location, name FROM stadium WHERE capacity BETWEEN 5000 AND 10000",1,1
What is the maximum capacity and the average of all stadiums ?,medium,"select max(capacity), average from stadium","SELECT max(capacity) ,  avg(capacity) FROM stadium","SELECT max(capacity), avg(capacity) FROM stadium  Step-by-Step Sub-Questions: . What is the maximum capacity of all stadiums? 2. What is the average capacity of all stadiums? 3. How can we combine these two pieces of information in a single query?",0,0
What is the average and maximum capacities for all stadiums ?,medium,"select avg(capacity) ,  max(capacity) from stadium","SELECT avg(capacity) ,  max(capacity) FROM stadium","SELECT avg(capacity), max(capacity) FROM stadium  Step-by-Step Sub-Questions: . What information are we looking for about the stadiums? 2. Which table contains the data we need? 3. What specific columns in the table contain the information we need? 4. How should we calculate the average capacity of the stadiums? 5. How should we find the maximum capacity of the stadiums? 6. What is the final SQL query that will give us the required information?",1,0
What is the name and capacity for the stadium with highest average attendance?,medium,"SELECT name ,  capacity FROM stadium ORDER BY average DESC LIMIT 1","SELECT name, capacity FROM stadium ORDER BY average DESC LIMIT 1","SELECT name, capacity FROM stadium ORDER BY average DESC LIMIT 1  Step-by-Step Sub-Questions: . What is the name and capacity of the stadium? 2. How do we determine the stadium with the highest average attendance? 3. How can we order the stadiums by their average attendance in descending order? 4. How can we limit the result to only the stadium with the highest average attendance?",1,0
What is the name and capacity for the stadium with the highest average attendance?,medium,"SELECT name ,  capacity FROM stadium ORDER BY average DESC LIMIT 1","SELECT name, capacity FROM stadium ORDER BY average DESC LIMIT 1","SELECT T1.name, T1.capacity FROM stadium AS T1 ORDER BY T1.average DESC LIMIT 1  Step-by-Step Sub-Questions: 1. What stadiums have the highest average attendance? 2. What is the name and capacity of these stadiums?",1,0
How many concerts are there in year 2014 or 2015?,medium,SELECT count(*) FROM concert WHERE YEAR  =  2014 OR YEAR  =  2015,"SELECT COUNT(*) FROM concert WHERE YEAR IN (2014, 2015)","SELECT COUNT(*) FROM concert WHERE YEAR IN (2014, 2015)",1,1
How many concerts occurred in 2014 or 2015?,medium,SELECT count(*) FROM concert WHERE YEAR  =  2014 OR YEAR  =  2015,NULL,"SELECT COUNT(*) FROM concert WHERE YEAR IN (2014, 2015)",0,1
Show the stadium name and the number of concerts in each stadium.,medium,"SELECT T2.name ,  count(*) FROM concert AS T1 JOIN stadium AS T2 ON T1.stadium_id  =  T2.stadium_id GROUP BY T1.stadium_id","SELECT T1.name ,  COUNT(*) FROM stadium AS T1 JOIN concert AS T2 ON T1.stadium_id  =  T2.stadium_id GROUP BY T1.stadium_id","SELECT T1.name, COUNT(T2.concert_id) FROM stadium AS T1 INNER JOIN concert AS T2 ON T1.stadium_id = T2.stadium_id GROUP BY T1.stadium_id",1,1
"For each stadium, how many concerts play there?",medium,"SELECT T2.name ,  count(*) FROM concert AS T1 JOIN stadium AS T2 ON T1.stadium_id  =  T2.stadium_id GROUP BY T1.stadium_id","SELECT T1.stadium_id, T1.name, COUNT(T2.concert_id) FROM stadium AS T1 JOIN concert AS T2 ON T1.stadium_id = T2.stadium_id GROUP BY T1.stadium_id, T1.name","SELECT T1.stadium_id, T1.name, COUNT(T2.concert_id) FROM stadium AS T1 INNER JOIN concert AS T2 ON T1.stadium_id = T2.stadium_id GROUP BY T1.stadium_id, T1.name",0,0
Show the stadium name and capacity with most number of concerts in year 2014 or after.,extra,"SELECT T2.name ,  T2.capacity FROM concert AS T1 JOIN stadium AS T2 ON T1.stadium_id  =  T2.stadium_id WHERE T1.year  >=  2014 GROUP BY T2.stadium_id ORDER BY count(*) DESC LIMIT 1","SELECT T1.name, T1.capacity FROM stadium AS T1 JOIN concert AS T2 ON T1.stadium_id = T2.stadium_id WHERE T2.year >= 2014 GROUP BY T1.stadium_id ORDER BY COUNT(*) DESC LIMIT 1","SELECT T1.name, T1.capacity FROM stadium AS T1 INNER JOIN concert AS T2 ON T1.stadium_id = T2.stadium_id WHERE T2.year >= 2014 GROUP BY T1.stadium_id ORDER BY COUNT(*) DESC LIMIT 1",1,1
What is the name and capacity of the stadium with the most concerts after 2013 ?,extra,"select t2.name ,  t2.capacity from concert as t1 join stadium as t2 on t1.stadium_id  =  t2.stadium_id where t1.year  >  2013 group by t2.stadium_id order by count(*) desc limit 1","SELECT T1.name ,  T1.capacity FROM stadium AS T1 JOIN concert AS T2 ON T1.stadium_id  =  T2.stadium_id WHERE T2.year  >  2013 GROUP BY T1.stadium_id ORDER BY COUNT(*) DESC LIMIT 1","SELECT T1.name, T1.capacity FROM stadium AS T1 INNER JOIN concert AS T2 ON T1.stadium_id = T2.stadium_id WHERE T2.year > 2013 GROUP BY T1.stadium_id ORDER BY COUNT(*) DESC LIMIT 1",1,1
Which year has most number of concerts?,hard,SELECT YEAR FROM concert GROUP BY YEAR ORDER BY count(*) DESC LIMIT 1,SELECT year FROM concert GROUP BY year ORDER BY COUNT(*) DESC LIMIT 1,NULL,1,0
What is the year that had the most concerts?,hard,SELECT YEAR FROM concert GROUP BY YEAR ORDER BY count(*) DESC LIMIT 1,SELECT year FROM concert GROUP BY year ORDER BY COUNT(*) DESC LIMIT 1,"SELECT T1.year FROM concert AS T1 GROUP BY T1.year ORDER BY COUNT(*) DESC LIMIT 1  Step-by-Step Sub-Questions: 1. What years are represented in the concert table? 2. For each year, how many concerts were held? 3. Which year had the highest number of concerts? 4. What is the year that had the most concerts?",1,0
Show the stadium names without any concert.,hard,SELECT name FROM stadium WHERE stadium_id NOT IN (SELECT stadium_id FROM concert),SELECT name FROM stadium WHERE stadium_id NOT IN (SELECT stadium_id FROM concert),NULL,1,0
What are the names of the stadiums without any concerts?,hard,SELECT name FROM stadium WHERE stadium_id NOT IN (SELECT stadium_id FROM concert),SELECT name FROM stadium WHERE stadium_id NOT IN (SELECT stadium_id FROM concert),SELECT name FROM stadium WHERE stadium_id NOT IN (SELECT stadium_id FROM concert),1,1
Show countries where a singer above age 40 and a singer below 30 are from.,hard,SELECT country FROM singer WHERE age  >  40 INTERSECT SELECT country FROM singer WHERE age  <  30,SELECT country FROM singer WHERE age > 40 INTERSECT SELECT country FROM singer WHERE age < 30,SELECT country FROM singer WHERE age > 40 INTERSECT SELECT country FROM singer WHERE age < 30,1,1
Show names for all stadiums except for stadiums having a concert in year 2014.,hard,SELECT name FROM stadium EXCEPT SELECT T2.name FROM concert AS T1 JOIN stadium AS T2 ON T1.stadium_id  =  T2.stadium_id WHERE T1.year  =  2014,SELECT name FROM stadium WHERE stadium_id NOT IN ( SELECT stadium_id FROM concert WHERE YEAR = 2014 ) ,SELECT name FROM stadium WHERE stadium_id NOT IN (SELECT stadium_id FROM concert WHERE YEAR = 2014)  Step-by-Step Sub-Questions: 1. What are the names of all stadiums? 2. Which stadiums have a concert in the year 2014? 3. Which stadiums do not have a concert in the year 2014? 4. What are the names of these stadiums?,1,0
What are the names of all stadiums that did not have a concert in 2014?,hard,SELECT name FROM stadium EXCEPT SELECT T2.name FROM concert AS T1 JOIN stadium AS T2 ON T1.stadium_id  =  T2.stadium_id WHERE T1.year  =  2014,SELECT name FROM stadium WHERE stadium_id NOT IN ( SELECT stadium_id FROM concert WHERE YEAR = 2014 ),SELECT name FROM stadium WHERE stadium_id NOT IN (SELECT stadium_id FROM concert WHERE YEAR = 2014),1,1
Show the name and theme for all concerts and the number of singers in each concert.,medium,"SELECT T2.concert_name ,  T2.theme ,  count(*) FROM singer_in_concert AS T1 JOIN concert AS T2 ON T1.concert_id  =  T2.concert_id GROUP BY T2.concert_id","SELECT T1.concert_name ,  T1.theme ,  COUNT(*) FROM concert AS T1 JOIN singer_in_concert AS T2 ON T1.concert_id  =  T2.concert_id GROUP BY T1.concert_id","SELECT T1.concert_name, T1.theme, COUNT(T2.singer_id) FROM concert AS T1 INNER JOIN singer_in_concert AS T2 ON T1.concert_id = T2.concert_id GROUP BY T1.concert_id",1,1
"What are the names , themes , and number of singers for every concert ?",medium,"select t2.concert_name ,  t2.theme ,  count(*) from singer_in_concert as t1 join concert as t2 on t1.concert_id  =  t2.concert_id group by t2.concert_id","SELECT T1.concert_name ,  T1.theme ,  COUNT(*) FROM concert AS T1 JOIN singer_in_concert AS T2 ON T1.concert_id  =  T2.concert_id GROUP BY T1.concert_id","SELECT T2.concert_name ,  T2.theme ,  COUNT(*) FROM concert AS T1 INNER JOIN singer_in_concert AS T2 ON T1.concert_id = T2.concert_id GROUP BY T1.concert_id",1,0
List singer names and number of concerts for each singer.,medium,"SELECT T2.name ,  count(*) FROM singer_in_concert AS T1 JOIN singer AS T2 ON T1.singer_id  =  T2.singer_id GROUP BY T2.singer_id","SELECT T2.name, COUNT(*) FROM singer_in_concert AS T1 JOIN singer AS T2 ON T1.singer_id = T2.singer_id GROUP BY T2.name","SELECT T2.name, COUNT(*) FROM singer AS T2 INNER JOIN singer_in_concert AS T1 ON T2.singer_id = T1.singer_id GROUP BY T2.name  Step-by-Step Sub-Questions: 1. What singers are there? 2. How many concerts does each singer participate in? 3. What is the name of each singer? 4. How can we count the number of concerts for each singer? 5. How should we group the results by singer name?",1,0
What are the names of the singers and number of concerts for each person?,medium,"SELECT T2.name ,  count(*) FROM singer_in_concert AS T1 JOIN singer AS T2 ON T1.singer_id  =  T2.singer_id GROUP BY T2.singer_id","SELECT T2.name ,  COUNT(*) FROM concert AS T1 JOIN singer AS T2 ON T1.concert_id = T2.singer_id GROUP BY T2.name","SELECT T2.name, COUNT(*) FROM singer AS T2 JOIN singer_in_concert AS T1 ON T2.singer_id = T1.singer_id GROUP BY T2.singer_id",0,1
List all singer names in concerts in year 2014.,hard,SELECT T2.name FROM singer_in_concert AS T1 JOIN singer AS T2 ON T1.singer_id  =  T2.singer_id JOIN concert AS T3 ON T1.concert_id  =  T3.concert_id WHERE T3.year  =  2014,SELECT T3.name FROM concert AS T1 JOIN singer_in_concert AS T2 ON T1.concert_id = T2.concert_id JOIN singer AS T3 ON T2.singer_id = T3.singer_id WHERE T1.year = 2014,SELECT T2.name FROM concert AS T1 INNER JOIN singer AS T2 ON T1.concert_id = T2.singer_id WHERE T1.year = 2014,1,0
What are the names of the singers who performed in a concert in 2014?,hard,SELECT T2.name FROM singer_in_concert AS T1 JOIN singer AS T2 ON T1.singer_id  =  T2.singer_id JOIN concert AS T3 ON T1.concert_id  =  T3.concert_id WHERE T3.year  =  2014,SELECT T2.name FROM singer_in_concert AS T1 JOIN singer AS T2 ON T1.singer_id = T2.singer_id JOIN concert AS T3 ON T1.concert_id = T3.concert_id WHERE T3.year = 2014,SELECT T2.name FROM concert AS T1 INNER JOIN singer AS T2 ON T1.concert_id = T2.singer_id WHERE T1.year = 2014,1,0
what is the name and nation of the singer who have a song having 'Hey' in its name?,medium,"SELECT name ,  country FROM singer WHERE song_name LIKE '%Hey%'","SELECT T1.name , T1.country FROM singer AS T1 JOIN singer_in_concert AS T2 ON T1.singer_id = T2.singer_id JOIN concert AS T3 ON T2.concert_id = T3.concert_id WHERE T1.song_name LIKE '%Hey%' GROUP BY T1.name , T1.country","SELECT T2.name, T2.country FROM singer AS T2 INNER JOIN singer_in_concert AS T1 ON T2.singer_id = T1.singer_id INNER JOIN concert AS T3 ON T1.concert_id = T3.concert_id INNER JOIN singer AS T4 ON T3.theme = T4.song_name WHERE T4.song_name LIKE '%Hey%' AND T4.song_release_year = 2019",1,0
What is the name and country of origin of every singer who has a song with the word 'Hey' in its title?,medium,"SELECT name ,  country FROM singer WHERE song_name LIKE '%Hey%'","SELECT name, country FROM singer WHERE song_name LIKE '%Hey%'","SELECT T1.name, T1.country FROM singer AS T1 INNER JOIN singer_in_concert AS T2 ON T1.singer_id = T2.singer_id INNER JOIN concert AS T3 ON T2.concert_id = T3.concert_id INNER JOIN singer AS T4 ON T4.singer_id = T2.singer_id WHERE T4.song_name LIKE '%Hey%' GROUP BY T1.singer_id",1,1
Find the name and location of the stadiums which some concerts happened in the years of both 2014 and 2015.,extra,"SELECT T2.name ,  T2.location FROM concert AS T1 JOIN stadium AS T2 ON T1.stadium_id  =  T2.stadium_id WHERE T1.Year  =  2014 INTERSECT SELECT T2.name ,  T2.location FROM concert AS T1 JOIN stadium AS T2 ON T1.stadium_id  =  T2.stadium_id WHERE T1.Year  =  2015","SELECT T1.name, T1.location FROM stadium AS T1 JOIN concert AS T2 ON T1.stadium_id = T2.stadium_id WHERE T2.year = 2014 INTERSECT SELECT T1.name, T1.location FROM stadium AS T1 JOIN concert AS T2 ON T1.stadium_id = T2.stadium_id WHERE T2.year = 2015",NULL,1,0
What are the names and locations of the stadiums that had concerts that occurred in both 2014 and 2015?,extra,"SELECT T2.name ,  T2.location FROM concert AS T1 JOIN stadium AS T2 ON T1.stadium_id  =  T2.stadium_id WHERE T1.Year  =  2014 INTERSECT SELECT T2.name ,  T2.location FROM concert AS T1 JOIN stadium AS T2 ON T1.stadium_id  =  T2.stadium_id WHERE T1.Year  =  2015",NULL,"SELECT T1.name, T1.location FROM stadium AS T1 INNER JOIN concert AS T2 ON T1.stadium_id = T2.stadium_id WHERE T2.year IN (2014, 2015) GROUP BY T1.stadium_id HAVING COUNT(DISTINCT T2.year) = 2",0,1
Find the number of concerts happened in the stadium with the highest capacity .,hard,select count(*) from concert where stadium_id = (select stadium_id from stadium order by capacity desc limit 1),SELECT COUNT(*) FROM concert AS T1 JOIN stadium AS T2 ON T1.stadium_id = T2.stadium_id WHERE T2.capacity = ( SELECT MAX(capacity) FROM stadium ) ,SELECT COUNT(*) FROM concert AS T1 INNER JOIN stadium AS T2 ON T1.stadium_id = T2.stadium_id WHERE T2.capacity = (SELECT MAX(capacity) FROM stadium),1,1
What are the number of concerts that occurred in the stadium with the largest capacity ?,hard,select count(*) from concert where stadium_id = (select stadium_id from stadium order by capacity desc limit 1),select the `stadium_id` of the stadium with the largest capacity.  Step 2: Count the number of concerts that occurred in that stadium. - Use the `COUNT(*)` function to count the number of concerts. - Join the `concert` table with the `stadium` table on the `stadium_id` column. - Filter the concerts to only include those that occurred in the stadium with the largest capacity.  Here is the optimized SQLite query:  sql SELECT COUNT(*)  FROM concert  JOIN stadium ON concert.stadium_id = stadium.stadium_id  WHERE stadium.capacity = (SELECT MAX(capacity) FROM stadium),SELECT COUNT(*) FROM concert AS T1 INNER JOIN stadium AS T2 ON T1.stadium_id = T2.stadium_id WHERE T2.capacity = (SELECT MAX(capacity) FROM stadium),0,1
Find the number of pets whose weight is heavier than 10.,easy,SELECT count(*) FROM pets WHERE weight  >  10,SELECT count(*) FROM pets WHERE weight > 10,SELECT COUNT(*) FROM pets WHERE weight > 10,1,1
How many pets have a greater weight than 10?,easy,SELECT count(*) FROM pets WHERE weight  >  10,SELECT count(*) FROM pets WHERE weight > 10,SELECT COUNT(*) FROM has_pet AS T1 INNER JOIN pets AS T2 ON T1.petid = T2.petid WHERE T2.weight > 10,1,1
Find the weight of the youngest dog.,medium,SELECT weight FROM pets ORDER BY pet_age LIMIT 1,SELECT MIN(weight) FROM pets WHERE pettype = 'dog',SELECT MIN(T2.weight) FROM has_pet AS T1 INNER JOIN pets AS T2 ON T1.petid = T2.petid WHERE T2.pettype = 'dog',1,1
How much does the youngest dog weigh?,medium,SELECT weight FROM pets ORDER BY pet_age LIMIT 1,NULL,SELECT MIN(T2.weight) FROM has_pet AS T1 INNER JOIN pets AS T2 ON T1.petid = T2.petid WHERE T2.pettype = 'dog',0,1
Find the maximum weight for each type of pet. List the maximum weight and pet type.,medium,"SELECT max(weight) ,  petType FROM pets GROUP BY petType","SELECT pettype, MAX(weight) FROM pets GROUP BY pettype","SELECT T2.pettype, MAX(T2.weight) FROM has_pet AS T1 INNER JOIN pets AS T2 ON T1.petid = T2.petid GROUP BY T2.pettype",0,0
List the maximum weight and type for each type of pet.,medium,"SELECT max(weight) ,  petType FROM pets GROUP BY petType","SELECT pettype, MAX(weight) FROM pets GROUP BY pettype","SELECT pettype, MAX(weight) FROM pets GROUP BY pettype",0,0
Find number of pets owned by students who are older than 20.,medium,SELECT count(*) FROM student AS T1 JOIN has_pet AS T2 ON T1.stuid  =  T2.stuid WHERE T1.age  >  20,SELECT count(*) FROM student AS T1 JOIN has_pet AS T2 ON T1.stuid  =  T2.stuid WHERE T1.age  >  20,SELECT COUNT(*) FROM student AS T1 INNER JOIN has_pet AS T2 ON T1.stuid = T2.stuid WHERE T1.age > 20,1,1
How many pets are owned by students that have an age greater than 20?,medium,SELECT count(*) FROM student AS T1 JOIN has_pet AS T2 ON T1.stuid  =  T2.stuid WHERE T1.age  >  20,SELECT COUNT(*) FROM has_pet AS T1 JOIN student AS T2 ON T1.stuid = T2.stuid WHERE T2.age > 20,SELECT COUNT(*) FROM student AS T1 JOIN has_pet AS T2 ON T1.stuid = T2.stuid JOIN pets AS T3 ON T2.petid = T3.petid WHERE T1.age > 20,1,1
Find the number of dog pets that are raised by female students (with sex F).,hard,SELECT count(*) FROM student AS T1 JOIN has_pet AS T2 ON T1.stuid  =  T2.stuid JOIN pets AS T3 ON T2.petid  =  T3.petid WHERE T1.sex  =  'F' AND T3.pettype  =  'dog',SELECT COUNT(*) FROM student AS T1 JOIN has_pet AS T2 ON T1.stuid = T2.stuid JOIN pets AS T3 ON T2.petid = T3.petid WHERE T3.pettype = 'dog' AND T1.sex = 'F',SELECT COUNT(*) FROM student AS T1 JOIN has_pet AS T2 ON T1.stuid = T2.stuid JOIN pets AS T3 ON T2.petid = T3.petid WHERE T1.sex = 'F' AND T3.pettype = 'dog',1,1
How many dog pets are raised by female students?,hard,SELECT count(*) FROM student AS T1 JOIN has_pet AS T2 ON T1.stuid  =  T2.stuid JOIN pets AS T3 ON T2.petid  =  T3.petid WHERE T1.sex  =  'F' AND T3.pettype  =  'dog',NULL,SELECT COUNT(*) FROM student AS T1 JOIN has_pet AS T2 ON T1.stuid = T2.stuid JOIN pets AS T3 ON T2.petid = T3.petid WHERE T1.sex = 'F' AND T3.pettype = 'dog',0,1
Find the number of distinct type of pets.,easy,SELECT count(DISTINCT pettype) FROM pets,SELECT count(DISTINCT pettype) FROM pets,SELECT COUNT(DISTINCT pettype) FROM pets,1,1
How many different types of pet are there?,easy,SELECT count(DISTINCT pettype) FROM pets,SELECT COUNT(DISTINCT pettype) FROM pets,SELECT COUNT(DISTINCT pettype) FROM pets,1,1
Find the first name of students who have cat or dog pet.,extra,SELECT DISTINCT T1.Fname FROM student AS T1 JOIN has_pet AS T2 ON T1.stuid  =  T2.stuid JOIN pets AS T3 ON T3.petid  =  T2.petid WHERE T3.pettype  =  'cat' OR T3.pettype  =  'dog',SELECT T1.fname FROM student AS T1 JOIN has_pet AS T2 ON T1.stuid = T2.stuid JOIN pets AS T3 ON T2.petid = T3.petid WHERE T3.pettype = 'cat' OR T3.pettype = 'dog',SELECT DISTINCT T1.fname FROM student AS T1 INNER JOIN has_pet AS T2 ON T1.stuid = T2.stuid INNER JOIN pets AS T3 ON T2.petid = T3.petid WHERE T3.pettype = 'cat' OR T3.pettype = 'dog',1,1
What are the first names of every student who has a cat or dog as a pet?,extra,SELECT DISTINCT T1.Fname FROM student AS T1 JOIN has_pet AS T2 ON T1.stuid  =  T2.stuid JOIN pets AS T3 ON T3.petid  =  T2.petid WHERE T3.pettype  =  'cat' OR T3.pettype  =  'dog',Select the first names of students who have a cat or dog as a pet.  External Knowledge: - A student has a pet if the student's ID is in the `has_pet` table. - A pet is a cat or dog if its type is either 'cat' or 'dog'. - ,SELECT T1.fname FROM student AS T1 INNER JOIN has_pet AS T2 ON T1.stuid = T2.stuid INNER JOIN pets AS T3 ON T2.petid = T3.petid WHERE T3.pettype = 'cat' OR T3.pettype = 'dog',0,1
Find the first name of students who have both cat and dog pets .,extra,select t1.fname from student as t1 join has_pet as t2 on t1.stuid  =  t2.stuid join pets as t3 on t3.petid  =  t2.petid where t3.pettype  =  'cat' intersect select t1.fname from student as t1 join has_pet as t2 on t1.stuid  =  t2.stuid join pets as t3 on t3.petid  =  t2.petid where t3.pettype  =  'dog',SELECT T1.fname FROM student AS T1 JOIN has_pet AS T2 ON T1.stuid  =  T2.stuid JOIN pets AS T3 ON T2.petid  =  T3.petid WHERE T3.pettype  =  'cat' INTERSECT SELECT T1.fname FROM student AS T1 JOIN has_pet AS T2 ON T1.stuid  =  T2.stuid JOIN pets AS T3 ON T2.petid  =  T3.petid WHERE T3.pettype  =  'dog' ,SELECT T1.fname FROM student AS T1 INNER JOIN has_pet AS T2 ON T1.stuid = T2.stuid INNER JOIN pets AS T3 ON T2.petid = T3.petid WHERE T3.pettype = 'cat' INTERSECT SELECT T1.fname FROM student AS T1 INNER JOIN has_pet AS T2 ON T1.stuid = T2.stuid INNER JOIN pets AS T3 ON T2.petid = T3.petid WHERE T3.pettype = 'dog'  Step-by-Step Sub-Questions: . What students have cat pets? 2. What students have dog pets? 3. Which students have both cat and dog pets? 4. What is the first name of these students?,1,0
What are the students' first names who have both cats and dogs as pets?,extra,SELECT T1.Fname FROM student AS T1 JOIN has_pet AS T2 ON T1.stuid  =  T2.stuid JOIN pets AS T3 ON T3.petid  =  T2.petid WHERE T3.pettype  =  'cat' INTERSECT SELECT T1.Fname FROM student AS T1 JOIN has_pet AS T2 ON T1.stuid  =  T2.stuid JOIN pets AS T3 ON T3.petid  =  T2.petid WHERE T3.pettype  =  'dog',SELECT T1.fname FROM student AS T1 JOIN has_pet AS T2 ON T1.stuid = T2.stuid JOIN pets AS T3 ON T2.petid = T3.petid WHERE T3.pettype = 'cat' INTERSECT SELECT T1.fname FROM student AS T1 JOIN has_pet AS T2 ON T1.stuid = T2.stuid JOIN pets AS T3 ON T2.petid = T3.petid WHERE T3.pettype = 'dog',SELECT T1.fname FROM student AS T1 INNER JOIN has_pet AS T2 ON T1.stuid = T2.stuid INNER JOIN pets AS T3 ON T2.petid = T3.petid WHERE T3.pettype = 'cat' INTERSECT SELECT T1.fname FROM student AS T1 INNER JOIN has_pet AS T2 ON T1.stuid = T2.stuid INNER JOIN pets AS T3 ON T2.petid = T3.petid WHERE T3.pettype = 'dog',1,1
Find the major and age of students who do not have a cat pet.,extra,"SELECT major ,  age FROM student WHERE stuid NOT IN (SELECT T1.stuid FROM student AS T1 JOIN has_pet AS T2 ON T1.stuid  =  T2.stuid JOIN pets AS T3 ON T3.petid  =  T2.petid WHERE T3.pettype  =  'cat')","SELECT major, age FROM student WHERE stuid NOT IN ( SELECT stuid FROM has_pet AS T1 JOIN pets AS T2 ON T1.petid = T2.petid WHERE pettype = 'cat' ) ","SELECT major, age FROM student WHERE stuid NOT IN (SELECT stuid FROM has_pet AS T1 JOIN pets AS T2 ON T1.petid = T2.petid WHERE pettype = 'cat')",1,1
"What major is every student who does not own a cat as a pet, and also how old are they?",extra,"SELECT major ,  age FROM student WHERE stuid NOT IN (SELECT T1.stuid FROM student AS T1 JOIN has_pet AS T2 ON T1.stuid  =  T2.stuid JOIN pets AS T3 ON T3.petid  =  T2.petid WHERE T3.pettype  =  'cat')",Select major and age from student where stuid not in (select stuid from has_pet join pets on has_pet.petid = pets.petid where pettype = 'cat') and major is not null,"SELECT T1.major, T1.age FROM student AS T1 LEFT JOIN has_pet AS T2 ON T1.stuid = T2.stuid LEFT JOIN pets AS T3 ON T2.petid = T3.petid WHERE T3.pettype != 'cat' OR T3.pettype IS NULL",0,1
Find the id of students who do not have a cat pet.,hard,SELECT stuid FROM student EXCEPT SELECT T1.stuid FROM student AS T1 JOIN has_pet AS T2 ON T1.stuid  =  T2.stuid JOIN pets AS T3 ON T3.petid  =  T2.petid WHERE T3.pettype  =  'cat',SELECT stuid FROM student WHERE stuid NOT IN ( SELECT stuid FROM has_pet WHERE petid IN ( SELECT petid FROM pets WHERE pettype = 'cat' ) ),SELECT stuid FROM student WHERE stuid NOT IN (SELECT stuid FROM has_pet AS T1 JOIN pets AS T2 ON T1.petid = T2.petid WHERE T2.pettype = 'cat'),1,1
What are the ids of the students who do not own cats as pets?,hard,SELECT stuid FROM student EXCEPT SELECT T1.stuid FROM student AS T1 JOIN has_pet AS T2 ON T1.stuid  =  T2.stuid JOIN pets AS T3 ON T3.petid  =  T2.petid WHERE T3.pettype  =  'cat',Select stuid from student where stuid not in (select stuid from has_pet where petid in (select petid from pets where pettype = 'cat')),SELECT stuid FROM student WHERE stuid NOT IN (SELECT stuid FROM has_pet AS T1 JOIN pets AS T2 ON T1.petid = T2.petid WHERE T2.pettype = 'cat'),1,1
Find the first name and age of students who have a dog but do not have a cat as a pet.,extra,"SELECT T1.fname ,  T1.age FROM student AS T1 JOIN has_pet AS T2 ON T1.stuid  =  T2.stuid JOIN pets AS T3 ON T3.petid  =  T2.petid WHERE T3.pettype  =  'dog' AND T1.stuid NOT IN (SELECT T1.stuid FROM student AS T1 JOIN has_pet AS T2 ON T1.stuid  =  T2.stuid JOIN pets AS T3 ON T3.petid  =  T2.petid WHERE T3.pettype  =  'cat')","SELECT T1.fname, T1.age FROM student AS T1 JOIN has_pet AS T2 ON T1.stuid = T2.stuid JOIN pets AS T3 ON T2.petid = T3.petid WHERE T3.pettype = 'dog' AND T1.stuid NOT IN (SELECT T1.stuid FROM student AS T1 JOIN has_pet AS T2 ON T1.stuid = T2.stuid JOIN pets AS T3 ON T2.petid = T3.petid WHERE T3.pettype = 'cat') ","SELECT T1.fname, T1.age FROM student AS T1 INNER JOIN has_pet AS T2 ON T1.stuid = T2.stuid INNER JOIN pets AS T3 ON T2.petid = T3.petid WHERE T3.pettype = 'dog' AND T1.stuid NOT IN (SELECT T1.stuid FROM student AS T1 INNER JOIN has_pet AS T2 ON T1.stuid = T2.stuid INNER JOIN pets AS T3 ON T2.petid = T3.petid WHERE T3.pettype = 'cat')",1,1
What is the first name of every student who has a dog but does not have a cat?,extra,"SELECT T1.fname ,  T1.age FROM student AS T1 JOIN has_pet AS T2 ON T1.stuid  =  T2.stuid JOIN pets AS T3 ON T3.petid  =  T2.petid WHERE T3.pettype  =  'dog' AND T1.stuid NOT IN (SELECT T1.stuid FROM student AS T1 JOIN has_pet AS T2 ON T1.stuid  =  T2.stuid JOIN pets AS T3 ON T3.petid  =  T2.petid WHERE T3.pettype  =  'cat')",Select the first name of every student who has a dog but does not have a cat.  External Knowledge: - ,SELECT T1.fname FROM student AS T1 INNER JOIN has_pet AS T2 ON T1.stuid = T2.stuid INNER JOIN pets AS T3 ON T2.petid = T3.petid WHERE T3.pettype = 'dog' AND T1.stuid NOT IN (SELECT T1.stuid FROM student AS T1 INNER JOIN has_pet AS T2 ON T1.stuid = T2.stuid INNER JOIN pets AS T3 ON T2.petid = T3.petid WHERE T3.pettype = 'cat'),0,0
Find the type and weight of the youngest pet.,medium,"SELECT pettype ,  weight FROM pets ORDER BY pet_age LIMIT 1","SELECT pettype, weight FROM pets ORDER BY pet_age ASC LIMIT 1","SELECT T2.pettype, T2.weight FROM has_pet AS T1 INNER JOIN pets AS T2 ON T1.petid = T2.petid ORDER BY T2.pet_age ASC LIMIT 1",1,1
"What type of pet is the youngest animal, and how much does it weigh?",medium,"SELECT pettype ,  weight FROM pets ORDER BY pet_age LIMIT 1","SELECT pettype, weight FROM pets ORDER BY pet_age ASC LIMIT 1","SELECT T2.pettype, T2.weight FROM has_pet AS T1 INNER JOIN pets AS T2 ON T1.petid = T2.petid ORDER BY T2.pet_age ASC LIMIT 1",1,1
Find the id and weight of all pets whose age is older than 1.,medium,"SELECT petid ,  weight FROM pets WHERE pet_age  >  1","SELECT petid, weight FROM pets WHERE pet_age > 1","SELECT petid, weight FROM pets WHERE pet_age > 1",1,1
What is the id and weight of every pet who is older than 1?,medium,"SELECT petid ,  weight FROM pets WHERE pet_age  >  1","SELECT petid, weight FROM pets WHERE pet_age > 1","SELECT petid, weight FROM pets WHERE pet_age > 1",1,1
Find the average and maximum age for each type of pet.,medium,"SELECT avg(pet_age) ,  max(pet_age) ,  pettype FROM pets GROUP BY pettype","SELECT T2.pettype, AVG(T1.age), MAX(T1.age) FROM student AS T1 JOIN has_pet AS T2 ON T1.stuid = T2.stuid JOIN pets AS T3 ON T2.petid = T3.petid GROUP BY T2.pettype","SELECT T2.pettype, AVG(T2.pet_age), MAX(T2.pet_age) FROM has_pet AS T1 INNER JOIN pets AS T2 ON T1.petid = T2.petid GROUP BY T2.pettype",0,0
What is the average and maximum age for each pet type?,medium,"SELECT avg(pet_age) ,  max(pet_age) ,  pettype FROM pets GROUP BY pettype","SELECT pettype, avg(pet_age), max(pet_age) FROM pets GROUP BY pettype","SELECT T2.pettype, AVG(T2.pet_age), MAX(T2.pet_age) FROM has_pet AS T1 INNER JOIN pets AS T2 ON T1.petid = T2.petid GROUP BY T2.pettype",0,0
Find the average weight for each pet type.,medium,"SELECT avg(weight) ,  pettype FROM pets GROUP BY pettype","SELECT pettype, AVG(weight) FROM pets GROUP BY pettype","SELECT T2.pettype, AVG(T2.weight) FROM has_pet AS T1 INNER JOIN pets AS T2 ON T1.petid = T2.petid GROUP BY T2.pettype",0,0
What is the average weight for each type of pet?,medium,"SELECT avg(weight) ,  pettype FROM pets GROUP BY pettype","SELECT pettype, AVG(weight) FROM pets GROUP BY pettype","SELECT T2.pettype, AVG(T2.weight) FROM has_pet AS T1 INNER JOIN pets AS T2 ON T1.petid = T2.petid GROUP BY T2.pettype",0,0
Find the first name and age of students who have a pet.,medium,"SELECT DISTINCT T1.fname ,  T1.age FROM student AS T1 JOIN has_pet AS T2 ON T1.stuid  =  T2.stuid","SELECT T1.fname, T1.age FROM student AS T1 JOIN has_pet AS T2 ON T1.stuid = T2.stuid","SELECT T1.fname, T1.age FROM student AS T1 INNER JOIN has_pet AS T2 ON T1.stuid = T2.stuid INNER JOIN pets AS T3 ON T2.petid = T3.petid",1,1
What are the different first names and ages of the students who do have pets?,medium,"SELECT DISTINCT T1.fname ,  T1.age FROM student AS T1 JOIN has_pet AS T2 ON T1.stuid  =  T2.stuid","SELECT DISTINCT T1.fname ,  T1.age FROM student AS T1 JOIN has_pet AS T2 ON T1.stuid  =  T2.stuid JOIN pets AS T3 ON T2.petid  =  T3.petid","SELECT DISTINCT T1.fname, T1.age FROM student AS T1 INNER JOIN has_pet AS T2 ON T1.stuid = T2.stuid INNER JOIN pets AS T3 ON T2.petid = T3.petid  Step-by-Step Sub-Questions: . Which students have pets? 2. What are the first names and ages of these students? 3. How can we ensure we get distinct first names and ages?",1,0
Find the id of the pet owned by student whose last name is ‘Smith’.,medium,SELECT T2.petid FROM student AS T1 JOIN has_pet AS T2 ON T1.stuid  =  T2.stuid WHERE T1.Lname  =  'Smith',SELECT T2.petid FROM student AS T1 JOIN has_pet AS T2 ON T1.stuid = T2.stuid WHERE T1.lname = 'Smith',SELECT T2.petid FROM student AS T1 INNER JOIN has_pet AS T2 ON T1.stuid = T2.stuid WHERE T1.lname = 'Smith',1,1
What is the id of the pet owned by the student whose last name is 'Smith'?,medium,SELECT T2.petid FROM student AS T1 JOIN has_pet AS T2 ON T1.stuid  =  T2.stuid WHERE T1.Lname  =  'Smith',SELECT T2.petid FROM student AS T1 JOIN has_pet AS T2 ON T1.stuid = T2.stuid WHERE T1.lname = 'Smith',SELECT T2.petid FROM student AS T1 INNER JOIN has_pet AS T2 ON T1.stuid = T2.stuid WHERE T1.lname = 'Smith',1,1
Find the number of pets for each student who has any pet and student id.,medium,"SELECT count(*) ,  T1.stuid FROM student AS T1 JOIN has_pet AS T2 ON T1.stuid  =  T2.stuid GROUP BY T1.stuid","SELECT T1.fname, T1.lname, T2.petid FROM student AS T1 JOIN has_pet AS T2 ON T1.stuid = T2.stuid","SELECT T1.fname, T1.lname, COUNT(T2.petid) FROM student AS T1 LEFT JOIN has_pet AS T2 ON T1.stuid = T2.stuid GROUP BY T1.stuid",0,0
"For students who have pets , how many pets does each student have ? list their ids instead of names .",medium,"select count(*) ,  t1.stuid from student as t1 join has_pet as t2 on t1.stuid  =  t2.stuid group by t1.stuid","SELECT T1.stuid ,  count(*) FROM student AS T1 JOIN has_pet AS T2 ON T1.stuid  =  T2.stuid GROUP BY T1.stuid","SELECT T1.stuid ,  COUNT(*) FROM student AS T1 INNER JOIN has_pet AS T2 ON T1.stuid = T2.stuid GROUP BY T1.stuid",0,0
Find the first name and gender of student who have more than one pet.,medium,"SELECT T1.fname ,  T1.sex FROM student AS T1 JOIN has_pet AS T2 ON T1.stuid  =  T2.stuid GROUP BY T1.stuid HAVING count(*)  >  1","SELECT T1.fname ,  T1.sex FROM student AS T1 JOIN has_pet AS T2 ON T1.stuid  =  T2.stuid GROUP BY T1.stuid HAVING COUNT(*)  >  1","SELECT T1.fname, T1.sex FROM student AS T1 INNER JOIN has_pet AS T2 ON T1.stuid = T2.stuid GROUP BY T1.stuid HAVING COUNT(*) > 1",1,1
What is the first name and gender of the all the students who have more than one pet?,medium,"SELECT T1.fname ,  T1.sex FROM student AS T1 JOIN has_pet AS T2 ON T1.stuid  =  T2.stuid GROUP BY T1.stuid HAVING count(*)  >  1",Select the first name and gender of the students who have more than one pet.  External Knowledge: ,"SELECT T1.fname, T1.sex FROM student AS T1 INNER JOIN has_pet AS T2 ON T1.stuid = T2.stuid GROUP BY T1.stuid HAVING COUNT(*) > 1",0,1
Find the last name of the student who has a cat that is age 3.,hard,SELECT T1.lname FROM student AS T1 JOIN has_pet AS T2 ON T1.stuid  =  T2.stuid JOIN pets AS T3 ON T3.petid  =  T2.petid WHERE T3.pet_age  =  3 AND T3.pettype  =  'cat',SELECT T1.lname FROM student AS T1 JOIN has_pet AS T2 ON T1.stuid = T2.stuid JOIN pets AS T3 ON T2.petid = T3.petid WHERE T3.pettype = 'cat' AND T3.pet_age = 3,SELECT T1.lname FROM student AS T1 JOIN has_pet AS T2 ON T1.stuid = T2.stuid JOIN pets AS T3 ON T2.petid = T3.petid WHERE T3.pettype = 'cat' AND T3.pet_age = 3,1,1
What is the last name of the student who has a cat that is 3 years old?,hard,SELECT T1.lname FROM student AS T1 JOIN has_pet AS T2 ON T1.stuid  =  T2.stuid JOIN pets AS T3 ON T3.petid  =  T2.petid WHERE T3.pet_age  =  3 AND T3.pettype  =  'cat',SELECT T1.lname FROM student AS T1 JOIN has_pet AS T2 ON T1.stuid = T2.stuid JOIN pets AS T3 ON T2.petid = T3.petid WHERE T3.pettype = 'cat' AND T3.pet_age = 3,SELECT T1.lname FROM student AS T1 JOIN has_pet AS T2 ON T1.stuid = T2.stuid JOIN pets AS T3 ON T2.petid = T3.petid WHERE T3.pettype = 'cat' AND T3.pet_age = 3,1,1
Find the average age of students who do not have any pet .,extra,select avg(age) from student where stuid not in (select stuid from has_pet),SELECT avg(age) FROM student WHERE stuid NOT IN ( SELECT stuid FROM has_pet ) ,SELECT AVG(age) FROM student WHERE stuid NOT IN (SELECT stuid FROM has_pet),1,1
What is the average age for all students who do not own any pets ?,extra,select avg(age) from student where stuid not in (select stuid from has_pet),SELECT avg(age) FROM student WHERE stuid NOT IN ( SELECT stuid FROM has_pet ) ,SELECT AVG(age) FROM student WHERE stuid NOT IN (SELECT stuid FROM has_pet)  Step-by-Step Sub-Questions: 1. Which students own pets? 2. Which students do not own pets? 3. What is the average age of students who do not own pets?,1,0
How many continents are there?,easy,SELECT count(*) FROM CONTINENTS;,NULL,SELECT COUNT(contid) FROM continents,0,1
What is the number of continents?,easy,SELECT count(*) FROM CONTINENTS;,SELECT COUNT(contid) FROM continents,SELECT COUNT(contid) FROM continents,1,1
"How many countries does each continent have? List the continent id, continent name and the number of countries.",medium,"SELECT T1.ContId ,  T1.Continent ,  count(*) FROM CONTINENTS AS T1 JOIN COUNTRIES AS T2 ON T1.ContId  =  T2.Continent GROUP BY T1.ContId;","SELECT T1.contid, T1.continent, COUNT(T2.countryid) FROM continents AS T1 JOIN countries AS T2 ON T1.contid = T2.continent GROUP BY T1.contid, T1.continent","SELECT T1.contid, T1.continent, COUNT(T2.countryid) FROM continents AS T1 INNER JOIN countries AS T2 ON T1.contid = T2.continent GROUP BY T1.contid, T1.continent",1,1
"For each continent, list its id, name, and how many countries it has?",medium,"SELECT T1.ContId ,  T1.Continent ,  count(*) FROM CONTINENTS AS T1 JOIN COUNTRIES AS T2 ON T1.ContId  =  T2.Continent GROUP BY T1.ContId;","SELECT T1.contid, T1.continent, COUNT(T2.countryid) FROM continents AS T1 LEFT JOIN countries AS T2 ON T1.contid = T2.continent GROUP BY T1.contid, T1.continent","SELECT T1.contid, T1.continent, COUNT(T2.countryid) FROM continents AS T1 INNER JOIN countries AS T2 ON T1.contid = T2.continent GROUP BY T1.contid, T1.continent",1,1
How many countries are listed?,easy,SELECT count(*) FROM COUNTRIES;,NULL,SELECT COUNT(*) FROM countries  Step-by-Step Sub-Questions: 1. What table contains information about countries? 2. How many rows are in this table?,0,0
How many countries exist?,easy,SELECT count(*) FROM COUNTRIES;,SELECT COUNT(*) FROM countries,SELECT COUNT(*) FROM countries,1,1
"How many models does each car maker produce? List maker full name, id and the number.",medium,"SELECT T1.FullName ,  T1.Id ,  count(*) FROM CAR_MAKERS AS T1 JOIN MODEL_LIST AS T2 ON T1.Id  =  T2.Maker GROUP BY T1.Id;","SELECT T1.maker, T1.id, COUNT(*) FROM car_makers AS T1 JOIN model_list AS T2 ON T1.id = T2.maker GROUP BY T1.id","SELECT T1.maker, T1.id, COUNT(T2.model) FROM car_makers AS T1 INNER JOIN model_list AS T2 ON T1.id = T2.maker GROUP BY T1.id",0,0
"What is the full name of each car maker, along with its id and how many models it produces?",medium,"SELECT T1.FullName ,  T1.Id ,  count(*) FROM CAR_MAKERS AS T1 JOIN MODEL_LIST AS T2 ON T1.Id  =  T2.Maker GROUP BY T1.Id;","SELECT T1.id, T1.maker, T1.fullname, COUNT(*) FROM car_makers AS T1 JOIN model_list AS T2 ON T1.id = T2.maker GROUP BY T1.id, T1.maker, T1.fullname","SELECT T1.maker, T1.id, COUNT(T2.model) FROM car_makers AS T1 INNER JOIN model_list AS T2 ON T1.id = T2.maker GROUP BY T1.id",0,0
Which model of the car has the minimum horsepower?,hard,SELECT T1.Model FROM CAR_NAMES AS T1 JOIN CARS_DATA AS T2 ON T1.MakeId  =  T2.Id ORDER BY T2.horsepower ASC LIMIT 1;,SELECT model FROM model_list ORDER BY horsepower ASC LIMIT 1,SELECT T1.model FROM model_list AS T1 INNER JOIN cars_data AS T2 ON T1.maker = T2.maker WHERE T2.horsepower = (SELECT MIN(horsepower) FROM cars_data),0,0
What is the model of the car with the smallest amount of horsepower?,hard,SELECT T1.Model FROM CAR_NAMES AS T1 JOIN CARS_DATA AS T2 ON T1.MakeId  =  T2.Id ORDER BY T2.horsepower ASC LIMIT 1;,SELECT model FROM car_names WHERE makeid = (SELECT makeid FROM cars_data ORDER BY horsepower ASC LIMIT 1),SELECT T1.model FROM model_list AS T1 INNER JOIN cars_data AS T2 ON T1.maker = T2.maker WHERE T2.horsepower = (SELECT MIN(horsepower) FROM cars_data),0,0
Find the model of the car whose weight is below the average weight.,extra,SELECT T1.model FROM CAR_NAMES AS T1 JOIN CARS_DATA AS T2 ON T1.MakeId  =  T2.Id WHERE T2.Weight  <  (SELECT avg(Weight) FROM CARS_DATA),SELECT model FROM model_list WHERE weight < ( SELECT AVG(weight) FROM cars_data ) ,SELECT T2.model FROM cars_data AS T1 INNER JOIN model_list AS T2 ON T1.maker = T2.maker WHERE T1.weight < (SELECT AVG(weight) FROM cars_data),0,0
What is the model for the car with a weight smaller than the average?,extra,SELECT T1.model FROM CAR_NAMES AS T1 JOIN CARS_DATA AS T2 ON T1.MakeId  =  T2.Id WHERE T2.Weight  <  (SELECT avg(Weight) FROM CARS_DATA),SELECT model FROM car_names WHERE makeid IN ( SELECT makeid FROM cars_data WHERE weight < ( SELECT AVG(weight) FROM cars_data ) ) LIMIT 1,SELECT T2.model FROM cars_data AS T1 INNER JOIN model_list AS T2 ON T1.maker = T2.maker WHERE T1.weight < (SELECT AVG(weight) FROM cars_data),0,0
Find the name of the makers that produced some cars in the year of 1970?,extra,SELECT DISTINCT T1.Maker FROM CAR_MAKERS AS T1 JOIN MODEL_LIST AS T2 ON T1.Id  =  T2.Maker JOIN CAR_NAMES AS T3 ON T2.model  =  T3.model JOIN CARS_DATA AS T4 ON T3.MakeId  =  T4.id WHERE T4.year  =  '1970';,SELECT T1.maker FROM car_makers AS T1 JOIN cars_data AS T2 ON T1.id = T2.makeid WHERE T2.year = 1970 GROUP BY T1.maker,SELECT T1.maker FROM car_makers AS T1 INNER JOIN cars_data AS T2 ON T1.id = T2.makeid WHERE T2.year = 1970 GROUP BY T1.maker  Step-by-Step Sub-Questions: . What makers produced cars in the year 1970? 2. How can we identify the makers based on the cars they produced? 3. What information do we need to filter the cars by year? 4. How should we group the results to ensure each maker is listed only once? 5. What columns in the `car_makers` table contain the maker names?,0,0
What is the name of the different car makers who produced a car in 1970?,extra,SELECT DISTINCT T1.Maker FROM CAR_MAKERS AS T1 JOIN MODEL_LIST AS T2 ON T1.Id  =  T2.Maker JOIN CAR_NAMES AS T3 ON T2.model  =  T3.model JOIN CARS_DATA AS T4 ON T3.MakeId  =  T4.id WHERE T4.year  =  '1970';,SELECT DISTINCT T1.maker FROM car_makers AS T1 INNER JOIN cars_data AS T2 ON T1.id = T2.makeid WHERE T2.year = 1970,SELECT DISTINCT T1.maker FROM car_makers AS T1 INNER JOIN cars_data AS T2 ON T1.id = T2.makeid WHERE T2.year = 1970,0,0
Find the make and production time of the cars that were produced in the earliest year?,extra,"SELECT T2.Make ,  T1.Year FROM CARS_DATA AS T1 JOIN CAR_NAMES AS T2 ON T1.Id  =  T2.MakeId WHERE T1.Year  =  (SELECT min(YEAR) FROM CARS_DATA);","SELECT T1.make, T1.year FROM car_names AS T1 JOIN cars_data AS T2 ON T1.makeid = T2.id ORDER BY T2.year ASC LIMIT 1","SELECT T1.make, T2.year FROM car_names AS T1 INNER JOIN cars_data AS T2 ON T1.makeid = T2.id ORDER BY T2.year ASC LIMIT 1  Step-by-Step Sub-Questions: 1. What are the makes of the cars? 2. What are the production years of the cars? 3. How can we join the car names with the car data to get both make and production year? 4. How do we sort the cars by their production year in ascending order? 5. How do we limit the result to the car produced in the earliest year?",0,0
What is the maker of the carr produced in the earliest year and what year was it?,extra,"SELECT T2.Make ,  T1.Year FROM CARS_DATA AS T1 JOIN CAR_NAMES AS T2 ON T1.Id  =  T2.MakeId WHERE T1.Year  =  (SELECT min(YEAR) FROM CARS_DATA);",NULL,"SELECT T1.maker, T1.year FROM model_list AS T1 INNER JOIN cars_data AS T2 ON T1.modelid = T2.model WHERE T2.year = (SELECT MIN(year) FROM cars_data)",0,0
Which distinct car models are the produced after 1980?,hard,SELECT DISTINCT T1.model FROM MODEL_LIST AS T1 JOIN CAR_NAMES AS T2 ON T1.model  =  T2.model JOIN CARS_DATA AS T3 ON T2.MakeId  =  T3.id WHERE T3.year  >  1980;,SELECT DISTINCT T1.model FROM model_list AS T1 INNER JOIN cars_data AS T2 ON T1.maker = T2.maker WHERE T2.year > 1980,SELECT DISTINCT T1.model FROM model_list AS T1 INNER JOIN cars_data AS T2 ON T1.maker = T2.maker WHERE T2.year > 1980,0,0
What are the different models for the cards produced after 1980?,hard,SELECT DISTINCT T1.model FROM MODEL_LIST AS T1 JOIN CAR_NAMES AS T2 ON T1.model  =  T2.model JOIN CARS_DATA AS T3 ON T2.MakeId  =  T3.id WHERE T3.year  >  1980;,SELECT DISTINCT T1.model FROM model_list AS T1 INNER JOIN car_names AS T2 ON T1.modelid = T2.modelid INNER JOIN cars_data AS T3 ON T2.makeid = T3.id WHERE T3.year > 1980,"SELECT DISTINCT T2.model FROM cars_data AS T1 INNER JOIN model_list AS T2 ON T1.maker = T2.maker WHERE T1.year > 1980  Step-by-Step Sub-Questions: . What cars were produced after 1980? 2. For each of these cars, what are the models? 3. List the distinct models among these cars.",0,0
How many car makers are there in each continents? List the continent name and the count.,hard,"SELECT T1.Continent ,  count(*) FROM CONTINENTS AS T1 JOIN COUNTRIES AS T2 ON T1.ContId  =  T2.continent JOIN car_makers AS T3 ON T2.CountryId  =  T3.Country GROUP BY T1.Continent;","SELECT T2.continent, COUNT(T1.id) FROM car_makers AS T1 JOIN countries AS T2 ON T1.country = T2.countryid GROUP BY T2.continent","SELECT T2.continent, COUNT(T1.id) FROM car_makers AS T1 INNER JOIN countries AS T2 ON T1.country = T2.countryid GROUP BY T2.continent",0,0
What is the name of each continent and how many car makers are there in each one?,hard,"SELECT T1.Continent ,  count(*) FROM CONTINENTS AS T1 JOIN COUNTRIES AS T2 ON T1.ContId  =  T2.continent JOIN car_makers AS T3 ON T2.CountryId  =  T3.Country GROUP BY T1.Continent;","SELECT T1.continent, COUNT(T2.country) FROM continents AS T1 JOIN car_makers AS T2 ON T1.contid = T2.country GROUP BY T1.contid","SELECT T1.continent, COUNT(T2.id) FROM continents AS T1 INNER JOIN car_makers AS T2 ON T1.contid = T2.country GROUP BY T1.contid",0,0
Which of the countries has the most car makers? List the country name.,extra,SELECT T2.CountryName FROM CAR_MAKERS AS T1 JOIN COUNTRIES AS T2 ON T1.Country  =  T2.CountryId GROUP BY T1.Country ORDER BY Count(*) DESC LIMIT 1;,SELECT T1.countryname FROM countries AS T1 JOIN car_makers AS T2 ON T1.countryid = T2.country GROUP BY T1.countryname ORDER BY COUNT(T2.id) DESC LIMIT 1,SELECT T2.countryname FROM car_makers AS T1 INNER JOIN countries AS T2 ON T1.country = T2.countryid GROUP BY T2.countryid ORDER BY COUNT(T1.id) DESC LIMIT 1,1,1
What is the name of the country with the most car makers?,extra,SELECT T2.CountryName FROM CAR_MAKERS AS T1 JOIN COUNTRIES AS T2 ON T1.Country  =  T2.CountryId GROUP BY T1.Country ORDER BY Count(*) DESC LIMIT 1;,NULL,SELECT T1.countryname FROM countries AS T1 INNER JOIN car_makers AS T2 ON T1.countryid = T2.country GROUP BY T1.countryname ORDER BY COUNT(*) DESC LIMIT 1  Step-by-Step Sub-Questions: 1. Which countries have car makers? 2. How many car makers are in each country? 3. Which country has the highest number of car makers? 4. What is the name of this country?,0,0
How many car models are produced by each maker ? Only list the count and the maker full name .,medium,"select count(*) ,  t2.fullname from model_list as t1 join car_makers as t2 on t1.maker  =  t2.id group by t2.id;","SELECT maker, COUNT(*) FROM model_list GROUP BY maker","SELECT T1.maker, T1.fullname, COUNT(T2.model) FROM car_makers AS T1 INNER JOIN model_list AS T2 ON T1.id = T2.maker GROUP BY T1.maker, T1.fullname",0,0
What is the number of car models that are produced by each maker and what is the id and full name of each maker?,medium,"SELECT Count(*) ,  T2.FullName ,  T2.id FROM MODEL_LIST AS T1 JOIN CAR_MAKERS AS T2 ON T1.Maker  =  T2.Id GROUP BY T2.id;","SELECT T1.maker, T1.id, T1.fullname, COUNT(*) FROM car_makers AS T1 JOIN model_list AS T2 ON T1.id = T2.maker GROUP BY T1.maker, T1.id, T1.fullname","SELECT T1.maker, T1.id, T1.fullname, COUNT(T2.model) FROM car_makers AS T1 LEFT JOIN model_list AS T2 ON T1.id = T2.maker GROUP BY T1.maker, T1.id, T1.fullname",0,0
What is the accelerate of the car make amc hornet sportabout (sw)?,medium,SELECT T1.Accelerate FROM CARS_DATA AS T1 JOIN CAR_NAMES AS T2 ON T1.Id  =  T2.MakeId WHERE T2.Make  =  'amc hornet sportabout (sw)';,NULL,NULL,0,0
How much does the car accelerate that makes amc hornet sportabout (sw)?,medium,SELECT T1.Accelerate FROM CARS_DATA AS T1 JOIN CAR_NAMES AS T2 ON T1.Id  =  T2.MakeId WHERE T2.Make  =  'amc hornet sportabout (sw)';,NULL,NULL,0,0
How many car makers are there in france?,medium,SELECT count(*) FROM CAR_MAKERS AS T1 JOIN COUNTRIES AS T2 ON T1.Country  =  T2.CountryId WHERE T2.CountryName  =  'france';,NULL,SELECT COUNT(*) FROM car_makers WHERE country = 'France',0,0
What is the number of makers of care in France?,medium,SELECT count(*) FROM CAR_MAKERS AS T1 JOIN COUNTRIES AS T2 ON T1.Country  =  T2.CountryId WHERE T2.CountryName  =  'france';,NULL,SELECT COUNT(DISTINCT T1.maker) FROM car_makers AS T1 INNER JOIN countries AS T2 ON T1.country = T2.countryid WHERE T2.countryname = 'France',0,0
How many car models are produced in the usa?,hard,SELECT count(*) FROM MODEL_LIST AS T1 JOIN CAR_MAKERS AS T2 ON T1.Maker  =  T2.Id JOIN COUNTRIES AS T3 ON T2.Country  =  T3.CountryId WHERE T3.CountryName  =  'usa';,NULL,SELECT COUNT(*) FROM car_makers AS T1 INNER JOIN model_list AS T2 ON T1.id = T2.maker WHERE T1.country = 'usa',0,0
What is the count of the car models produced in the United States?,hard,SELECT count(*) FROM MODEL_LIST AS T1 JOIN CAR_MAKERS AS T2 ON T1.Maker  =  T2.Id JOIN COUNTRIES AS T3 ON T2.Country  =  T3.CountryId WHERE T3.CountryName  =  'usa';,NULL,SELECT COUNT(*) FROM car_makers AS T1 INNER JOIN model_list AS T2 ON T1.id = T2.maker WHERE T1.country = 'United States',0,0
What is the average miles per gallon(mpg) of the cars with 4 cylinders?,easy,SELECT avg(mpg) FROM CARS_DATA WHERE Cylinders  =  4;,SELECT AVG(mpg) FROM cars_data WHERE cylinders = 4,SELECT AVG(mpg) FROM cars_data WHERE cylinders = 4,1,1
What is the average miles per gallon of all the cards with 4 cylinders?,easy,SELECT avg(mpg) FROM CARS_DATA WHERE Cylinders  =  4;,SELECT AVG(mpg) FROM cars_data WHERE cylinders = 4,SELECT AVG(mpg) FROM cars_data WHERE cylinders = 4,1,1
What is the smallest weight of the car produced with 8 cylinders on 1974 ?,medium,select min(weight) from cars_data where cylinders  =  8 and year  =  1974,SELECT min(weight) FROM cars_data WHERE cylinders = 8 AND year = 1974,SELECT MIN(weight) FROM cars_data WHERE cylinders = 8 AND year = 1974,1,1
What is the minimum weight of the car with 8 cylinders produced in 1974 ?,medium,select min(weight) from cars_data where cylinders  =  8 and year  =  1974,SELECT min(weight) FROM cars_data WHERE cylinders = 8 AND year = 1974,SELECT MIN(T1.weight) FROM cars_data AS T1 INNER JOIN car_names AS T2 ON T1.id = T2.makeid WHERE T1.cylinders = 8 AND T1.year = 1974,1,1
What are all the makers and models?,medium,"SELECT Maker ,  Model FROM MODEL_LIST;","SELECT maker, model FROM model_list","SELECT maker, model FROM model_list  Step-by-Step Sub-Questions: . What table contains information about car makers and models? 2. Which columns in this table store the maker and model information? 3. How can we retrieve the maker and model information from this table?",1,0
What are the makers and models?,medium,"SELECT Maker ,  Model FROM MODEL_LIST;","SELECT maker, model FROM model_list","SELECT maker, model FROM model_list  Step-by-Step Sub-Questions: . What table contains information about car makers and models? 2. Which columns in this table store the maker and model information? 3. How can we select the maker and model columns from the table?",1,0
What are the countries having at least one car maker? List name and id.,medium,"SELECT T1.CountryName ,  T1.CountryId FROM COUNTRIES AS T1 JOIN CAR_MAKERS AS T2 ON T1.CountryId  =  T2.Country GROUP BY T1.CountryId HAVING count(*)  >=  1;","SELECT T1.countryname, T1.countryid FROM countries AS T1 JOIN car_makers AS T2 ON T1.countryid = T2.country GROUP BY T1.countryid HAVING COUNT(T2.id) >= 1","SELECT T1.country, T1.id FROM car_makers AS T1 INNER JOIN countries AS T2 ON T1.country = T2.countryid GROUP BY T1.country HAVING COUNT(*) >= 1",1,0
What are the names and ids of all countries with at least one car maker?,medium,"SELECT T1.CountryName ,  T1.CountryId FROM COUNTRIES AS T1 JOIN CAR_MAKERS AS T2 ON T1.CountryId  =  T2.Country GROUP BY T1.CountryId HAVING count(*)  >=  1;","SELECT T1.countryname, T1.countryid FROM countries AS T1 JOIN car_makers AS T2 ON T1.countryid = T2.country GROUP BY T1.countryid HAVING COUNT(T2.id) >= 1","SELECT T1.countryname, T1.countryid FROM countries AS T1 INNER JOIN car_makers AS T2 ON T1.countryid = T2.country GROUP BY T1.countryid HAVING COUNT(T2.id) >= 1",1,1
What is the number of the cars with horsepower more than 150?,easy,SELECT count(*) FROM CARS_DATA WHERE horsepower  >  150;,SELECT COUNT(*) FROM cars_data WHERE horsepower > 150,SELECT COUNT(*) FROM cars_data WHERE horsepower > 150,1,1
What is the number of cars with a horsepower greater than 150?,easy,SELECT count(*) FROM CARS_DATA WHERE horsepower  >  150;,SELECT COUNT(*) FROM cars_data WHERE horsepower > 150,SELECT COUNT(*) FROM cars_data WHERE horsepower > 150,1,1
What is the average weight of cars each year?,medium,"SELECT avg(Weight) ,  YEAR FROM CARS_DATA GROUP BY YEAR;","SELECT AVG(weight), year FROM cars_data GROUP BY year","SELECT AVG(T1.weight), T1.year FROM cars_data AS T1 GROUP BY T1.year  Step-by-Step Sub-Questions: 1. What data are we interested in for each car? 2. How can we group the data to find the average weight per year? 3. What SQL function should we use to calculate the average weight? 4. What column should we group by to get the average weight for each year?",1,0
What is the average weight and year for each year?,medium,"SELECT avg(Weight) ,  YEAR FROM CARS_DATA GROUP BY YEAR;","SELECT AVG(weight), year FROM cars_data GROUP BY year","SELECT AVG(weight), year FROM cars_data GROUP BY year",1,1
Which countries in europe have at least 3 car manufacturers?,extra,SELECT T1.CountryName FROM COUNTRIES AS T1 JOIN CONTINENTS AS T2 ON T1.Continent  =  T2.ContId JOIN CAR_MAKERS AS T3 ON T1.CountryId  =  T3.Country WHERE T2.Continent  =  'europe' GROUP BY T1.CountryName HAVING count(*)  >=  3;,"Select the countryname from the countries table where the continent is 'Europe' and the countryid is in a subquery that counts the number of car manufacturers per country, filtering for those with at least 3 manufacturers.  SQLite Query: SELECT T1.countryname FROM countries AS T1 WHERE T1.continent = 'Europe' AND T1.countryid IN ( SELECT T2.countryid FROM car_makers AS T2 GROUP BY T2.countryid HAVING COUNT(T2.countryid) >= 3 ) ",SELECT T2.countryname FROM car_makers AS T1 INNER JOIN countries AS T2 ON T1.country = T2.countryid WHERE T2.continent = 'Europe' GROUP BY T2.countryname HAVING COUNT(T1.id) >= 3,0,0
What are the names of all European countries with at least 3 manufacturers?,extra,SELECT T1.CountryName FROM COUNTRIES AS T1 JOIN CONTINENTS AS T2 ON T1.Continent  =  T2.ContId JOIN CAR_MAKERS AS T3 ON T1.CountryId  =  T3.Country WHERE T2.Continent  =  'europe' GROUP BY T1.CountryName HAVING count(*)  >=  3;,SELECT T1.countryname FROM countries AS T1 JOIN car_makers AS T2 ON T1.countryid = T2.country WHERE T1.continent = 'Europe' GROUP BY T1.countryname HAVING COUNT(T2.id) >= 3,SELECT T2.countryname FROM car_makers AS T1 INNER JOIN countries AS T2 ON T1.country = T2.countryid WHERE T2.continent = 'Europe' GROUP BY T2.countryid HAVING COUNT(T1.id) >= 3,0,0
What is the maximum horsepower and the make of the car models with 3 cylinders?,extra,"SELECT T2.horsepower ,  T1.Make FROM CAR_NAMES AS T1 JOIN CARS_DATA AS T2 ON T1.MakeId  =  T2.Id WHERE T2.cylinders  =  3 ORDER BY T2.horsepower DESC LIMIT 1;","SELECT MAX(T1.horsepower), T2.make FROM cars_data AS T1 INNER JOIN car_names AS T2 ON T1.id = T2.makeid WHERE T1.cylinders = 3","SELECT MAX(T1.horsepower), T2.make FROM cars_data AS T1 INNER JOIN car_names AS T2 ON T1.makeid = T2.makeid WHERE T1.cylinders = 3 GROUP BY T2.make  Step-by-Step Sub-Questions: 1. What car models have 3 cylinders? 2. For each of these models, what is the horsepower? 3. What is the make of each of these models? 4. What is the maximum horsepower among these models? 5. Group the results by the make of the car models.",1,0
What is the largest amount of horsepower for the models with 3 cylinders and what make is it?,extra,"SELECT T2.horsepower ,  T1.Make FROM CAR_NAMES AS T1 JOIN CARS_DATA AS T2 ON T1.MakeId  =  T2.Id WHERE T2.cylinders  =  3 ORDER BY T2.horsepower DESC LIMIT 1;","SELECT T1.horsepower, T2.make FROM cars_data AS T1 INNER JOIN car_names AS T2 ON T1.id = T2.makeid WHERE T1.cylinders = 3 ORDER BY T1.horsepower DESC LIMIT 1","SELECT T1.model, T1.make FROM car_names AS T1 INNER JOIN model_list AS T2 ON T1.modelid = T2.modelid WHERE T2.cylinders = 3 ORDER BY T1.horsepower DESC LIMIT 1",1,0
"Which model saves the most gasoline? That is to say, have the maximum miles per gallon.",hard,SELECT T1.Model FROM CAR_NAMES AS T1 JOIN CARS_DATA AS T2 ON T1.MakeId  =  T2.Id ORDER BY T2.mpg DESC LIMIT 1;,SELECT model FROM model_list ORDER BY mpg DESC LIMIT 1,SELECT model FROM model_list WHERE mpg = (SELECT MAX(mpg) FROM cars_data),0,0
What is the car model with the highest mpg ?,hard,select t1.model from car_names as t1 join cars_data as t2 on t1.makeid  =  t2.id order by t2.mpg desc limit 1;,SELECT model FROM model_list ORDER BY mpg DESC LIMIT 1,"SELECT T1.model FROM model_list AS T1 INNER JOIN cars_data AS T2 ON T1.modelid = T2.modelid ORDER BY T2.mpg DESC LIMIT 1  Step-by-Step Sub-Questions: . What car models are available in the database? 2. Among these models, which ones have the highest mpg? 3. How can we order the car models by their mpg in descending order? 4. Which car model has the highest mpg? 5. What is the name of this car model?",0,0
What is the average horsepower of the cars before 1980?,easy,SELECT avg(horsepower) FROM CARS_DATA WHERE YEAR  <  1980;,SELECT AVG(horsepower) FROM cars_data WHERE year < 1980,SELECT AVG(horsepower) FROM cars_data WHERE year < 1980,1,1
What is the average horsepower for all cars produced before 1980 ?,easy,select avg(horsepower) from cars_data where year  <  1980;,SELECT AVG(horsepower) FROM cars_data WHERE year < 1980,SELECT AVG(horsepower) FROM cars_data WHERE year < 1980  Step-by-Step Sub-Questions: . What is the table that contains information about cars? 2. What column in the table contains the horsepower of the cars? 3. What column in the table contains the year the cars were produced? 4. What condition should be applied to the year column to filter cars produced before 1980? 5. What function should be used to calculate the average horsepower of the filtered cars?,1,0
What is the average edispl of the cars of model volvo?,medium,SELECT avg(T2.edispl) FROM CAR_NAMES AS T1 JOIN CARS_DATA AS T2 ON T1.MakeId  =  T2.Id WHERE T1.Model  =  'volvo';,SELECT AVG(T1.edispl) FROM cars_data AS T1 INNER JOIN car_names AS T2 ON T1.id = T2.makeid WHERE T2.model = 'volvo',SELECT AVG(T1.edispl) FROM cars_data AS T1 INNER JOIN car_names AS T2 ON T1.makeid = T2.makeid WHERE T2.model = 'volvo',1,0
What is the average edispl for all volvos?,medium,SELECT avg(T2.edispl) FROM CAR_NAMES AS T1 JOIN CARS_DATA AS T2 ON T1.MakeId  =  T2.Id WHERE T1.Model  =  'volvo';,SELECT AVG(T1.edispl) FROM cars_data AS T1 INNER JOIN car_names AS T2 ON T1.id = T2.makeid WHERE T2.make = 'volvo',SELECT AVG(T1.edispl) FROM cars_data AS T1 INNER JOIN car_makers AS T2 ON T1.makeid = T2.id WHERE T2.maker = 'volvo',0,0
What is the maximum accelerate for different number of cylinders?,medium,"SELECT max(Accelerate) ,  Cylinders FROM CARS_DATA GROUP BY Cylinders;","SELECT max(accelerate), cylinders FROM cars_data GROUP BY cylinders","SELECT max(accelerate), cylinders FROM cars_data GROUP BY cylinders",1,1
What is the maximum accelerate for all the different cylinders?,medium,"SELECT max(Accelerate) ,  Cylinders FROM CARS_DATA GROUP BY Cylinders;","SELECT max(accelerate) ,  cylinders FROM cars_data GROUP BY cylinders","SELECT MAX(accelerate), cylinders FROM cars_data GROUP BY cylinders",1,1
Which model has the most version(make) of cars?,hard,SELECT Model FROM CAR_NAMES GROUP BY Model ORDER BY count(*) DESC LIMIT 1;,SELECT model FROM car_names GROUP BY model ORDER BY COUNT(DISTINCT make) DESC LIMIT 1,SELECT T1.model FROM model_list AS T1 INNER JOIN car_names AS T2 ON T1.modelid = T2.model GROUP BY T1.model ORDER BY COUNT(*) DESC LIMIT 1,1,0
What model has the most different versions?,hard,SELECT Model FROM CAR_NAMES GROUP BY Model ORDER BY count(*) DESC LIMIT 1;,NULL,SELECT T1.model FROM model_list AS T1 INNER JOIN car_names AS T2 ON T1.modelid = T2.modelid GROUP BY T1.model ORDER BY COUNT(DISTINCT T2.make) DESC LIMIT 1,0,0
How many cars have more than 4 cylinders?,easy,SELECT count(*) FROM CARS_DATA WHERE Cylinders  >  4;,SELECT COUNT(*) FROM cars_data WHERE cylinders > 4,SELECT COUNT(*) FROM cars_data WHERE cylinders > 4,1,1
What is the number of cars with more than 4 cylinders?,easy,SELECT count(*) FROM CARS_DATA WHERE Cylinders  >  4;,SELECT COUNT(*) FROM cars_data WHERE cylinders > 4,SELECT COUNT(*) FROM cars_data WHERE cylinders > 4,1,1
how many cars were produced in 1980?,easy,SELECT count(*) FROM CARS_DATA WHERE YEAR  =  1980;,NULL,SELECT COUNT(*) FROM cars_data WHERE year = 1980,0,1
"In 1980, how many cars were made?",easy,SELECT count(*) FROM CARS_DATA WHERE YEAR  =  1980;,NULL,SELECT COUNT(*) FROM cars_data WHERE year = 1980,0,1
How many car models were produced by the maker with full name American Motor Company?,medium,SELECT count(*) FROM CAR_MAKERS AS T1 JOIN MODEL_LIST AS T2 ON T1.Id  =  T2.Maker WHERE T1.FullName  =  'American Motor Company';,NULL,SELECT COUNT(*) FROM car_makers AS T1 INNER JOIN model_list AS T2 ON T1.id = T2.maker WHERE T1.fullname = 'American Motor Company',0,1
What is the number of car models created by the car maker American Motor Company?,medium,SELECT count(*) FROM CAR_MAKERS AS T1 JOIN MODEL_LIST AS T2 ON T1.Id  =  T2.Maker WHERE T1.FullName  =  'American Motor Company';,NULL,SELECT COUNT(*) FROM car_makers AS T1 INNER JOIN model_list AS T2 ON T1.id = T2.maker WHERE T1.maker = 'American Motor Company',0,0
Which makers designed more than 3 car models? List full name and the id.,medium,"SELECT T1.FullName ,  T1.Id FROM CAR_MAKERS AS T1 JOIN MODEL_LIST AS T2 ON T1.Id  =  T2.Maker GROUP BY T1.Id HAVING count(*)  >  3;","SELECT maker, fullname, id FROM car_makers WHERE id IN ( SELECT maker FROM model_list GROUP BY maker HAVING COUNT(model) > 3 ) ",NULL,0,0
What are the names and ids of all makers with more than 3 models?,medium,"SELECT T1.FullName ,  T1.Id FROM CAR_MAKERS AS T1 JOIN MODEL_LIST AS T2 ON T1.Id  =  T2.Maker GROUP BY T1.Id HAVING count(*)  >  3;","SELECT maker, id FROM car_makers WHERE id IN ( SELECT maker FROM model_list GROUP BY maker HAVING COUNT(model) > 3 ) ","SELECT maker, id FROM car_makers WHERE id IN (SELECT maker FROM model_list GROUP BY maker HAVING COUNT(model) > 3)",0,0
Which distinctive models are produced by maker with the full name General Motors or weighing more than 3500?,extra,SELECT DISTINCT T2.Model FROM CAR_NAMES AS T1 JOIN MODEL_LIST AS T2 ON T1.Model  =  T2.Model JOIN CAR_MAKERS AS T3 ON T2.Maker  =  T3.Id JOIN CARS_DATA AS T4 ON T1.MakeId  =  T4.Id WHERE T3.FullName  =  'General Motors' OR T4.weight  >  3500;,SELECT DISTINCT T1.model FROM model_list AS T1 INNER JOIN cars_data AS T2 ON T1.maker = T2.maker WHERE T1.maker = 'General Motors' OR T2.weight > 3500,SELECT DISTINCT T1.model FROM model_list AS T1 INNER JOIN car_names AS T2 ON T1.modelid = T2.modelid WHERE T2.make = 'General Motors' OR T1.edispl > 3500,0,0
What are the different models created by either the car maker General Motors or weighed more than 3500?,extra,SELECT DISTINCT T2.Model FROM CAR_NAMES AS T1 JOIN MODEL_LIST AS T2 ON T1.Model  =  T2.Model JOIN CAR_MAKERS AS T3 ON T2.Maker  =  T3.Id JOIN CARS_DATA AS T4 ON T1.MakeId  =  T4.Id WHERE T3.FullName  =  'General Motors' OR T4.weight  >  3500;,SELECT DISTINCT T1.model FROM model_list AS T1 JOIN car_names AS T2 ON T1.modelid = T2.modelid WHERE T2.make = 'General Motors' OR T1.edispl > 3500,SELECT DISTINCT T2.model FROM car_makers AS T1 INNER JOIN model_list AS T2 ON T1.id = T2.maker WHERE T1.maker = 'General Motors' OR T2.weight > 3500,0,0
In which years cars were produced weighing no less than 3000 and no more than 4000 ?,easy,select distinct year from cars_data where weight between 3000 and 4000;,"Select the distinct years from the cars_data table where the weight is between 3000 and 4000. To optimize the query, use the BETWEEN operator instead of multiple conditions with AND. ",SELECT DISTINCT year FROM cars_data WHERE weight BETWEEN 3000 AND 4000,0,1
What are the different years in which there were cars produced that weighed less than 4000 and also cars that weighted more than 3000 ?,easy,select distinct year from cars_data where weight between 3000 and 4000;,SELECT DISTINCT year FROM cars_data WHERE weight < 4000 AND weight > 3000,SELECT DISTINCT T1.year FROM cars_data AS T1 WHERE T1.weight < 4000 INTERSECT SELECT DISTINCT T1.year FROM cars_data AS T1 WHERE T1.weight > 3000,1,1
What is the horsepower of the car with the largest accelerate?,medium,SELECT T1.horsepower FROM CARS_DATA AS T1 ORDER BY T1.accelerate DESC LIMIT 1;,SELECT horsepower FROM cars_data ORDER BY accelerate DESC LIMIT 1,SELECT horsepower FROM cars_data ORDER BY accelerate DESC LIMIT 1  Step-by-Step Sub-Questions: 1. What is the horsepower of a car? 2. How can we find the car with the largest accelerate? 3. How do we order the cars by their accelerate value? 4. How do we limit the result to only the car with the largest accelerate? 5. What is the horsepower of the car with the largest accelerate?,1,0
What is the horsepower of the car with the greatest accelerate?,medium,SELECT T1.horsepower FROM CARS_DATA AS T1 ORDER BY T1.accelerate DESC LIMIT 1;,SELECT horsepower FROM cars_data ORDER BY accelerate DESC LIMIT 1,SELECT horsepower FROM cars_data ORDER BY accelerate DESC LIMIT 1  Step-by-Step Sub-Questions: 1. What is the horsepower of cars? 2. What is the acceleration of cars? 3. How can we order cars by their acceleration in descending order? 4. How can we limit the result to the car with the greatest acceleration? 5. What is the horsepower of the car with the greatest acceleration?,1,0
"For model volvo, how many cylinders does the car with the least accelerate have?",extra,SELECT T1.cylinders FROM CARS_DATA AS T1 JOIN CAR_NAMES AS T2 ON T1.Id  =  T2.MakeId WHERE T2.Model  =  'volvo' ORDER BY T1.accelerate ASC LIMIT 1;,NULL,NULL,0,0
"For a volvo model, how many cylinders does the version with least accelerate have?",extra,SELECT T1.cylinders FROM CARS_DATA AS T1 JOIN CAR_NAMES AS T2 ON T1.Id  =  T2.MakeId WHERE T2.Model  =  'volvo' ORDER BY T1.accelerate ASC LIMIT 1;,NULL,NULL,0,0
How many cars have a larger accelerate than the car with the largest horsepower?,hard,SELECT COUNT(*) FROM CARS_DATA WHERE Accelerate  >  ( SELECT Accelerate FROM CARS_DATA ORDER BY Horsepower DESC LIMIT 1 );,NULL,SELECT COUNT(*) FROM cars_data WHERE accelerate > (SELECT MAX(horsepower) FROM cars_data),0,0
What is the number of cars with a greater accelerate than the one with the most horsepower?,hard,SELECT COUNT(*) FROM CARS_DATA WHERE Accelerate  >  ( SELECT Accelerate FROM CARS_DATA ORDER BY Horsepower DESC LIMIT 1 );,NULL,SELECT COUNT(*) FROM cars_data WHERE accelerate > (SELECT MAX(horsepower) FROM cars_data),0,0
How many countries has more than 2 car makers ?,medium,select count(*) from countries as t1 join car_makers as t2 on t1.countryid  =  t2.country group by t1.countryid having count(*)  >  2,SELECT COUNT(*) FROM ( SELECT country FROM car_makers GROUP BY country HAVING COUNT(*) > 2 ) AS T1,SELECT COUNT(*) FROM ( SELECT T1.country FROM car_makers AS T1 INNER JOIN countries AS T2 ON T1.country = T2.countryid GROUP BY T1.country HAVING COUNT(*) > 2 ) AS T3  Step-by-Step Sub-Questions: . What countries have car makers? 2. How many car makers are in each country? 3. Which countries have more than 2 car makers? 4. How many such countries are there?,0,0
What is the number of countries with more than 2 car makers ?,medium,select count(*) from countries as t1 join car_makers as t2 on t1.countryid  =  t2.country group by t1.countryid having count(*)  >  2,SELECT COUNT(*) FROM ( SELECT country FROM car_makers GROUP BY country HAVING COUNT(*) > 2 ) AS T1,SELECT COUNT(*) FROM ( SELECT T1.country FROM car_makers AS T1 INNER JOIN countries AS T2 ON T1.country = T2.countryid GROUP BY T1.country HAVING COUNT(*) > 2 ) AS T3  Step-by-Step Sub-Questions: . What countries have car makers? 2. How many car makers are in each country? 3. Which countries have more than 2 car makers? 4. How many such countries are there?,0,0
How many cars has over 6 cylinders?,easy,SELECT COUNT(*) FROM CARS_DATA WHERE Cylinders  >  6;,SELECT COUNT(*) FROM cars_data WHERE cylinders > 6,SELECT COUNT(*) FROM cars_data WHERE cylinders > 6,1,1
What is the number of carsw ith over 6 cylinders?,easy,SELECT COUNT(*) FROM CARS_DATA WHERE Cylinders  >  6;,SELECT COUNT(*) FROM cars_data WHERE cylinders > 6,SELECT COUNT(*) FROM cars_data WHERE cylinders > 6,1,1
"For the cars with 4 cylinders, which model has the largest horsepower?",extra,SELECT T1.Model FROM CAR_NAMES AS T1 JOIN CARS_DATA AS T2 ON T1.MakeId  =  T2.Id WHERE T2.Cylinders  =  4 ORDER BY T2.horsepower DESC LIMIT 1;,NULL,"SELECT T2.model FROM cars_data AS T1 INNER JOIN model_list AS T2 ON T1.maker = T2.maker WHERE T1.cylinders = 4 ORDER BY T1.horsepower DESC LIMIT 1  Step-by-Step Sub-Questions: 1. What cars have 4 cylinders? 2. Among these cars, which models have the largest horsepower? 3. What is the model name of the car with the largest horsepower?",0,0
"For all of the 4 cylinder cars, which model has the most horsepower?",extra,SELECT T1.Model FROM CAR_NAMES AS T1 JOIN CARS_DATA AS T2 ON T1.MakeId  =  T2.Id WHERE T2.Cylinders  =  4 ORDER BY T2.horsepower DESC LIMIT 1;,NULL,SELECT T2.model FROM cars_data AS T1 INNER JOIN model_list AS T2 ON T1.maker = T2.maker WHERE T1.cylinders = 4 ORDER BY T1.horsepower DESC LIMIT 1,0,0
"Among the cars with more than lowest horsepower, which ones do not have more than 3 cylinders? List the car makeid and make name.",extra,"SELECT T2.MakeId ,  T2.Make FROM CARS_DATA AS T1 JOIN CAR_NAMES AS T2 ON T1.Id  =  T2.MakeId WHERE T1.Horsepower  >  (SELECT min(Horsepower) FROM CARS_DATA) AND T1.Cylinders  <=  3;",Select the car makeid and make name from the car_names table where the car makeid is in the list of car makeids from the cars_data table where the horsepower is greater than the minimum horsepower and the cylinders are less than or equal to 3.  SQLite Query: ,"SELECT T1.makeid, T1.make FROM car_names AS T1 INNER JOIN cars_data AS T2 ON T1.makeid = T2.id WHERE T2.horsepower > ( SELECT MIN(horsepower) FROM cars_data ) AND T2.cylinders <= 3",0,1
"Among the cars that do not have the minimum horsepower , what are the make ids and names of all those with less than 4 cylinders ?",extra,"select t2.makeid ,  t2.make from cars_data as t1 join car_names as t2 on t1.id  =  t2.makeid where t1.horsepower  >  (select min(horsepower) from cars_data) and t1.cylinders  <  4;","SELECT T1.makeid , T1.model FROM car_names AS T1 JOIN cars_data AS T2 ON T1.makeid = T2.id WHERE T2.horsepower > ( SELECT MIN(horsepower) FROM cars_data ) AND T2.cylinders < 4","SELECT T1.makeid, T1.model FROM car_names AS T1 INNER JOIN cars_data AS T2 ON T1.makeid = T2.id WHERE T2.horsepower > ( SELECT MIN(horsepower) FROM cars_data ) AND T2.cylinders < 4",0,0
What is the maximum miles per gallon of the car with 8 cylinders or produced before 1980 ?,medium,select max(mpg) from cars_data where cylinders  =  8 or year  <  1980,SELECT max(mpg) FROM cars_data WHERE cylinders = 8 OR year < 1980,SELECT MAX(mpg) FROM cars_data WHERE cylinders = 8 OR year < 1980,1,1
What is the maximum mpg of the cars that had 8 cylinders or that were produced before 1980 ?,medium,select max(mpg) from cars_data where cylinders  =  8 or year  <  1980,SELECT max(mpg) FROM cars_data WHERE cylinders = 8 OR year < 1980,SELECT MAX(mpg) FROM cars_data WHERE cylinders = 8 OR year < 1980,1,1
Which models are lighter than 3500 but not built by the 'Ford Motor Company'?,extra,SELECT DISTINCT T1.model FROM MODEL_LIST AS T1 JOIN CAR_NAMES AS T2 ON T1.Model  =  T2.Model JOIN CARS_DATA AS T3 ON T2.MakeId  =  T3.Id JOIN CAR_MAKERS AS T4 ON T1.Maker  =  T4.Id WHERE T3.weight  <  3500 AND T4.FullName != 'Ford Motor Company';,SELECT T1.model FROM model_list AS T1 JOIN car_names AS T2 ON T1.modelid = T2.modelid WHERE T2.make = 'Ford Motor Company' AND T1.modelid NOT IN ( SELECT T1.modelid FROM model_list AS T1 JOIN car_names AS T2 ON T1.modelid = T2.modelid WHERE T2.make = 'Ford Motor Company' AND T1.modelid IN ( SELECT T1.modelid FROM model_list AS T1 JOIN car_names AS T2 ON T1.modelid = T2.modelid WHERE T2.make = 'Ford Motor Company' AND T1.modelid IN ( SELECT T1.modelid FROM model_list AS T1 JOIN car_names AS T2 ON T1.modelid = T2.modelid WHERE T2.make = 'Ford Motor Company' AND T1.modelid IN ( SELECT T1.modelid FROM model_list AS T1 JOIN car_names AS T2 ON T1.modelid = T2.modelid WHERE T2.make = 'Ford Motor Company' AND T1.modelid IN ( SELECT T1.modelid FROM model_list AS T1 JOIN car_names AS T2 ON T1.modelid = T2.modelid WHERE T2.make = 'Ford Motor Company' AND T1.modelid IN ( SELECT T1.modelid FROM model_list AS T1 JOIN car_names AS T2 ON T1.modelid = T2.modelid WHERE T2.make = 'Ford Motor Company' AND T1.modelid IN ( SELECT T1.modelid FROM model_list AS T1 JOIN car_names AS T2 ON T1.modelid = T2.modelid WHERE T2.make = 'Ford Motor Company' AND T1.modelid IN ( SELECT T1.modelid FROM model_list AS T1 JOIN car_names AS T2 ON T1.modelid = T2.modelid WHERE T2.make = 'Ford Motor Company' AND T1.modelid IN ( SELECT T1.modelid FROM model_list AS T1 JOIN car_names AS T2 ON T1.modelid = T2.modelid WHERE T2.make = 'Ford Motor Company' AND T1.modelid IN ( SELECT T1.modelid FROM model_list AS T1 JOIN car_names AS T2 ON T1.modelid = T2.modelid WHERE T2.make = 'Ford Motor Company' AND T1.modelid IN ( SELECT T1.modelid FROM model_list AS T1 JOIN car_names AS T2 ON T1.modelid = T2.modelid WHERE T2.make = 'Ford Motor Company' AND T1.modelid IN ( SELECT T1.modelid FROM model_list AS T1 JOIN car_names AS T2 ON T1.modelid = T2.modelid WHERE T2.make = 'Ford Motor Company' AND T1.modelid IN ( SELECT T1.modelid FROM model_list AS T1 JOIN car_names AS T2 ON T1.modelid = T2.modelid WHERE,SELECT T1.model FROM model_list AS T1 INNER JOIN car_names AS T2 ON T1.modelid = T2.modelid WHERE T1.maker != 'Ford Motor Company' AND T2.weight < 3500,0,0
What are the different models wthat are lighter than 3500 but were not built by the Ford Motor Company?,extra,SELECT DISTINCT T1.model FROM MODEL_LIST AS T1 JOIN CAR_NAMES AS T2 ON T1.Model  =  T2.Model JOIN CARS_DATA AS T3 ON T2.MakeId  =  T3.Id JOIN CAR_MAKERS AS T4 ON T1.Maker  =  T4.Id WHERE T3.weight  <  3500 AND T4.FullName != 'Ford Motor Company';,SELECT DISTINCT T1.model FROM model_list AS T1 JOIN car_names AS T2 ON T1.modelid = T2.modelid WHERE T2.make != 'Ford Motor Company' AND T1.edispl < 3500,SELECT DISTINCT T2.model FROM cars_data AS T1 INNER JOIN model_list AS T2 ON T1.model = T2.modelid WHERE T1.weight < 3500 AND T2.maker != 'Ford Motor Company',0,0
What are the name of the countries where there is not a single car maker?,hard,SELECT CountryName FROM countries EXCEPT SELECT T1.CountryName FROM countries AS T1 JOIN CAR_MAKERS AS T2 ON T1.countryId  =  T2.Country;,SELECT countryname FROM countries WHERE countryid NOT IN ( SELECT country FROM car_makers ) ,NULL,1,0
What are the names of the countries with no car makers?,hard,SELECT CountryName FROM countries EXCEPT SELECT T1.CountryName FROM countries AS T1 JOIN CAR_MAKERS AS T2 ON T1.countryId  =  T2.Country;,SELECT countryname FROM countries WHERE countryid NOT IN (SELECT country FROM car_makers),SELECT countryname FROM countries WHERE countryid NOT IN (SELECT country FROM car_makers),1,1
Which are the car makers which produce at least 2 models and more than 3 car makers ? List the id and the maker .,extra,"select t1.id ,  t1.maker from car_makers as t1 join model_list as t2 on t1.id  =  t2.maker group by t1.id having count(*)  >=  2 intersect select t1.id ,  t1.maker from car_makers as t1 join model_list as t2 on t1.id  =  t2.maker join car_names as t3 on t2.model  =  t3.model group by t1.id having count(*)  >  3;","SELECT maker, id FROM car_makers WHERE maker IN ( SELECT maker FROM model_list GROUP BY maker HAVING COUNT(model) >= 2 ) AND maker IN ( SELECT maker FROM car_makers GROUP BY maker HAVING COUNT(id) > 3 ) ","SELECT maker, id FROM car_makers WHERE id IN ( SELECT maker FROM model_list GROUP BY maker HAVING COUNT(*) >= 2 ) AND maker IN ( SELECT maker FROM car_makers GROUP BY maker HAVING COUNT(*) > 3 )",0,0
What are the ids and makers of all car makers that produce at least 2 models and make more than 3 cars?,extra,"SELECT T1.Id ,  T1.Maker FROM CAR_MAKERS AS T1 JOIN MODEL_LIST AS T2 ON T1.Id  =  T2.Maker GROUP BY T1.Id HAVING count(*)  >=  2 INTERSECT SELECT T1.Id ,  T1.Maker FROM CAR_MAKERS AS T1 JOIN MODEL_LIST AS T2 ON T1.Id  =  T2.Maker JOIN CAR_NAMES AS T3 ON T2.model  =  T3.model GROUP BY T1.Id HAVING count(*)  >  3;","SELECT T1.id, T1.maker FROM car_makers AS T1 JOIN model_list AS T2 ON T1.id = T2.maker JOIN car_names AS T3 ON T2.model = T3.model WHERE T3.make > 3 GROUP BY T1.id HAVING COUNT(T2.model) >= 2","SELECT T1.id, T1.maker FROM car_makers AS T1 INNER JOIN model_list AS T2 ON T1.id = T2.maker INNER JOIN car_names AS T3 ON T2.model = T3.model WHERE T3.makeid IN (SELECT T3.makeid FROM car_names AS T3 INNER JOIN model_list AS T2 ON T3.model = T2.model GROUP BY T3.makeid HAVING COUNT(*) >= 2) AND T1.id IN (SELECT T1.id FROM car_makers AS T1 INNER JOIN cars_data AS T2 ON T1.id = T2.makeid GROUP BY T1.id HAVING COUNT(*) > 3)",0,0
What are the id and names of the countries which have more than 3 car makers or produce the 'fiat' model?,extra,"SELECT T1.countryId ,  T1.CountryName FROM Countries AS T1 JOIN CAR_MAKERS AS T2 ON T1.CountryId  =  T2.Country GROUP BY T1.countryId HAVING count(*)  >  3 UNION SELECT T1.countryId ,  T1.CountryName FROM Countries AS T1 JOIN CAR_MAKERS AS T2 ON T1.CountryId  =  T2.Country JOIN MODEL_LIST AS T3 ON T2.Id  =  T3.Maker WHERE T3.Model  =  'fiat';","SELECT T1.countryid, T1.countryname FROM countries AS T1 JOIN car_makers AS T2 ON T1.countryid = T2.country WHERE T2.country = 'fiat' GROUP BY T1.countryid HAVING COUNT(T2.id) > 3 OR T1.countryname = 'fiat' GROUP BY T1.countryid, T1.countryname","SELECT T1.countryid, T1.countryname FROM countries AS T1 INNER JOIN car_makers AS T2 ON T1.countryid = T2.country WHERE T2.country = 'fiat' GROUP BY T1.countryid HAVING COUNT(T2.id) > 3 OR T1.countryname IN ( SELECT T1.countryname FROM countries AS T1 INNER JOIN car_makers AS T2 ON T1.countryid = T2.country WHERE T2.country = 'fiat' GROUP BY T1.countryid HAVING COUNT(T2.id) > 3 )",0,0
What are the ids and names of all countries that either have more than 3 car makers or produce fiat model ?,extra,"select t1.countryid ,  t1.countryname from countries as t1 join car_makers as t2 on t1.countryid  =  t2.country group by t1.countryid having count(*)  >  3 union select t1.countryid ,  t1.countryname from countries as t1 join car_makers as t2 on t1.countryid  =  t2.country join model_list as t3 on t2.id  =  t3.maker where t3.model  =  'fiat';","SELECT T1.countryid ,  T1.countryname FROM countries AS T1 JOIN car_makers AS T2 ON T1.countryid = T2.country WHERE T2.country = 'Italy' GROUP BY T1.countryid HAVING COUNT(T2.id) > 3 UNION SELECT T1.countryid ,  T1.countryname FROM countries AS T1 JOIN model_list AS T2 ON T1.countryid = T2.country WHERE T2.model = 'Fiat' GROUP BY T1.countryid HAVING COUNT(T2.id) > 3",NULL,0,0
"Which country does Airline ""JetBlue Airways"" belong to?",easy,"SELECT Country FROM AIRLINES WHERE Airline  =  ""JetBlue Airways""",NULL,SELECT T1.country FROM airlines AS T1 WHERE T1.airline = 'JetBlue Airways',0,1
What country is Jetblue Airways affiliated with?,easy,"SELECT Country FROM AIRLINES WHERE Airline  =  ""JetBlue Airways""",NULL,SELECT T1.country FROM airlines AS T1 WHERE T1.airline = 'Jetblue Airways',0,0
"What is the abbreviation of Airline ""JetBlue Airways""?",easy,"SELECT Abbreviation FROM AIRLINES WHERE Airline  =  ""JetBlue Airways""",SELECT abbreviation FROM airlines WHERE airline = 'JetBlue Airways',SELECT abbreviation FROM airlines WHERE airline = 'JetBlue Airways',1,1
Which abbreviation corresponds to Jetblue Airways?,easy,"SELECT Abbreviation FROM AIRLINES WHERE Airline  =  ""JetBlue Airways""",NULL,SELECT abbreviation FROM airlines WHERE airline = 'Jetblue Airways',0,0
"List all airline names and their abbreviations in ""USA"".",medium,"SELECT Airline ,  Abbreviation FROM AIRLINES WHERE Country  =  ""USA""","SELECT T1.airline, T1.abbreviation FROM airlines AS T1 JOIN flights AS T2 ON T1.uid = T2.airline WHERE T1.country = 'USA'","SELECT T1.airline, T1.abbreviation FROM airlines AS T1 WHERE T1.country = 'USA'",1,1
What are the airline names and abbreviations for airlines in the USA?,medium,"SELECT Airline ,  Abbreviation FROM AIRLINES WHERE Country  =  ""USA""","SELECT T1.airline, T1.abbreviation FROM airlines AS T1 WHERE T1.country = 'USA'","SELECT T1.airline, T1.abbreviation FROM airlines AS T1 WHERE T1.country = 'USA'",1,1
List the airport code and name in the city of Anthony.,medium,"SELECT AirportCode ,  AirportName FROM AIRPORTS WHERE city  =  ""Anthony""","SELECT airportcode, airportname FROM airports WHERE city = 'Anthony'","SELECT airportcode, airportname FROM airports WHERE city = 'Anthony'",1,1
Give the airport code and airport name corresonding to the city Anthony.,medium,"SELECT AirportCode ,  AirportName FROM AIRPORTS WHERE city  =  ""Anthony""","SELECT airportcode ,  airportname FROM airports WHERE city = 'Anthony'","SELECT airportcode, airportname FROM airports WHERE city = 'Anthony'",1,1
How many airlines do we have?,easy,SELECT count(*) FROM AIRLINES,SELECT count(*) FROM airlines,SELECT COUNT(DISTINCT airline) FROM airlines  Step-by-Step Sub-Questions: 1. What information are we looking for? 2. Which table contains the relevant data? 3. How should we count the airlines? 4. What should the final output be?,1,0
What is the total number of airlines?,easy,SELECT count(*) FROM AIRLINES,SELECT count(*) FROM airlines,SELECT COUNT(*) FROM airlines,1,1
How many airports do we have?,easy,SELECT count(*) FROM AIRPORTS,SELECT count(*) FROM airports,SELECT COUNT(*) FROM airports,1,1
Return the number of  airports.,easy,SELECT count(*) FROM AIRPORTS,SELECT count(*) FROM airports,SELECT count(*) FROM airports  Step-by-Step Sub-Questions: . What table contains information about airports? 2. How many rows are in this table?,1,0
How many flights do we have?,easy,SELECT count(*) FROM FLIGHTS,SELECT count(*) FROM flights,SELECT COUNT(*) FROM flights,1,1
Return the number of flights.,easy,SELECT count(*) FROM FLIGHTS,SELECT count(*) FROM flights,SELECT COUNT(*) FROM flights,1,1
Which airline has abbreviation 'UAL'?,easy,"SELECT Airline FROM AIRLINES WHERE Abbreviation  =  ""UAL""",SELECT T1.airline FROM airlines AS T1 WHERE T1.abbreviation = 'UAL',SELECT T1.airline FROM airlines AS T1 WHERE T1.abbreviation = 'UAL',1,1
Give the airline with abbreviation 'UAL'.,easy,"SELECT Airline FROM AIRLINES WHERE Abbreviation  =  ""UAL""",SELECT T1.airline FROM airlines AS T1 WHERE T1.abbreviation = 'UAL',SELECT T1.airline FROM airlines AS T1 WHERE T1.abbreviation = 'UAL',1,1
How many airlines are from USA?,easy,"SELECT count(*) FROM AIRLINES WHERE Country  =  ""USA""",NULL,SELECT COUNT(*) FROM airlines WHERE country = 'USA',0,1
Return the number of airlines in the USA.,easy,"SELECT count(*) FROM AIRLINES WHERE Country  =  ""USA""",SELECT COUNT(*) FROM airlines WHERE country = 'USA',SELECT COUNT(*) FROM airlines WHERE country = 'USA',1,1
Which city and country is the Alton airport at?,medium,"SELECT City ,  Country FROM AIRPORTS WHERE AirportName  =  ""Alton""",NULL,"SELECT T2.city, T2.country FROM airports AS T1 INNER JOIN cities AS T2 ON T1.citycode = T2.citycode WHERE T1.airportname = 'Alton'",0,0
Give the city and country for the Alton airport.,medium,"SELECT City ,  Country FROM AIRPORTS WHERE AirportName  =  ""Alton""","SELECT city, country FROM airports WHERE airportname = 'Alton'","SELECT T2.city, T2.country FROM airports AS T1 INNER JOIN airlines AS T2 ON T1.country = T2.country WHERE T1.airportname = 'Alton'",1,0
What is the airport name for airport 'AKO'?,easy,"SELECT AirportName FROM AIRPORTS WHERE AirportCode  =  ""AKO""",SELECT airportname FROM airports WHERE airportcode = 'AKO',SELECT airportname FROM airports WHERE airportcode = 'AKO',1,1
Return the name of the airport with code 'AKO'.,easy,"SELECT AirportName FROM AIRPORTS WHERE AirportCode  =  ""AKO""",SELECT airportname FROM airports WHERE airportcode = 'AKO',SELECT airportname FROM airports WHERE airportcode = 'AKO',1,1
What are airport names at City 'Aberdeen'?,easy,"SELECT AirportName FROM AIRPORTS WHERE City = ""Aberdeen""",SELECT airportname FROM airports WHERE city = 'Aberdeen',SELECT T2.AirportName FROM airports AS T1 INNER JOIN flights AS T2 ON T1.AirportCode = T2.SourceAirport WHERE T1.City = 'Aberdeen',1,0
What are the names of airports in Aberdeen?,easy,"SELECT AirportName FROM AIRPORTS WHERE City = ""Aberdeen""",SELECT airportname FROM airports WHERE city = 'Aberdeen',SELECT T2.airportname FROM airports AS T1 INNER JOIN flights AS T2 ON T1.airportcode = T2.sourceairport WHERE T1.city = 'Aberdeen',1,0
How many flights depart from 'APG'?,easy,"SELECT count(*) FROM FLIGHTS WHERE SourceAirport  =  ""APG""",NULL,SELECT COUNT(*) FROM flights WHERE sourceairport = 'APG',0,1
Count the number of flights departing from 'APG'.,easy,"SELECT count(*) FROM FLIGHTS WHERE SourceAirport  =  ""APG""",SELECT COUNT(*) FROM flights WHERE sourceairport = 'APG',SELECT COUNT(*) FROM flights WHERE sourceairport = 'APG',1,1
How many flights have destination ATO?,easy,"SELECT count(*) FROM FLIGHTS WHERE DestAirport  =  ""ATO""",SELECT count(*) FROM flights WHERE destairport = 'ATO',NULL,1,0
Count the number of flights into ATO.,easy,"SELECT count(*) FROM FLIGHTS WHERE DestAirport  =  ""ATO""",SELECT COUNT(*) FROM flights WHERE destairport = 'ATO',NULL,1,0
How many flights depart from City Aberdeen?,medium,"SELECT count(*) FROM FLIGHTS AS T1 JOIN AIRPORTS AS T2 ON T1.SourceAirport  =  T2.AirportCode WHERE T2.City  =  ""Aberdeen""",SELECT COUNT(*) FROM flights AS T1 JOIN airports AS T2 ON T1.sourceairport = T2.airportcode WHERE T2.city = 'Aberdeen',SELECT COUNT(*) FROM flights AS T1 INNER JOIN airports AS T2 ON T1.sourceairport = T2.airportcode WHERE T2.city = 'Aberdeen',1,1
Return the number of flights departing from Aberdeen.,medium,"SELECT count(*) FROM FLIGHTS AS T1 JOIN AIRPORTS AS T2 ON T1.SourceAirport  =  T2.AirportCode WHERE T2.City  =  ""Aberdeen""",SELECT count(*) FROM flights AS T1 JOIN airports AS T2 ON T1.sourceairport = T2.airportcode WHERE T2.city = 'Aberdeen',SELECT COUNT(*) FROM flights AS T1 INNER JOIN airports AS T2 ON T1.sourceairport = T2.airportcode WHERE T2.city = 'Aberdeen',1,1
How many flights arriving in Aberdeen city?,medium,"SELECT count(*) FROM FLIGHTS AS T1 JOIN AIRPORTS AS T2 ON T1.DestAirport  =  T2.AirportCode WHERE T2.City  =  ""Aberdeen""",SELECT count(*) FROM flights AS T1 JOIN airports AS T2 ON T1.destairport = T2.airportcode WHERE T2.city = 'Aberdeen',SELECT COUNT(*) FROM flights AS T1 INNER JOIN airports AS T2 ON T1.destairport = T2.airportcode WHERE T2.city = 'Aberdeen',1,1
Return the number of flights arriving in Aberdeen.,medium,"SELECT count(*) FROM FLIGHTS AS T1 JOIN AIRPORTS AS T2 ON T1.DestAirport  =  T2.AirportCode WHERE T2.City  =  ""Aberdeen""",SELECT count(*) FROM flights AS T1 JOIN airports AS T2 ON T1.destairport = T2.airportcode WHERE T2.city = 'Aberdeen',SELECT COUNT(*) FROM flights AS T1 INNER JOIN airports AS T2 ON T1.destairport = T2.airportcode WHERE T2.city = 'Aberdeen',1,1
How many flights depart from City 'Aberdeen' and have destination City 'Ashley'?,hard,"SELECT count(*) FROM FLIGHTS AS T1 JOIN AIRPORTS AS T2 ON T1.DestAirport  =  T2.AirportCode JOIN AIRPORTS AS T3 ON T1.SourceAirport  =  T3.AirportCode WHERE T2.City  =  ""Ashley"" AND T3.City  =  ""Aberdeen""",NULL,SELECT COUNT(*) FROM flights AS T1 INNER JOIN airports AS T2 ON T1.sourceairport = T2.airportcode INNER JOIN airports AS T3 ON T1.destairport = T3.airportcode WHERE T2.city = 'Aberdeen' AND T3.city = 'Ashley',0,1
How many flights fly from Aberdeen to Ashley?,hard,"SELECT count(*) FROM FLIGHTS AS T1 JOIN AIRPORTS AS T2 ON T1.DestAirport  =  T2.AirportCode JOIN AIRPORTS AS T3 ON T1.SourceAirport  =  T3.AirportCode WHERE T2.City  =  ""Ashley"" AND T3.City  =  ""Aberdeen""",NULL,SELECT COUNT(*) FROM flights AS T1 INNER JOIN airports AS T2 ON T1.sourceairport = T2.airportcode WHERE T2.city = 'Aberdeen' AND T1.destairport = (SELECT airportcode FROM airports WHERE city = 'Ashley'),0,1
How many flights does airline 'JetBlue Airways' have?,medium,"SELECT count(*) FROM FLIGHTS AS T1 JOIN AIRLINES AS T2 ON T1.Airline  =  T2.uid WHERE T2.Airline = ""JetBlue Airways""",NULL,SELECT COUNT(*) FROM flights AS T1 INNER JOIN airlines AS T2 ON T1.airline = T2.uid WHERE T2.airline = 'JetBlue Airways',0,1
Give the number of Jetblue Airways flights.,medium,"SELECT count(*) FROM FLIGHTS AS T1 JOIN AIRLINES AS T2 ON T1.Airline  =  T2.uid WHERE T2.Airline = ""JetBlue Airways""",SELECT count(*) FROM flights AS T1 JOIN airlines AS T2 ON T1.airline  =  T2.uid WHERE T2.airline  =  'Jetblue Airways',SELECT count(*) FROM flights AS T1 INNER JOIN airlines AS T2 ON T1.airline = T2.airline WHERE T2.airline = 'Jetblue Airways',0,0
How many 'United Airlines' flights go to Airport 'ASY'?,medium,"SELECT count(*) FROM AIRLINES AS T1 JOIN FLIGHTS AS T2 ON T2.Airline  =  T1.uid WHERE T1.Airline  =  ""United Airlines"" AND T2.DestAirport  =  ""ASY""",SELECT COUNT(*) FROM flights WHERE airline = 'UA' AND destairport = 'ASY',SELECT COUNT(*) FROM flights AS T1 INNER JOIN airlines AS T2 ON T1.airline = T2.uid WHERE T2.airline = 'United Airlines' AND T1.destairport = 'ASY',1,1
Count the number of United Airlines flights arriving in ASY Airport.,medium,"SELECT count(*) FROM AIRLINES AS T1 JOIN FLIGHTS AS T2 ON T2.Airline  =  T1.uid WHERE T1.Airline  =  ""United Airlines"" AND T2.DestAirport  =  ""ASY""",SELECT COUNT(*) FROM flights AS T1 JOIN airlines AS T2 ON T1.airline = T2.uid JOIN airports AS T3 ON T1.destairport = T3.airportcode WHERE T2.airline = 'United Airlines' AND T3.airportname = 'ASY Airport',SELECT COUNT(*) FROM flights AS T1 INNER JOIN airports AS T2 ON T1.destairport = T2.airportcode WHERE T1.airline = 'United Airlines' AND T2.airportname = 'ASY Airport',1,1
How many 'United Airlines' flights depart from Airport 'AHD'?,medium,"SELECT count(*) FROM AIRLINES AS T1 JOIN FLIGHTS AS T2 ON T2.Airline  =  T1.uid WHERE T1.Airline  =  ""United Airlines"" AND T2.SourceAirport  =  ""AHD""",NULL,SELECT COUNT(*) FROM flights AS T1 INNER JOIN airlines AS T2 ON T1.airline = T2.uid WHERE T2.airline = 'United Airlines' AND T1.sourceairport = 'AHD',0,1
Return the number of United Airlines flights leaving from AHD Airport.,medium,"SELECT count(*) FROM AIRLINES AS T1 JOIN FLIGHTS AS T2 ON T2.Airline  =  T1.uid WHERE T1.Airline  =  ""United Airlines"" AND T2.SourceAirport  =  ""AHD""",SELECT count(*) FROM flights AS T1 JOIN airlines AS T2 ON T1.airline  =  T2.uid JOIN airports AS T3 ON T1.sourceairport  =  T3.airportcode WHERE T2.airline  =  'United Airlines' AND T3.airportname  =  'AHD Airport',SELECT COUNT(*) FROM flights AS T1 INNER JOIN airports AS T2 ON T1.sourceairport = T2.airportcode WHERE T1.airline = 'United Airlines' AND T2.airportname = 'AHD Airport',1,1
How many United Airlines flights go to City 'Aberdeen'?,hard,"SELECT count(*) FROM FLIGHTS AS T1 JOIN AIRPORTS AS T2 ON T1.DestAirport  =  T2.AirportCode JOIN AIRLINES AS T3 ON T3.uid  =  T1.Airline WHERE T2.City  =  ""Aberdeen"" AND T3.Airline  =  ""United Airlines""",SELECT COUNT(*) FROM flights AS T1 JOIN airlines AS T2 ON T1.airline = T2.uid JOIN airports AS T3 ON T1.destairport = T3.airportcode WHERE T2.abbreviation = 'UA' AND T3.city = 'Aberdeen' AND T3.countryabbrev = 'GB',SELECT COUNT(*) FROM flights AS T1 INNER JOIN airlines AS T2 ON T1.airline = T2.uid INNER JOIN airports AS T3 ON T1.destairport = T3.airportcode WHERE T2.airline = 'United Airlines' AND T3.city = 'Aberdeen',1,1
Count the number of United Airlines flights that arrive in Aberdeen.,hard,"SELECT count(*) FROM FLIGHTS AS T1 JOIN AIRPORTS AS T2 ON T1.DestAirport  =  T2.AirportCode JOIN AIRLINES AS T3 ON T3.uid  =  T1.Airline WHERE T2.City  =  ""Aberdeen"" AND T3.Airline  =  ""United Airlines""",SELECT COUNT(*) FROM flights AS T1 JOIN airlines AS T2 ON T1.airline = T2.uid JOIN airports AS T3 ON T1.destairport = T3.airportcode WHERE T2.airline = 'United Airlines' AND T3.city = 'Aberdeen',SELECT COUNT(*) FROM flights AS T1 INNER JOIN airports AS T2 ON T1.destairport = T2.airportcode WHERE T1.airline = 'United Airlines' AND T2.city = 'Aberdeen',1,1
Which city has most number of arriving flights?,extra,SELECT T1.City FROM AIRPORTS AS T1 JOIN FLIGHTS AS T2 ON T1.AirportCode  =  T2.DestAirport GROUP BY T1.City ORDER BY count(*) DESC LIMIT 1,SELECT T2.city FROM flights AS T1 JOIN airports AS T2 ON T1.destairport = T2.airportcode GROUP BY T2.city ORDER BY COUNT(*) DESC LIMIT 1,SELECT T2.city FROM flights AS T1 INNER JOIN airports AS T2 ON T1.destairport = T2.airportcode GROUP BY T2.city ORDER BY COUNT(*) DESC LIMIT 1,1,1
Which city has the most frequent destination airport?,extra,SELECT T1.City FROM AIRPORTS AS T1 JOIN FLIGHTS AS T2 ON T1.AirportCode  =  T2.DestAirport GROUP BY T1.City ORDER BY count(*) DESC LIMIT 1,NULL,SELECT T2.city FROM flights AS T1 INNER JOIN airports AS T2 ON T1.destairport = T2.airportcode GROUP BY T2.city ORDER BY COUNT(*) DESC LIMIT 1,0,1
Which city has most number of departing flights?,extra,SELECT T1.City FROM AIRPORTS AS T1 JOIN FLIGHTS AS T2 ON T1.AirportCode  =  T2.SourceAirport GROUP BY T1.City ORDER BY count(*) DESC LIMIT 1,"SELECT T1.city, COUNT(*) AS flight_count FROM airports AS T1 JOIN flights AS T2 ON T1.airportcode = T2.sourceairport GROUP BY T1.city ORDER BY flight_count DESC LIMIT 1",SELECT T1.city FROM airports AS T1 INNER JOIN flights AS T2 ON T1.airportcode = T2.sourceairport GROUP BY T1.city ORDER BY COUNT(*) DESC LIMIT 1,1,1
Which city is the most frequent source airport?,extra,SELECT T1.City FROM AIRPORTS AS T1 JOIN FLIGHTS AS T2 ON T1.AirportCode  =  T2.SourceAirport GROUP BY T1.City ORDER BY count(*) DESC LIMIT 1,NULL,SELECT T2.city FROM flights AS T1 INNER JOIN airports AS T2 ON T1.sourceairport = T2.airportcode GROUP BY T2.city ORDER BY COUNT(*) DESC LIMIT 1,0,1
What is the code of airport that has the highest number of flights?,extra,SELECT T1.AirportCode FROM AIRPORTS AS T1 JOIN FLIGHTS AS T2 ON T1.AirportCode  =  T2.DestAirport OR T1.AirportCode  =  T2.SourceAirport GROUP BY T1.AirportCode ORDER BY count(*) DESC LIMIT 1,SELECT destairport FROM flights GROUP BY destairport ORDER BY count(*) DESC LIMIT 1,SELECT T2.destairport FROM flights AS T1 INNER JOIN airports AS T2 ON T1.destairport = T2.airportcode GROUP BY T2.destairport ORDER BY COUNT(*) DESC LIMIT 1,0,0
What is the airport code of the airport with the most flights?,extra,SELECT T1.AirportCode FROM AIRPORTS AS T1 JOIN FLIGHTS AS T2 ON T1.AirportCode  =  T2.DestAirport OR T1.AirportCode  =  T2.SourceAirport GROUP BY T1.AirportCode ORDER BY count(*) DESC LIMIT 1,NULL,SELECT T2.airportcode FROM flights AS T1 INNER JOIN airports AS T2 ON T1.destairport = T2.airportcode GROUP BY T2.airportcode ORDER BY COUNT(*) DESC LIMIT 1,0,1
What is the code of airport that has fewest number of flights?,extra,SELECT T1.AirportCode FROM AIRPORTS AS T1 JOIN FLIGHTS AS T2 ON T1.AirportCode  =  T2.DestAirport OR T1.AirportCode  =  T2.SourceAirport GROUP BY T1.AirportCode ORDER BY count(*) LIMIT 1,SELECT sourceairport FROM flights GROUP BY sourceairport ORDER BY count(*) ASC LIMIT 1,"SELECT T2.sourceairport FROM flights AS T1 INNER JOIN airports AS T2 ON T1.sourceairport = T2.airportcode GROUP BY T2.sourceairport ORDER BY count(*) ASC LIMIT 1  Step-by-Step Sub-Questions: . What airports are involved in flights? 2. For each airport, how many flights originate from it? 3. Which airport has the fewest number of flights? 4. What is the code of this airport?",0,0
Give the code of the airport with the least flights.,extra,SELECT T1.AirportCode FROM AIRPORTS AS T1 JOIN FLIGHTS AS T2 ON T1.AirportCode  =  T2.DestAirport OR T1.AirportCode  =  T2.SourceAirport GROUP BY T1.AirportCode ORDER BY count(*) LIMIT 1,SELECT T2.airportcode FROM flights AS T1 JOIN airports AS T2 ON T1.destairport = T2.airportcode GROUP BY T2.airportcode ORDER BY count(*) ASC LIMIT 1,SELECT T2.airportcode FROM flights AS T1 INNER JOIN airports AS T2 ON T1.destairport = T2.airportcode GROUP BY T2.airportcode ORDER BY COUNT(*) ASC LIMIT 1,1,1
Which airline has most number of flights?,extra,SELECT T1.Airline FROM AIRLINES AS T1 JOIN FLIGHTS AS T2 ON T1.uid  =  T2.Airline GROUP BY T1.Airline ORDER BY count(*) DESC LIMIT 1,SELECT T1.airline FROM airlines AS T1 JOIN flights AS T2 ON T1.uid = T2.airline GROUP BY T1.airline ORDER BY count(*) DESC LIMIT 1,SELECT T1.airline FROM airlines AS T1 JOIN flights AS T2 ON T1.uid = T2.airline GROUP BY T1.airline ORDER BY count(*) DESC LIMIT 1  Step-by-Step Sub-Questions: 1. What airlines are there? 2. How many flights does each airline have? 3. Which airline has the most flights?,1,0
What airline serves the most flights?,extra,SELECT T1.Airline FROM AIRLINES AS T1 JOIN FLIGHTS AS T2 ON T1.uid  =  T2.Airline GROUP BY T1.Airline ORDER BY count(*) DESC LIMIT 1,"SELECT T1.airline, COUNT(*) AS flight_count FROM airlines AS T1 JOIN flights AS T2 ON T1.uid = T2.airline GROUP BY T1.airline ORDER BY flight_count DESC LIMIT 1",SELECT T1.airline FROM airlines AS T1 INNER JOIN flights AS T2 ON T1.uid = T2.airline GROUP BY T1.airline ORDER BY COUNT(*) DESC LIMIT 1,0,1
Find the abbreviation and country of the airline that has fewest number of flights?,extra,"SELECT T1.Abbreviation ,  T1.Country FROM AIRLINES AS T1 JOIN FLIGHTS AS T2 ON T1.uid  =  T2.Airline GROUP BY T1.Airline ORDER BY count(*) LIMIT 1","SELECT T1.abbreviation, T1.country FROM airlines AS T1 JOIN flights AS T2 ON T1.uid = T2.airline GROUP BY T1.uid ORDER BY count(*) ASC LIMIT 1","SELECT T1.abbreviation, T1.country FROM airlines AS T1 INNER JOIN flights AS T2 ON T1.uid = T2.airline GROUP BY T1.uid ORDER BY COUNT(*) ASC LIMIT 1",0,0
What is the abbreviation of the airilne has the fewest flights and what country is it in?,extra,"SELECT T1.Abbreviation ,  T1.Country FROM AIRLINES AS T1 JOIN FLIGHTS AS T2 ON T1.uid  =  T2.Airline GROUP BY T1.Airline ORDER BY count(*) LIMIT 1",NULL,"SELECT T1.abbreviation, T1.country FROM airlines AS T1 INNER JOIN flights AS T2 ON T1.uid = T2.airline GROUP BY T1.uid ORDER BY count(*) ASC LIMIT 1",0,0
What are airlines that have some flight departing from airport 'AHD'?,medium,"SELECT T1.Airline FROM AIRLINES AS T1 JOIN FLIGHTS AS T2 ON T1.uid  =  T2.Airline WHERE T2.SourceAirport  =  ""AHD""",SELECT T1.airline FROM airlines AS T1 JOIN flights AS T2 ON T1.uid = T2.airline WHERE T2.sourceairport = 'AHD',SELECT T1.airline FROM airlines AS T1 INNER JOIN flights AS T2 ON T1.uid = T2.airline WHERE T2.sourceairport = 'AHD',1,1
Which airlines have a flight with source airport AHD?,medium,"SELECT T1.Airline FROM AIRLINES AS T1 JOIN FLIGHTS AS T2 ON T1.uid  =  T2.Airline WHERE T2.SourceAirport  =  ""AHD""",SELECT T1.airline FROM airlines AS T1 JOIN flights AS T2 ON T1.uid = T2.airline WHERE T2.sourceairport = 'AHD',SELECT T1.airline FROM airlines AS T1 INNER JOIN flights AS T2 ON T1.uid = T2.airline WHERE T2.sourceairport = 'AHD',1,1
What are airlines that have flights arriving at airport 'AHD'?,medium,"SELECT T1.Airline FROM AIRLINES AS T1 JOIN FLIGHTS AS T2 ON T1.uid  =  T2.Airline WHERE T2.DestAirport  =  ""AHD""",SELECT T1.airline FROM airlines AS T1 JOIN flights AS T2 ON T1.uid = T2.airline WHERE T2.destairport = 'AHD' GROUP BY T1.airline,SELECT T1.airline FROM airlines AS T1 INNER JOIN flights AS T2 ON T1.uid = T2.airline WHERE T2.destairport = 'AHD',1,1
Which airlines have a flight with destination airport AHD?,medium,"SELECT T1.Airline FROM AIRLINES AS T1 JOIN FLIGHTS AS T2 ON T1.uid  =  T2.Airline WHERE T2.DestAirport  =  ""AHD""",SELECT T1.airline FROM airlines AS T1 JOIN flights AS T2 ON T1.uid = T2.airline WHERE T2.destairport = 'AHD',SELECT T1.airline FROM airlines AS T1 JOIN flights AS T2 ON T1.uid = T2.airline WHERE T2.destairport = 'AHD',1,1
Find all airlines that have flights from both airports 'APG' and 'CVO'.,extra,"SELECT T1.Airline FROM AIRLINES AS T1 JOIN FLIGHTS AS T2 ON T1.uid  =  T2.Airline WHERE T2.SourceAirport  =  ""APG"" INTERSECT SELECT T1.Airline FROM AIRLINES AS T1 JOIN FLIGHTS AS T2 ON T1.uid  =  T2.Airline WHERE T2.SourceAirport  =  ""CVO""",SELECT T1.airline FROM airlines AS T1 JOIN flights AS T2 ON T1.uid = T2.airline WHERE T2.sourceairport = 'APG' INTERSECT SELECT T1.airline FROM airlines AS T1 JOIN flights AS T2 ON T1.uid = T2.airline WHERE T2.sourceairport = 'CVO',SELECT T1.airline FROM airlines AS T1 INNER JOIN flights AS T2 ON T1.uid = T2.airline WHERE T2.sourceairport = 'APG' INTERSECT SELECT T1.airline FROM airlines AS T1 INNER JOIN flights AS T2 ON T1.uid = T2.airline WHERE T2.sourceairport = 'CVO',1,1
Which airlines have departing flights from both APG and CVO airports?,extra,"SELECT T1.Airline FROM AIRLINES AS T1 JOIN FLIGHTS AS T2 ON T1.uid  =  T2.Airline WHERE T2.SourceAirport  =  ""APG"" INTERSECT SELECT T1.Airline FROM AIRLINES AS T1 JOIN FLIGHTS AS T2 ON T1.uid  =  T2.Airline WHERE T2.SourceAirport  =  ""CVO""",SELECT T1.airline FROM airlines AS T1 JOIN flights AS T2 ON T1.uid = T2.airline WHERE T2.sourceairport = 'APG' INTERSECT SELECT T1.airline FROM airlines AS T1 JOIN flights AS T2 ON T1.uid = T2.airline WHERE T2.sourceairport = 'CVO',SELECT T1.airline FROM airlines AS T1 JOIN flights AS T2 ON T1.uid = T2.airline WHERE T2.sourceairport = 'APG' INTERSECT SELECT T1.airline FROM airlines AS T1 JOIN flights AS T2 ON T1.uid = T2.airline WHERE T2.sourceairport = 'CVO',1,1
Find all airlines that have flights from airport 'CVO' but not from 'APG'.,extra,"SELECT T1.Airline FROM AIRLINES AS T1 JOIN FLIGHTS AS T2 ON T1.uid  =  T2.Airline WHERE T2.SourceAirport  =  ""CVO"" EXCEPT SELECT T1.Airline FROM AIRLINES AS T1 JOIN FLIGHTS AS T2 ON T1.uid  =  T2.Airline WHERE T2.SourceAirport  =  ""APG""",SELECT T1.airline FROM airlines AS T1 JOIN flights AS T2 ON T1.uid = T2.airline WHERE T2.sourceairport = 'CVO' AND T2.destairport != 'APG' GROUP BY T1.airline,SELECT T1.airline FROM airlines AS T1 INNER JOIN flights AS T2 ON T1.uid = T2.airline WHERE T2.sourceairport = 'CVO' AND T2.destairport != 'APG',1,1
Which airlines have departures from CVO but not from APG airports?,extra,"SELECT T1.Airline FROM AIRLINES AS T1 JOIN FLIGHTS AS T2 ON T1.uid  =  T2.Airline WHERE T2.SourceAirport  =  ""CVO"" EXCEPT SELECT T1.Airline FROM AIRLINES AS T1 JOIN FLIGHTS AS T2 ON T1.uid  =  T2.Airline WHERE T2.SourceAirport  =  ""APG""",SELECT T1.airline FROM airlines AS T1 JOIN flights AS T2 ON T1.uid = T2.airline WHERE T2.sourceairport = 'CVO' AND T2.destairport != 'APG',SELECT T1.airline FROM airlines AS T1 JOIN flights AS T2 ON T1.uid = T2.airline WHERE T2.sourceairport = 'CVO' EXCEPT SELECT T1.airline FROM airlines AS T1 JOIN flights AS T2 ON T1.uid = T2.airline WHERE T2.sourceairport = 'APG',1,1
Find all airlines that have at least 10 flights.,medium,SELECT T1.Airline FROM AIRLINES AS T1 JOIN FLIGHTS AS T2 ON T1.uid  =  T2.Airline GROUP BY T1.Airline HAVING count(*)  >  10,SELECT T1.airline FROM airlines AS T1 JOIN flights AS T2 ON T1.uid = T2.airline GROUP BY T1.uid HAVING COUNT(*) >= 10,SELECT T1.airline FROM airlines AS T1 INNER JOIN flights AS T2 ON T1.uid = T2.airline GROUP BY T1.airline HAVING COUNT(*) >= 10,1,1
Which airlines have at least 10 flights?,medium,SELECT T1.Airline FROM AIRLINES AS T1 JOIN FLIGHTS AS T2 ON T1.uid  =  T2.Airline GROUP BY T1.Airline HAVING count(*)  >  10,SELECT T1.airline FROM airlines AS T1 JOIN flights AS T2 ON T1.uid = T2.airline GROUP BY T1.airline HAVING COUNT(*) >= 10,SELECT T1.airline FROM airlines AS T1 INNER JOIN flights AS T2 ON T1.uid = T2.airline GROUP BY T1.airline HAVING COUNT(*) >= 10,1,1
Find all airlines that have fewer than 200 flights.,medium,SELECT T1.Airline FROM AIRLINES AS T1 JOIN FLIGHTS AS T2 ON T1.uid  =  T2.Airline GROUP BY T1.Airline HAVING count(*)  <  200,SELECT T1.airline FROM airlines AS T1 JOIN flights AS T2 ON T1.uid = T2.airline GROUP BY T1.uid HAVING COUNT(*) < 200,SELECT T1.airline FROM airlines AS T1 JOIN flights AS T2 ON T1.uid = T2.airline GROUP BY T1.airline HAVING COUNT(*) < 200,1,1
Which airlines have less than 200 flights?,medium,SELECT T1.Airline FROM AIRLINES AS T1 JOIN FLIGHTS AS T2 ON T1.uid  =  T2.Airline GROUP BY T1.Airline HAVING count(*)  <  200,SELECT T1.airline FROM airlines AS T1 JOIN flights AS T2 ON T1.uid = T2.airline GROUP BY T1.airline HAVING COUNT(*) < 200,SELECT T1.airline FROM airlines AS T1 INNER JOIN flights AS T2 ON T1.uid = T2.airline GROUP BY T1.uid HAVING COUNT(*) < 200,1,1
"What are flight numbers of Airline ""United Airlines""?",medium,"SELECT T1.FlightNo FROM FLIGHTS AS T1 JOIN AIRLINES AS T2 ON T2.uid  =  T1.Airline WHERE T2.Airline  =  ""United Airlines""",SELECT flightno FROM flights WHERE airline = 'United Airlines',SELECT T2.flightno FROM airlines AS T1 INNER JOIN flights AS T2 ON T1.uid = T2.airline WHERE T1.airline = 'United Airlines',0,1
Which flight numbers correspond to United Airlines flights?,medium,"SELECT T1.FlightNo FROM FLIGHTS AS T1 JOIN AIRLINES AS T2 ON T2.uid  =  T1.Airline WHERE T2.Airline  =  ""United Airlines""",SELECT T1.flightno FROM flights AS T1 JOIN airlines AS T2 ON T1.airline = T2.uid WHERE T2.airline = 'United Airlines',SELECT flightno FROM flights WHERE airline = 'United Airlines',1,0
"What are flight numbers of flights departing from Airport ""APG""?",easy,"SELECT FlightNo FROM FLIGHTS WHERE SourceAirport  =  ""APG""",SELECT flightno FROM flights WHERE sourceairport = 'APG',SELECT T1.flightno FROM flights AS T1 INNER JOIN airports AS T2 ON T1.sourceairport = T2.airportcode WHERE T2.airportname = 'APG',1,1
Give the flight numbers of flights leaving from APG.,easy,"SELECT FlightNo FROM FLIGHTS WHERE SourceAirport  =  ""APG""",SELECT flightno FROM flights WHERE sourceairport = 'APG',SELECT T2.flightno FROM airports AS T1 INNER JOIN flights AS T2 ON T1.airportcode = T2.sourceairport WHERE T1.airportname = 'APG',1,1
"What are flight numbers of flights arriving at Airport ""APG""?",easy,"SELECT FlightNo FROM FLIGHTS WHERE DestAirport  =  ""APG""",SELECT flightno FROM flights WHERE destairport = 'APG',SELECT T1.flightno FROM flights AS T1 INNER JOIN airports AS T2 ON T1.destairport = T2.airportcode WHERE T2.airportname = 'APG',1,1
Give the flight numbers of flights landing at APG.,easy,"SELECT FlightNo FROM FLIGHTS WHERE DestAirport  =  ""APG""",SELECT flightno FROM flights WHERE destairport = 'APG',SELECT T1.flightno FROM flights AS T1 INNER JOIN airports AS T2 ON T1.destairport = T2.airportcode WHERE T2.airportname = 'APG',1,1
"What are flight numbers of flights departing from City ""Aberdeen ""?",medium,"SELECT T1.FlightNo FROM FLIGHTS AS T1 JOIN AIRPORTS AS T2 ON T1.SourceAirport   =  T2.AirportCode WHERE T2.City  =  ""Aberdeen""",SELECT T2.flightno FROM airports AS T1 JOIN flights AS T2 ON T1.airportcode = T2.sourceairport WHERE T1.city = 'Aberdeen',SELECT T2.flightno FROM airports AS T1 INNER JOIN flights AS T2 ON T1.airportcode = T2.sourceairport WHERE T1.city = 'Aberdeen',1,1
Give the flight numbers of flights leaving from Aberdeen.,medium,"SELECT T1.FlightNo FROM FLIGHTS AS T1 JOIN AIRPORTS AS T2 ON T1.SourceAirport   =  T2.AirportCode WHERE T2.City  =  ""Aberdeen""",SELECT T1.flightno FROM flights AS T1 JOIN airports AS T2 ON T1.sourceairport = T2.airportcode WHERE T2.city = 'Aberdeen',SELECT T2.flightno FROM airports AS T1 INNER JOIN flights AS T2 ON T1.airportcode = T2.sourceairport WHERE T1.city = 'Aberdeen',1,1
"What are flight numbers of flights arriving at City ""Aberdeen""?",medium,"SELECT T1.FlightNo FROM FLIGHTS AS T1 JOIN AIRPORTS AS T2 ON T1.DestAirport   =  T2.AirportCode WHERE T2.City  =  ""Aberdeen""",SELECT T1.flightno FROM flights AS T1 JOIN airports AS T2 ON T1.destairport = T2.airportcode WHERE T2.city = 'Aberdeen',SELECT T2.flightno FROM airports AS T1 INNER JOIN flights AS T2 ON T1.airportcode = T2.destairport WHERE T1.city = 'Aberdeen',1,1
Give the flight numbers of flights arriving in Aberdeen.,medium,"SELECT T1.FlightNo FROM FLIGHTS AS T1 JOIN AIRPORTS AS T2 ON T1.DestAirport   =  T2.AirportCode WHERE T2.City  =  ""Aberdeen""",SELECT T1.flightno FROM flights AS T1 JOIN airports AS T2 ON T1.destairport = T2.airportcode WHERE T2.city = 'Aberdeen',SELECT T1.flightno FROM flights AS T1 INNER JOIN airports AS T2 ON T1.destairport = T2.airportcode WHERE T2.city = 'Aberdeen',1,1
Find the number of flights landing in the city of Aberdeen or Abilene.,hard,"SELECT count(*) FROM Flights AS T1 JOIN Airports AS T2 ON T1.DestAirport  =  T2.AirportCode WHERE T2.city  =  ""Aberdeen"" OR T2.city  =  ""Abilene""","SELECT count(*) FROM flights AS T1 JOIN airports AS T2 ON T1.destairport = T2.airportcode WHERE T2.city IN ('Aberdeen', 'Abilene')","SELECT COUNT(*) FROM flights AS T1 INNER JOIN airports AS T2 ON T1.destairport = T2.airportcode WHERE T2.city IN ('Aberdeen', 'Abilene')",1,1
How many flights land in Aberdeen or Abilene?,hard,"SELECT count(*) FROM Flights AS T1 JOIN Airports AS T2 ON T1.DestAirport  =  T2.AirportCode WHERE T2.city  =  ""Aberdeen"" OR T2.city  =  ""Abilene""",SELECT count(*) FROM flights AS T1 JOIN airports AS T2 ON T1.destairport  =  T2.airportcode WHERE T2.city  =  'Aberdeen' OR T2.city  =  'Abilene' ,"SELECT COUNT(*) FROM flights AS T1 INNER JOIN airports AS T2 ON T1.destairport = T2.airportcode WHERE T2.city IN ('Aberdeen', 'Abilene')",1,1
Find the name of airports which do not have any flight in and out.,hard,SELECT AirportName FROM Airports WHERE AirportCode NOT IN (SELECT SourceAirport FROM Flights UNION SELECT DestAirport FROM Flights),SELECT airportname FROM airports WHERE airportcode NOT IN ( SELECT sourceairport FROM flights ) AND airportcode NOT IN ( SELECT destairport FROM flights ),SELECT airportname FROM airports WHERE airportcode NOT IN (SELECT sourceairport FROM flights UNION SELECT destairport FROM flights),1,1
Which airports do not have departing or arriving flights?,hard,SELECT AirportName FROM Airports WHERE AirportCode NOT IN (SELECT SourceAirport FROM Flights UNION SELECT DestAirport FROM Flights),SELECT airportname FROM airports WHERE airportcode NOT IN ( SELECT sourceairport FROM flights ) AND airportcode NOT IN ( SELECT destairport FROM flights ) ,SELECT airportname FROM airports WHERE airportcode NOT IN (SELECT sourceairport FROM flights UNION SELECT destairport FROM flights),1,1
How many employees are there?,easy,SELECT count(*) FROM employee,SELECT COUNT(employee_id) FROM employee,SELECT COUNT(employee_id) FROM employee,1,1
Count the number of employees,easy,SELECT count(*) FROM employee,SELECT COUNT(employee_id) FROM employee,SELECT COUNT(employee_id) FROM employee  Step-by-Step Sub-Questions: 1. What table contains information about employees? 2. What column in the employee table uniquely identifies each employee? 3. How can we count the number of unique employees based on the employee_id column?,1,0
Sort employee names by their age in ascending order.,easy,SELECT name FROM employee ORDER BY age,SELECT name FROM employee ORDER BY age ASC,SELECT name FROM employee ORDER BY age ASC,1,1
List the names of employees and sort in ascending order of age.,easy,SELECT name FROM employee ORDER BY age,SELECT name FROM employee ORDER BY age ASC,SELECT name FROM employee ORDER BY age ASC,1,1
What is the number of employees from each city?,medium,"SELECT count(*) ,  city FROM employee GROUP BY city","SELECT COUNT(employee_id), city FROM employee GROUP BY city","SELECT T1.city, COUNT(T1.employee_id) FROM employee AS T1 GROUP BY T1.city",1,0
Count the number of employees for each city.,medium,"SELECT count(*) ,  city FROM employee GROUP BY city","SELECT COUNT(employee_id), city FROM employee GROUP BY city","SELECT T1.city, COUNT(T1.employee_id) FROM employee AS T1 GROUP BY T1.city",1,0
Which cities do more than one employee under age 30 come from?,medium,SELECT city FROM employee WHERE age  <  30 GROUP BY city HAVING count(*)  >  1,SELECT city FROM employee WHERE age < 30 GROUP BY city HAVING COUNT(employee_id) > 1,SELECT T1.city FROM employee AS T1 WHERE T1.age < 30 GROUP BY T1.city HAVING COUNT(T1.employee_id) > 1,1,1
Find the cities that have more than one employee under age 30.,medium,SELECT city FROM employee WHERE age  <  30 GROUP BY city HAVING count(*)  >  1,SELECT city FROM employee WHERE age < 30 GROUP BY city HAVING COUNT(employee_id) > 1,SELECT T1.city FROM employee AS T1 WHERE T1.age < 30 GROUP BY T1.city HAVING COUNT(T1.employee_id) > 1,1,1
Find the number of shops in each location.,medium,"SELECT count(*) ,  LOCATION FROM shop GROUP BY LOCATION","SELECT location, COUNT(*) FROM shop GROUP BY location","SELECT location, COUNT(*) FROM shop GROUP BY location",0,0
How many shops are there in each location?,medium,"SELECT count(*) ,  LOCATION FROM shop GROUP BY LOCATION","SELECT location, COUNT(*) FROM shop GROUP BY location","SELECT location, COUNT(*) FROM shop GROUP BY location",0,0
Find the manager name and district of the shop whose number of products is the largest.,medium,"SELECT manager_name ,  district FROM shop ORDER BY number_products DESC LIMIT 1","SELECT T2.manager_name, T2.district FROM shop AS T1 JOIN hiring AS T2 ON T1.shop_id = T2.shop_id ORDER BY T1.number_products DESC LIMIT 1",NULL,0,0
What are the manager name and district of the shop that sells the largest number of products?,medium,"SELECT manager_name ,  district FROM shop ORDER BY number_products DESC LIMIT 1","SELECT T2.manager_name, T2.district FROM shop AS T1 JOIN hiring AS T2 ON T1.shop_id = T2.shop_id ORDER BY T1.number_products DESC LIMIT 1","SELECT T2.manager_name, T2.district FROM shop AS T1 INNER JOIN hiring AS T2 ON T1.shop_id = T2.shop_id WHERE T1.number_products = (SELECT MAX(number_products) FROM shop)",0,0
find the minimum and maximum number of products of all stores.,medium,"SELECT min(Number_products) ,  max(Number_products) FROM shop","SELECT min(number_products) ,  max(number_products) FROM shop","SELECT min(number_products), max(number_products) FROM shop  Step-by-Step Sub-Questions: 1. What information are we looking for about the stores? 2. Which table contains the information about the number of products in each store? 3. How can we find the minimum number of products among all stores? 4. How can we find the maximum number of products among all stores? 5. What is the final SQL query to retrieve the minimum and maximum number of products?",1,0
What are the minimum and maximum number of products across all the shops?,medium,"SELECT min(Number_products) ,  max(Number_products) FROM shop","SELECT min(number_products) ,  max(number_products) FROM shop","SELECT min(number_products), max(number_products) FROM shop",1,1
"Return the name, location and district of all shops in descending order of number of products.",medium,"SELECT name ,  LOCATION ,  district FROM shop ORDER BY number_products DESC","SELECT name ,  location ,  district FROM shop ORDER BY number_products DESC","SELECT name, location, district FROM shop ORDER BY number_products DESC",1,1
"Sort all the shops by number products in descending order, and return the name, location and district of each shop.",medium,"SELECT name ,  LOCATION ,  district FROM shop ORDER BY number_products DESC","SELECT name, location, district FROM shop ORDER BY number_products DESC","SELECT name, location, district FROM shop ORDER BY number_products DESC",1,1
Find the names of stores whose number products is more than the average number of products.,hard,SELECT name FROM shop WHERE number_products  >  (SELECT avg(number_products) FROM shop),SELECT name FROM shop WHERE number_products > ( SELECT AVG(number_products) FROM shop ) ,SELECT T2.name FROM shop AS T1 INNER JOIN evaluation AS T2 ON T1.shop_id = T2.shop_id WHERE T1.number_products > (SELECT AVG(number_products) FROM shop),1,0
Which shops' number products is above the average? Give me the shop names.,hard,SELECT name FROM shop WHERE number_products  >  (SELECT avg(number_products) FROM shop),Select the names of shops whose number of products is greater than the average number of products across all shops.  SQLite Query: : Select T2.name FROM hiring AS T1 JOIN shop AS T2 ON T1.shop_id = T2.shop_id WHERE T2.number_products > ( SELECT AVG(number_products) FROM shop ) ,SELECT T2.name FROM hiring AS T1 INNER JOIN shop AS T2 ON T1.shop_id = T2.shop_id WHERE T2.number_products > (SELECT AVG(number_products) FROM shop),0,1
find the name of employee who was awarded the most times in the evaluation.,extra,SELECT t1.name FROM employee AS t1 JOIN evaluation AS t2 ON t1.Employee_ID  =  t2.Employee_ID GROUP BY t2.Employee_ID ORDER BY count(*) DESC LIMIT 1,SELECT T1.name FROM employee AS T1 JOIN evaluation AS T2 ON T1.employee_id = T2.employee_id GROUP BY T1.name ORDER BY COUNT(T2.year_awarded) DESC LIMIT 1,SELECT T1.name FROM employee AS T1 INNER JOIN evaluation AS T2 ON T1.employee_id = T2.employee_id GROUP BY T1.name ORDER BY COUNT(T2.year_awarded) DESC LIMIT 1  Step-by-Step Sub-Questions: . What employees have been awarded in the evaluation? 2. How many times has each employee been awarded? 3. Which employee has been awarded the most times? 4. What is the name of this employee?,1,0
Which employee received the most awards in evaluations? Give me the employee name.,extra,SELECT t1.name FROM employee AS t1 JOIN evaluation AS t2 ON t1.Employee_ID  =  t2.Employee_ID GROUP BY t2.Employee_ID ORDER BY count(*) DESC LIMIT 1,SELECT T1.name FROM employee AS T1 JOIN evaluation AS T2 ON T1.employee_id = T2.employee_id GROUP BY T1.employee_id ORDER BY COUNT(T2.year_awarded) DESC LIMIT 1,SELECT T1.name FROM employee AS T1 INNER JOIN evaluation AS T2 ON T1.employee_id = T2.employee_id GROUP BY T1.employee_id ORDER BY COUNT(T2.year_awarded) DESC LIMIT 1,1,1
Find the name of the employee who got the highest one time bonus.,hard,SELECT t1.name FROM employee AS t1 JOIN evaluation AS t2 ON t1.Employee_ID  =  t2.Employee_ID ORDER BY t2.bonus DESC LIMIT 1,SELECT T1.name FROM employee AS T1 JOIN evaluation AS T2 ON T1.employee_id = T2.employee_id WHERE T2.bonus = ( SELECT MAX(bonus) FROM evaluation ) LIMIT 1,SELECT T1.name FROM employee AS T1 INNER JOIN evaluation AS T2 ON T1.employee_id = T2.employee_id WHERE T2.bonus = (SELECT MAX(bonus) FROM evaluation WHERE bonus IS NOT NULL),1,1
Which employee received the biggest bonus? Give me the employee name.,hard,SELECT t1.name FROM employee AS t1 JOIN evaluation AS t2 ON t1.Employee_ID  =  t2.Employee_ID ORDER BY t2.bonus DESC LIMIT 1,SELECT T1.name FROM employee AS T1 JOIN evaluation AS T2 ON T1.employee_id = T2.employee_id ORDER BY T2.bonus DESC LIMIT 1,SELECT T1.name FROM employee AS T1 INNER JOIN evaluation AS T2 ON T1.employee_id = T2.employee_id ORDER BY T2.bonus DESC LIMIT 1,1,1
Find the names of employees who never won any award in the evaluation.,hard,SELECT name FROM employee WHERE Employee_ID NOT IN (SELECT Employee_ID FROM evaluation),SELECT name FROM employee WHERE employee_id NOT IN ( SELECT employee_id FROM evaluation ) ,SELECT name FROM employee WHERE employee_id NOT IN (SELECT employee_id FROM evaluation),1,1
What are the names of the employees who never received any evaluation?,hard,SELECT name FROM employee WHERE Employee_ID NOT IN (SELECT Employee_ID FROM evaluation),Select the names of employees from the employee table where the employee_id does not exist in the evaluation table.  SQLite Query: : Select name from employee where employee_id not in (Select employee_id from evaluation),SELECT name FROM employee WHERE employee_id NOT IN (SELECT employee_id FROM evaluation),0,1
What is the name of the shop that is hiring the largest number of employees?,extra,SELECT t2.name FROM hiring AS t1 JOIN shop AS t2 ON t1.shop_id  =  t2.shop_id GROUP BY t1.shop_id ORDER BY count(*) DESC LIMIT 1,NULL,SELECT T2.name FROM hiring AS T1 INNER JOIN shop AS T2 ON T1.shop_id = T2.shop_id GROUP BY T2.name ORDER BY COUNT(T1.employee_id) DESC LIMIT 1,0,1
Which shop has the most employees? Give me the shop name.,extra,SELECT t2.name FROM hiring AS t1 JOIN shop AS t2 ON t1.shop_id  =  t2.shop_id GROUP BY t1.shop_id ORDER BY count(*) DESC LIMIT 1,SELECT T2.name FROM hiring AS T1 JOIN shop AS T2 ON T1.shop_id = T2.shop_id GROUP BY T2.shop_id ORDER BY COUNT(T1.employee_id) DESC LIMIT 1,SELECT T2.name FROM hiring AS T1 INNER JOIN shop AS T2 ON T1.shop_id = T2.shop_id GROUP BY T2.shop_id ORDER BY COUNT(T1.employee_id) DESC LIMIT 1  Step-by-Step Sub-Questions: 1. Which shops have employees? 2. How many employees does each shop have? 3. Which shop has the most employees? 4. What is the name of the shop with the most employees?,1,0
Find the name of the shops that do not hire any employee.,hard,SELECT name FROM shop WHERE shop_id NOT IN (SELECT shop_id FROM hiring),SELECT name FROM shop WHERE shop_id NOT IN (SELECT shop_id FROM hiring),SELECT name FROM shop WHERE shop_id NOT IN (SELECT shop_id FROM hiring),1,1
Which shops run with no employees? Find the shop names,hard,SELECT name FROM shop WHERE shop_id NOT IN (SELECT shop_id FROM hiring),NULL,SELECT name FROM shop WHERE shop_id NOT IN (SELECT shop_id FROM hiring),0,1
Find the number of employees hired in each shop; show the shop name as well.,medium,"SELECT count(*) ,  t2.name FROM hiring AS t1 JOIN shop AS t2 ON t1.shop_id  =  t2.shop_id GROUP BY t2.name","SELECT T2.name, COUNT(T1.employee_id) FROM hiring AS T1 JOIN shop AS T2 ON T1.shop_id = T2.shop_id GROUP BY T2.name","SELECT T2.name, COUNT(T1.employee_id) FROM hiring AS T1 INNER JOIN shop AS T2 ON T1.shop_id = T2.shop_id GROUP BY T1.shop_id",0,0
"For each shop, return the number of employees working there and the name of the shop.",medium,"SELECT count(*) ,  t2.name FROM hiring AS t1 JOIN shop AS t2 ON t1.shop_id  =  t2.shop_id GROUP BY t2.name","SELECT T2.name ,  COUNT(*) FROM hiring AS T1 JOIN shop AS T2 ON T1.shop_id  =  T2.shop_id GROUP BY T1.shop_id","SELECT T2.name, COUNT(T1.employee_id) FROM hiring AS T1 INNER JOIN shop AS T2 ON T1.shop_id = T2.shop_id GROUP BY T2.name  Step-by-Step Sub-Questions: . What are the names of the shops? 2. How many employees are working in each shop? 3. How can we combine the shop names with the employee counts?",0,0
What is total bonus given in all evaluations?,easy,SELECT sum(bonus) FROM evaluation,SELECT sum(bonus) FROM evaluation,SELECT SUM(bonus) FROM evaluation  Step-by-Step Sub-Questions: 1. What table contains information about evaluations? 2. What column in the evaluation table contains the bonus information? 3. How can we calculate the total bonus given in all evaluations?,1,0
Find the total amount of bonus given in all the evaluations.,easy,SELECT sum(bonus) FROM evaluation,SELECT sum(bonus) FROM evaluation,SELECT SUM(bonus) FROM evaluation,1,1
Give me all the information about hiring.,easy,SELECT * FROM hiring,SELECT * FROM hiring,SELECT * FROM hiring,1,1
What is all the information about hiring?,easy,SELECT * FROM hiring,SELECT * FROM hiring,SELECT * FROM hiring,1,1
Which district has both stores with less than 3000 products and stores with more than 10000 products?,hard,SELECT district FROM shop WHERE Number_products  <  3000 INTERSECT SELECT district FROM shop WHERE Number_products  >  10000,SELECT district FROM shop WHERE number_products < 3000 INTERSECT SELECT district FROM shop WHERE number_products > 10000,SELECT T2.district FROM shop AS T1 INNER JOIN evaluation AS T2 ON T1.shop_id = T2.shop_id WHERE T1.number_products < 3000 INTERSECT SELECT T2.district FROM shop AS T1 INNER JOIN evaluation AS T2 ON T1.shop_id = T2.shop_id WHERE T1.number_products > 10000,1,0
Find the districts in which there are both shops selling less than 3000 products and shops selling more than 10000 products.,hard,SELECT district FROM shop WHERE Number_products  <  3000 INTERSECT SELECT district FROM shop WHERE Number_products  >  10000,SELECT DISTINCT T2.district FROM hiring AS T1 JOIN shop AS T2 ON T1.shop_id = T2.shop_id WHERE T2.number_products < 3000 INTERSECT SELECT DISTINCT T2.district FROM hiring AS T1 JOIN shop AS T2 ON T1.shop_id = T2.shop_id WHERE T2.number_products > 10000,SELECT T1.district FROM shop AS T1 WHERE T1.number_products < 3000 INTERSECT SELECT T1.district FROM shop AS T1 WHERE T1.number_products > 10000,1,1
How many different store locations are there?,easy,SELECT count(DISTINCT LOCATION) FROM shop,SELECT COUNT(DISTINCT location) FROM shop,SELECT COUNT(DISTINCT location) FROM shop,1,1
Count the number of distinct store locations.,easy,SELECT count(DISTINCT LOCATION) FROM shop,SELECT COUNT(DISTINCT location) FROM shop,SELECT COUNT(DISTINCT location) FROM shop,1,1
How many documents do we have?,easy,SELECT count(*) FROM Documents,NULL,SELECT COUNT(*) FROM documents,0,1
Count the number of documents.,easy,SELECT count(*) FROM Documents,SELECT COUNT(*) FROM documents,SELECT COUNT(*) FROM documents,1,1
"List document IDs, document names, and document descriptions for all documents.",medium,"SELECT document_id ,  document_name ,  document_description FROM Documents","SELECT document_id, document_name, document_description FROM documents","SELECT document_id, document_name, document_description FROM documents",1,1
"What are the ids, names, and descriptions for all documents?",medium,"SELECT document_id ,  document_name ,  document_description FROM Documents","SELECT document_id, document_name, document_description FROM documents","SELECT document_id, document_name, document_description FROM documents",1,1
What is the document name and template id for document with description with the letter 'w' in it?,medium,"SELECT document_name ,  template_id FROM Documents WHERE Document_Description LIKE ""%w%""","SELECT document_name, template_id FROM documents WHERE document_description LIKE '%w%'","SELECT T2.document_name, T2.template_id FROM documents AS T1 INNER JOIN templates AS T2 ON T1.template_id = T2.template_id WHERE T1.document_description LIKE '%w%'",1,0
Return the names and template ids for documents that contain the letter w in their description.,medium,"SELECT document_name ,  template_id FROM Documents WHERE Document_Description LIKE ""%w%""","SELECT document_name, template_id FROM documents WHERE document_description LIKE '%w%'","SELECT T2.document_name, T1.template_id FROM templates AS T1 INNER JOIN documents AS T2 ON T1.template_id = T2.template_id WHERE T2.document_description LIKE '%w%'",1,1
"What is the document id, template id and description for document named ""Robbin CV""?",medium,"SELECT document_id ,  template_id ,  Document_Description FROM Documents WHERE document_name  =  ""Robbin CV""","SELECT document_id, template_id, document_description FROM documents WHERE document_name = 'Robbin CV'","SELECT document_id, template_id, document_description FROM documents WHERE document_name = 'Robbin CV'",1,1
"Return the document id, template id, and description for the document with the name Robbin CV.",medium,"SELECT document_id ,  template_id ,  Document_Description FROM Documents WHERE document_name  =  ""Robbin CV""","SELECT document_id, template_id, document_description FROM documents WHERE document_name = 'Robbin CV'","SELECT document_id, template_id, document_description FROM documents WHERE document_name = 'Robbin CV'",1,1
How many different templates do all document use?,easy,SELECT count(DISTINCT template_id) FROM Documents,SELECT COUNT(DISTINCT template_id) FROM documents,"SELECT COUNT(DISTINCT T1.template_id) FROM documents AS T1 INNER JOIN templates AS T2 ON T1.template_id = T2.template_id  Step-by-Step Sub-Questions: 1. What documents are there? 2. For each document, what template is it using? 3. How many unique templates are used across all documents?",1,0
Count the number of different templates used for documents.,easy,SELECT count(DISTINCT template_id) FROM Documents,SELECT COUNT(DISTINCT template_id) FROM documents,SELECT COUNT(DISTINCT template_id) FROM documents,1,1
How many documents are using the template with type code 'PPT'?,medium,SELECT count(*) FROM Documents AS T1 JOIN Templates AS T2 ON T1.Template_ID  =  T2.Template_ID WHERE T2.Template_Type_Code  =  'PPT',NULL,SELECT COUNT(DISTINCT T2.document_id) FROM ref_template_types AS T1 INNER JOIN templates AS T2 ON T1.template_type_code = T2.template_type_code WHERE T1.template_type_code = 'PPT',0,0
Count the number of documents that use the PPT template type.,medium,SELECT count(*) FROM Documents AS T1 JOIN Templates AS T2 ON T1.Template_ID  =  T2.Template_ID WHERE T2.Template_Type_Code  =  'PPT',SELECT COUNT(*) FROM documents AS T1 JOIN templates AS T2 ON T1.template_id = T2.template_id WHERE T2.template_type_code = 'PPT',SELECT COUNT(*) FROM documents AS T1 INNER JOIN templates AS T2 ON T1.template_id = T2.template_id WHERE T2.template_type_code = 'PPT',1,1
Show all template ids and number of documents using each template.,medium,"SELECT template_id ,  count(*) FROM Documents GROUP BY template_id","SELECT T1.template_id ,  COUNT(*) FROM templates AS T1 JOIN documents AS T2 ON T1.template_id = T2.template_id GROUP BY T1.template_id","SELECT T1.template_id, COUNT(T2.document_id) FROM templates AS T1 INNER JOIN documents AS T2 ON T1.template_id = T2.template_id GROUP BY T1.template_id",1,1
"What are all different template ids used for documents, and how many times were each of them used?",medium,"SELECT template_id ,  count(*) FROM Documents GROUP BY template_id","SELECT template_id, COUNT(*) FROM documents GROUP BY template_id","SELECT T1.template_id, COUNT(*) FROM documents AS T1 INNER JOIN paragraphs AS T2 ON T1.document_id = T2.document_id GROUP BY T1.template_id",1,0
What is the id and type code for the template used by the most documents?,extra,"SELECT T1.template_id ,  T2.Template_Type_Code FROM Documents AS T1 JOIN Templates AS T2 ON T1.template_id  =  T2.template_id GROUP BY T1.template_id ORDER BY count(*) DESC LIMIT 1","SELECT T1.template_id, T1.template_type_code FROM templates AS T1 JOIN documents AS T2 ON T1.template_id = T2.template_id GROUP BY T1.template_id, T1.template_type_code ORDER BY COUNT(*) DESC LIMIT 1","SELECT T1.template_id, T1.template_type_code FROM templates AS T1 INNER JOIN documents AS T2 ON T1.template_id = T2.template_id GROUP BY T1.template_id, T1.template_type_code ORDER BY COUNT(*) DESC LIMIT 1",0,0
Return the id and type code of the template that is used for the greatest number of documents.,extra,"SELECT T1.template_id ,  T2.Template_Type_Code FROM Documents AS T1 JOIN Templates AS T2 ON T1.template_id  =  T2.template_id GROUP BY T1.template_id ORDER BY count(*) DESC LIMIT 1","SELECT T1.template_id, T1.template_type_code FROM templates AS T1 JOIN documents AS T2 ON T1.template_id = T2.template_id GROUP BY T1.template_id, T1.template_type_code ORDER BY COUNT(*) DESC LIMIT 1","SELECT T1.template_id, T1.template_type_code FROM templates AS T1 INNER JOIN documents AS T2 ON T1.template_id = T2.template_id GROUP BY T1.template_id, T1.template_type_code ORDER BY COUNT(*) DESC LIMIT 1",0,0
Show ids for all templates that are used by more than one document.,easy,SELECT template_id FROM Documents GROUP BY template_id HAVING count(*)  >  1,SELECT template_id FROM documents GROUP BY template_id HAVING COUNT(*) > 1,SELECT T1.template_id FROM templates AS T1 INNER JOIN documents AS T2 ON T1.template_id = T2.template_id GROUP BY T1.template_id HAVING COUNT(T2.document_id) > 1,1,1
What are the template ids of any templates used in more than a single document?,easy,SELECT template_id FROM Documents GROUP BY template_id HAVING count(*)  >  1,SELECT template_id FROM documents GROUP BY template_id HAVING COUNT(*) > 1,SELECT T1.template_id FROM templates AS T1 INNER JOIN documents AS T2 ON T1.template_id = T2.template_id GROUP BY T1.template_id HAVING COUNT(T2.document_id) > 1,1,1
Show ids for all templates not used by any document.,hard,SELECT template_id FROM Templates EXCEPT SELECT template_id FROM Documents,SELECT template_id FROM templates WHERE template_id NOT IN ( SELECT template_id FROM documents ),SELECT template_id FROM templates WHERE template_id NOT IN (SELECT template_id FROM documents),1,1
What are the ids for templates that are not used in any documents?,hard,SELECT template_id FROM Templates EXCEPT SELECT template_id FROM Documents,SELECT template_id FROM templates WHERE template_id NOT IN ( SELECT template_id FROM documents ),SELECT template_id FROM templates WHERE template_id NOT IN (SELECT template_id FROM documents),1,1
How many templates do we have?,easy,SELECT count(*) FROM Templates,SELECT COUNT(template_id) FROM templates,SELECT COUNT(template_id) FROM templates,1,1
Count the number of templates.,easy,SELECT count(*) FROM Templates,SELECT COUNT(*) FROM templates,SELECT COUNT(template_id) FROM templates,1,1
"Show template ids, version numbers, and template type codes for all templates.",medium,"SELECT template_id ,  version_number ,  template_type_code FROM Templates","SELECT template_id, version_number, template_type_code FROM templates","SELECT template_id, version_number, template_type_code FROM templates",1,1
"What are the ids, version numbers, and type codes for each template?",medium,"SELECT template_id ,  version_number ,  template_type_code FROM Templates","SELECT template_id, version_number, template_type_code FROM templates","SELECT template_id, version_number, template_type_code FROM templates",1,1
Show all distinct template type codes for all templates.,easy,SELECT DISTINCT template_type_code FROM Templates,SELECT DISTINCT template_type_code FROM templates,SELECT DISTINCT template_type_code FROM templates,1,1
What are the different template type codes?,easy,SELECT DISTINCT template_type_code FROM Templates,SELECT DISTINCT template_type_code FROM templates,SELECT DISTINCT template_type_code FROM ref_template_types,1,1
What are the ids of templates with template type code PP or PPT?,medium,"SELECT template_id FROM Templates WHERE template_type_code  =  ""PP"" OR template_type_code  =  ""PPT""","SELECT template_id FROM templates WHERE template_type_code IN ('PP', 'PPT')","SELECT template_id FROM templates WHERE template_type_code IN ('PP', 'PPT')",1,1
Return the ids of templates that have the code PP or PPT.,medium,"SELECT template_id FROM Templates WHERE template_type_code  =  ""PP"" OR template_type_code  =  ""PPT""","SELECT template_id FROM templates WHERE template_type_code IN ('PP', 'PPT')","SELECT template_id FROM templates WHERE template_type_code IN ('PP', 'PPT')",1,1
How many templates have template type code CV?,easy,"SELECT count(*) FROM Templates WHERE template_type_code  =  ""CV""",SELECT COUNT(*) FROM templates WHERE template_type_code = 'CV',SELECT COUNT(*) FROM templates WHERE template_type_code = 'CV',1,1
Count the number of templates of the type CV.,easy,"SELECT count(*) FROM Templates WHERE template_type_code  =  ""CV""",SELECT COUNT(*) FROM templates WHERE template_type_code = 'CV',SELECT COUNT(*) FROM templates WHERE template_type_code = 'CV',1,1
What is the version number and template type code for the template with version number later than 5?,medium,"SELECT version_number ,  template_type_code FROM Templates WHERE version_number  >  5","SELECT version_number, template_type_code FROM templates WHERE version_number > 5","SELECT version_number, template_type_code FROM templates WHERE version_number > 5",1,1
Return the version numbers and template type codes of templates with a version number greater than 5.,medium,"SELECT version_number ,  template_type_code FROM Templates WHERE version_number  >  5","SELECT version_number, template_type_code FROM templates WHERE version_number > 5","SELECT version_number, template_type_code FROM templates WHERE version_number > 5",1,1
Show all template type codes and number of templates for each.,medium,"SELECT template_type_code ,  count(*) FROM Templates GROUP BY template_type_code","SELECT template_type_code, COUNT(template_id) FROM templates GROUP BY template_type_code","SELECT T1.template_type_code, COUNT(T1.template_id) FROM ref_template_types AS T1 INNER JOIN templates AS T2 ON T1.template_type_code = T2.template_type_code GROUP BY T1.template_type_code",1,0
"What are the different template type codes, and how many templates correspond to each?",medium,"SELECT template_type_code ,  count(*) FROM Templates GROUP BY template_type_code","SELECT template_type_code, COUNT(*) AS number_of_templates FROM templates GROUP BY template_type_code","SELECT template_type_code, COUNT(*) FROM templates GROUP BY template_type_code",1,1
Which template type code has most number of templates?,hard,SELECT template_type_code FROM Templates GROUP BY template_type_code ORDER BY count(*) DESC LIMIT 1,SELECT template_type_code FROM templates GROUP BY template_type_code ORDER BY COUNT(*) DESC LIMIT 1,SELECT template_type_code FROM templates GROUP BY template_type_code ORDER BY COUNT(*) DESC LIMIT 1,1,1
Return the type code of the template type that the most templates belong to.,hard,SELECT template_type_code FROM Templates GROUP BY template_type_code ORDER BY count(*) DESC LIMIT 1,SELECT template_type_code FROM templates GROUP BY template_type_code ORDER BY COUNT(*) DESC LIMIT 1,SELECT T1.template_type_code FROM ref_template_types AS T1 INNER JOIN templates AS T2 ON T1.template_type_code = T2.template_type_code GROUP BY T1.template_type_code ORDER BY COUNT(T2.template_id) DESC LIMIT 1,1,1
Show all template type codes with less than three templates.,easy,SELECT template_type_code FROM Templates GROUP BY template_type_code HAVING count(*)  <  3,SELECT template_type_code FROM templates GROUP BY template_type_code HAVING COUNT(*) < 3,SELECT template_type_code FROM templates GROUP BY template_type_code HAVING COUNT(*) < 3,1,1
What are the codes of template types that have fewer than 3 templates?,easy,SELECT template_type_code FROM Templates GROUP BY template_type_code HAVING count(*)  <  3,SELECT template_type_code FROM templates GROUP BY template_type_code HAVING COUNT(*) < 3,SELECT T1.template_type_code FROM ref_template_types AS T1 INNER JOIN templates AS T2 ON T1.template_type_code = T2.template_type_code GROUP BY T1.template_type_code HAVING COUNT(T2.template_id) < 3,1,1
What the smallest version number and its template type code?,medium,"SELECT min(Version_Number) ,  template_type_code FROM Templates","Select the smallest version number and its template type code from the templates table.  SQLite Query: SELECT MIN(version_number), template_type_code FROM templates","SELECT MIN(version_number), template_type_code FROM templates GROUP BY template_type_code",0,0
"Return the lowest version number, along with its corresponding template type code.",medium,"SELECT min(Version_Number) ,  template_type_code FROM Templates","SELECT MIN(version_number), template_type_code FROM templates","SELECT MIN(version_number), template_type_code FROM templates GROUP BY template_type_code",1,0
"What is the template type code of the template used by document with the name ""Data base""?",medium,"SELECT T1.template_type_code FROM Templates AS T1 JOIN Documents AS T2 ON T1.template_id  =  T2.template_id WHERE T2.document_name  =  ""Data base""",SELECT T1.template_type_code FROM templates AS T1 JOIN documents AS T2 ON T1.template_id = T2.template_id WHERE T2.document_name = 'Data base',SELECT T2.template_type_code FROM documents AS T1 INNER JOIN templates AS T2 ON T1.template_id = T2.template_id WHERE T1.document_name = 'Data base',1,1
Return the template type code of the template that is used by a document named Data base.,medium,"SELECT T1.template_type_code FROM Templates AS T1 JOIN Documents AS T2 ON T1.template_id  =  T2.template_id WHERE T2.document_name  =  ""Data base""",SELECT T1.template_type_code FROM templates AS T1 JOIN documents AS T2 ON T1.template_id = T2.template_id WHERE T2.document_name = 'Data base',SELECT T2.template_type_code FROM documents AS T1 INNER JOIN ref_template_types AS T2 ON T1.template_type_code = T2.template_type_code WHERE T1.document_name = 'Data base',1,0
Show all document names using templates with template type code BK.,medium,"SELECT T2.document_name FROM Templates AS T1 JOIN Documents AS T2 ON T1.template_id  =  T2.template_id WHERE T1.template_type_code  =  ""BK""",SELECT document_name FROM documents WHERE template_id IN ( SELECT template_id FROM templates WHERE template_type_code = 'BK' ) ,SELECT T2.document_name FROM templates AS T1 INNER JOIN documents AS T2 ON T1.template_id = T2.template_id WHERE T1.template_type_code = 'BK',1,1
What are the names of documents that use templates with the code BK?,medium,"SELECT T2.document_name FROM Templates AS T1 JOIN Documents AS T2 ON T1.template_id  =  T2.template_id WHERE T1.template_type_code  =  ""BK""",SELECT document_name FROM documents WHERE template_id IN (SELECT template_id FROM templates WHERE template_type_code = 'BK'),SELECT T2.document_name FROM templates AS T1 INNER JOIN documents AS T2 ON T1.template_id = T2.template_id WHERE T1.template_type_code = 'BK',1,1
Show all template type codes and the number of documents using each type.,medium,"SELECT T1.template_type_code ,  count(*) FROM Templates AS T1 JOIN Documents AS T2 ON T1.template_id  =  T2.template_id GROUP BY T1.template_type_code","SELECT T1.template_type_code, COUNT(DISTINCT T2.document_id) FROM templates AS T1 JOIN documents AS T2 ON T1.template_id = T2.template_id GROUP BY T1.template_type_code","SELECT T1.template_type_code, COUNT(T2.document_id) FROM ref_template_types AS T1 INNER JOIN templates AS T2 ON T1.template_type_code = T2.template_type_code INNER JOIN documents AS T3 ON T2.template_id = T3.template_id GROUP BY T1.template_type_code",1,0
"What are the different template type codes, and how many documents use each type?",medium,"SELECT T1.template_type_code ,  count(*) FROM Templates AS T1 JOIN Documents AS T2 ON T1.template_id  =  T2.template_id GROUP BY T1.template_type_code","SELECT T1.template_type_code, COUNT(DISTINCT T2.document_id) FROM templates AS T1 JOIN documents AS T2 ON T1.template_id = T2.template_id GROUP BY T1.template_type_code","SELECT T1.template_type_code, COUNT(DISTINCT T2.document_id) FROM ref_template_types AS T1 INNER JOIN templates AS T2 ON T1.template_type_code = T2.template_type_code GROUP BY T1.template_type_code",1,0
Which template type code is used by most number of documents?,extra,SELECT T1.template_type_code FROM Templates AS T1 JOIN Documents AS T2 ON T1.template_id  =  T2.template_id GROUP BY T1.template_type_code ORDER BY count(*) DESC LIMIT 1,NULL,SELECT T1.template_type_code FROM ref_template_types AS T1 INNER JOIN templates AS T2 ON T1.template_type_code = T2.template_type_code INNER JOIN documents AS T3 ON T2.template_id = T3.template_id GROUP BY T1.template_type_code ORDER BY COUNT(T3.document_id) DESC LIMIT 1,0,1
Return the code of the template type that is most commonly used in documents.,extra,SELECT T1.template_type_code FROM Templates AS T1 JOIN Documents AS T2 ON T1.template_id  =  T2.template_id GROUP BY T1.template_type_code ORDER BY count(*) DESC LIMIT 1,SELECT template_type_code FROM templates WHERE template_id IN ( SELECT template_id FROM documents GROUP BY template_id ORDER BY COUNT(*) DESC LIMIT 1 ) LIMIT 1,SELECT T1.template_type_code FROM ref_template_types AS T1 INNER JOIN templates AS T2 ON T1.template_type_code = T2.template_type_code INNER JOIN documents AS T3 ON T2.template_id = T3.template_id GROUP BY T1.template_type_code ORDER BY COUNT(*) DESC LIMIT 1,0,1
Show all template type codes that are not used by any document.,hard,SELECT template_type_code FROM Templates EXCEPT SELECT template_type_code FROM Templates AS T1 JOIN Documents AS T2 ON T1.template_id  =  T2.template_id,SELECT template_type_code FROM ref_template_types WHERE template_type_code NOT IN ( SELECT template_type_code FROM templates WHERE template_id IN ( SELECT template_id FROM documents ) ) ,SELECT template_type_code FROM ref_template_types WHERE template_type_code NOT IN (SELECT template_type_code FROM templates WHERE template_id IN (SELECT template_id FROM documents)),1,1
What are the codes of template types that are not used for any document?,hard,SELECT template_type_code FROM Templates EXCEPT SELECT template_type_code FROM Templates AS T1 JOIN Documents AS T2 ON T1.template_id  =  T2.template_id,SELECT template_type_code FROM ref_template_types WHERE template_type_code NOT IN (SELECT template_type_code FROM templates WHERE template_id IN (SELECT template_id FROM documents)),SELECT template_type_code FROM ref_template_types WHERE template_type_code NOT IN (SELECT template_type_code FROM templates WHERE template_id IN (SELECT template_id FROM documents)),1,1
Show all template type codes and descriptions.,medium,"SELECT template_type_code ,  template_type_description FROM Ref_template_types","SELECT template_type_code, template_type_description FROM ref_template_types","SELECT template_type_code, template_type_description FROM ref_template_types",1,1
What are the type codes and descriptions for all template types?,medium,"SELECT template_type_code ,  template_type_description FROM Ref_template_types",Select template_type_code and template_type_description from ref_template_types,"SELECT template_type_code, template_type_description FROM ref_template_types",0,1
"What is the template type descriptions for template type code ""AD"".",easy,"SELECT template_type_description FROM Ref_template_types WHERE template_type_code  =  ""AD""",SELECT template_type_description FROM ref_template_types WHERE template_type_code = 'AD',SELECT template_type_description FROM ref_template_types WHERE template_type_code = 'AD',1,1
Return the template type description of the template type with the code AD.,easy,"SELECT template_type_description FROM Ref_template_types WHERE template_type_code  =  ""AD""",SELECT template_type_description FROM ref_template_types WHERE template_type_code = 'AD',SELECT template_type_description FROM ref_template_types WHERE template_type_code = 'AD',1,1
"What is the template type code for template type description ""Book"".",easy,"SELECT template_type_code FROM Ref_template_types WHERE template_type_description  =  ""Book""",SELECT template_type_code FROM ref_template_types WHERE template_type_description = 'Book',SELECT template_type_code FROM ref_template_types WHERE template_type_description = 'Book',1,1
"Return the type code of the template type with the description ""Book"".",easy,"SELECT template_type_code FROM Ref_template_types WHERE template_type_description  =  ""Book""",SELECT template_type_code FROM ref_template_types WHERE template_type_description = 'Book',SELECT template_type_code FROM ref_template_types WHERE template_type_description = 'Book',1,1
What are the distinct template type descriptions for the templates ever used by any document?,medium,SELECT DISTINCT T1.template_type_description FROM Ref_template_types AS T1 JOIN Templates AS T2 ON T1.template_type_code  = T2.template_type_code JOIN Documents AS T3 ON T2.Template_ID  =  T3.template_ID,SELECT DISTINCT T1.template_type_description FROM ref_template_types AS T1 JOIN templates AS T2 ON T1.template_type_code = T2.template_type_code JOIN documents AS T3 ON T2.template_id = T3.template_id,SELECT DISTINCT T1.template_type_description FROM ref_template_types AS T1 INNER JOIN templates AS T2 ON T1.template_type_code = T2.template_type_code INNER JOIN documents AS T3 ON T2.template_id = T3.template_id  Step-by-Step Sub-Questions: 1. What are the template type descriptions? 2. Which templates have been used by any document? 3. How can we identify the distinct template type descriptions for these templates?,1,0
Return the different descriptions for templates that have been used in a document.,medium,SELECT DISTINCT T1.template_type_description FROM Ref_template_types AS T1 JOIN Templates AS T2 ON T1.template_type_code  = T2.template_type_code JOIN Documents AS T3 ON T2.Template_ID  =  T3.template_ID,SELECT DISTINCT T1.template_description FROM ref_template_types AS T1 JOIN templates AS T2 ON T1.template_type_code = T2.template_type_code JOIN documents AS T3 ON T2.template_id = T3.template_id,"SELECT DISTINCT T1.template_description FROM ref_template_types AS T1 INNER JOIN templates AS T2 ON T1.template_type_code = T2.template_type_code INNER JOIN documents AS T3 ON T2.template_id = T3.template_id  Step-by-Step Sub-Questions: 1. What templates have been used in documents? 2. For each of these templates, what are their descriptions? 3. How can we ensure we get unique descriptions?",0,0
"What are the template ids with template type description ""Presentation"".",medium,"SELECT T2.template_id FROM Ref_template_types AS T1 JOIN Templates AS T2 ON T1.template_type_code  = T2.template_type_code WHERE T1.template_type_description  =  ""Presentation""",SELECT T1.template_id FROM templates AS T1 JOIN ref_template_types AS T2 ON T1.template_type_code = T2.template_type_code WHERE T2.template_type_description = 'Presentation',SELECT T1.template_id FROM ref_template_types AS T1 INNER JOIN templates AS T2 ON T1.template_type_code = T2.template_type_code WHERE T1.template_type_description = 'Presentation',1,0
Return the ids corresponding to templates with the description 'Presentation'.,medium,"SELECT T2.template_id FROM Ref_template_types AS T1 JOIN Templates AS T2 ON T1.template_type_code  = T2.template_type_code WHERE T1.template_type_description  =  ""Presentation""",SELECT template_id FROM templates WHERE template_type_code IN ( SELECT template_type_code FROM ref_template_types WHERE template_type_description = 'Presentation' ) AND date_effective_to IS NULL,SELECT template_id FROM templates WHERE template_details LIKE '%Presentation%',0,0
How many paragraphs in total?,easy,SELECT count(*) FROM Paragraphs,SELECT COUNT(*) FROM paragraphs,SELECT COUNT(*) FROM paragraphs,1,1
Count the number of paragraphs.,easy,SELECT count(*) FROM Paragraphs,SELECT COUNT(*) FROM paragraphs,SELECT COUNT(*) FROM paragraphs,1,1
How many paragraphs for the document with name 'Summer Show'?,medium,SELECT count(*) FROM Paragraphs AS T1 JOIN Documents AS T2 ON T1.document_ID  =  T2.document_ID WHERE T2.document_name  =  'Summer Show',NULL,SELECT COUNT(*) FROM documents AS T1 INNER JOIN paragraphs AS T2 ON T1.document_id = T2.document_id WHERE T1.document_name = 'Summer Show',0,1
Count the number of paragraphs in the document named 'Summer Show'.,medium,SELECT count(*) FROM Paragraphs AS T1 JOIN Documents AS T2 ON T1.document_ID  =  T2.document_ID WHERE T2.document_name  =  'Summer Show',SELECT COUNT(*) FROM paragraphs AS T1 JOIN documents AS T2 ON T1.document_id = T2.document_id WHERE T2.document_name = 'Summer Show',SELECT COUNT(T3.paragraph_id) FROM documents AS T1 INNER JOIN paragraphs AS T3 ON T1.document_id = T3.document_id WHERE T1.document_name = 'Summer Show',1,1
Show paragraph details for paragraph with text 'Korea ' .,medium,select other_details from paragraphs where paragraph_text like 'korea',"SELECT T1.paragraph_id, T1.document_id, T1.paragraph_text, T1.other_details FROM paragraphs AS T1 WHERE T1.paragraph_text LIKE '%Korea%' ",SELECT T1.paragraph_text FROM paragraphs AS T1 WHERE T1.paragraph_text LIKE '%Korea%' OR T1.paragraph_text LIKE '%korea%' OR T1.paragraph_text LIKE '%KOREA%',0,0
What are the details for the paragraph that includes the text 'Korea ' ?,medium,select other_details from paragraphs where paragraph_text like 'korea',SELECT T1.template_details FROM templates AS T1 JOIN documents AS T2 ON T1.template_id = T2.template_id JOIN paragraphs AS T3 ON T2.document_id = T3.document_id WHERE T3.paragraph_text LIKE '%Korea%' LIMIT 1,SELECT T3.template_details FROM documents AS T1 INNER JOIN paragraphs AS T2 ON T1.document_id = T2.document_id INNER JOIN templates AS T3 ON T2.template_id = T3.template_id WHERE T2.paragraph_text LIKE '%Korea%' AND T2.paragraph_text NOT LIKE '%Korea% ' AND T2.paragraph_text NOT LIKE '% Korea%',0,0
Show all paragraph ids and texts for the document with name 'Welcome to NY'.,medium,"SELECT T1.paragraph_id ,   T1.paragraph_text FROM Paragraphs AS T1 JOIN Documents AS T2 ON T1.document_id  =  T2.document_id WHERE T2.Document_Name  =  'Welcome to NY'","SELECT T1.paragraph_id, T1.paragraph_text FROM paragraphs AS T1 JOIN documents AS T2 ON T1.document_id = T2.document_id WHERE T2.document_name = 'Welcome to NY'","SELECT T2.paragraph_id, T2.paragraph_text FROM documents AS T1 INNER JOIN paragraphs AS T2 ON T1.document_id = T2.document_id WHERE T1.document_name = 'Welcome to NY'",1,1
What are the ids and texts of paragraphs in the document titled 'Welcome to NY'?,medium,"SELECT T1.paragraph_id ,   T1.paragraph_text FROM Paragraphs AS T1 JOIN Documents AS T2 ON T1.document_id  =  T2.document_id WHERE T2.Document_Name  =  'Welcome to NY'","SELECT T1.paragraph_id, T1.paragraph_text FROM paragraphs AS T1 JOIN documents AS T2 ON T1.document_id = T2.document_id WHERE T2.document_name = 'Welcome to NY'","SELECT T2.paragraph_id, T2.paragraph_text FROM documents AS T1 INNER JOIN paragraphs AS T2 ON T1.document_id = T2.document_id WHERE T1.document_name = 'Welcome to NY'",1,1
"Show all paragraph texts for the document ""Customer reviews"".",medium,"SELECT T1.paragraph_text FROM Paragraphs AS T1 JOIN Documents AS T2 ON T1.document_id  =  T2.document_id WHERE T2.document_name  =  ""Customer reviews""",SELECT T3.paragraph_text FROM documents AS T1 INNER JOIN paragraphs AS T3 ON T1.document_id = T3.document_id WHERE T1.document_name = 'Customer reviews',SELECT T3.paragraph_text FROM documents AS T1 INNER JOIN paragraphs AS T3 ON T1.document_id = T3.document_id WHERE T1.document_name = 'Customer reviews',1,1
What are the paragraph texts for the document with the name 'Customer reviews'?,medium,"SELECT T1.paragraph_text FROM Paragraphs AS T1 JOIN Documents AS T2 ON T1.document_id  =  T2.document_id WHERE T2.document_name  =  ""Customer reviews""",SELECT T2.paragraph_text FROM documents AS T1 INNER JOIN paragraphs AS T2 ON T1.document_id = T2.document_id WHERE T1.document_name = 'Customer reviews',SELECT T3.paragraph_text FROM documents AS T1 INNER JOIN paragraphs AS T3 ON T1.document_id = T3.document_id WHERE T1.document_name = 'Customer reviews',1,1
Show all document ids and the number of paragraphs in each document. Order by document id.,medium,"SELECT document_id ,  count(*) FROM Paragraphs GROUP BY document_id ORDER BY document_id","SELECT document_id, COUNT(*) FROM paragraphs GROUP BY document_id ORDER BY document_id","SELECT document_id, COUNT(*) FROM paragraphs GROUP BY document_id ORDER BY document_id",1,1
"Return the different document ids along with the number of paragraphs corresponding to each, ordered by id.",medium,"SELECT document_id ,  count(*) FROM Paragraphs GROUP BY document_id ORDER BY document_id","SELECT document_id, COUNT(paragraph_id) FROM paragraphs GROUP BY document_id ORDER BY document_id","SELECT document_id, COUNT(paragraph_id) FROM paragraphs GROUP BY document_id ORDER BY document_id",1,1
"Show all document ids, names and the number of paragraphs in each document.",medium,"SELECT T1.document_id ,  T2.document_name ,  count(*) FROM Paragraphs AS T1 JOIN Documents AS T2 ON T1.document_id  =  T2.document_id GROUP BY T1.document_id","SELECT document_id, document_name, COUNT(paragraph_id) FROM documents AS T1 JOIN paragraphs AS T2 ON T1.document_id = T2.document_id GROUP BY document_id, document_name","SELECT T1.document_id, T1.document_name, COUNT(T2.paragraph_id) FROM documents AS T1 INNER JOIN paragraphs AS T2 ON T1.document_id = T2.document_id GROUP BY T1.document_id, T1.document_name",0,1
"What are the ids and names of each document, as well as the number of paragraphs in each?",medium,"SELECT T1.document_id ,  T2.document_name ,  count(*) FROM Paragraphs AS T1 JOIN Documents AS T2 ON T1.document_id  =  T2.document_id GROUP BY T1.document_id","SELECT document_id, document_name, COUNT(paragraph_id) FROM documents AS T1 JOIN paragraphs AS T2 ON T1.document_id = T2.document_id GROUP BY document_id, document_name","SELECT T1.document_id, T1.document_name, COUNT(T2.paragraph_id) FROM documents AS T1 INNER JOIN paragraphs AS T2 ON T1.document_id = T2.document_id GROUP BY T1.document_id, T1.document_name",0,1
List all document ids with at least two paragraphs.,easy,SELECT document_id FROM Paragraphs GROUP BY document_id HAVING count(*)  >=  2,SELECT document_id FROM paragraphs GROUP BY document_id HAVING COUNT(*) >= 2,SELECT document_id FROM paragraphs GROUP BY document_id HAVING COUNT(*) >= 2,1,1
What are the ids of documents that have 2 or more paragraphs?,easy,SELECT document_id FROM Paragraphs GROUP BY document_id HAVING count(*)  >=  2,SELECT document_id FROM paragraphs GROUP BY document_id HAVING COUNT(*) >= 2,SELECT document_id FROM paragraphs GROUP BY document_id HAVING COUNT(*) >= 2,1,1
What is the document id and name with greatest number of paragraphs?,extra,"SELECT T1.document_id ,  T2.document_name FROM Paragraphs AS T1 JOIN Documents AS T2 ON T1.document_id  =  T2.document_id GROUP BY T1.document_id ORDER BY count(*) DESC LIMIT 1",NULL,"SELECT T1.document_id, T1.document_name FROM documents AS T1 INNER JOIN paragraphs AS T2 ON T1.document_id = T2.document_id GROUP BY T1.document_id, T1.document_name ORDER BY COUNT(T2.paragraph_id) DESC LIMIT 1",0,1
Return the id and name of the document with the most paragraphs.,extra,"SELECT T1.document_id ,  T2.document_name FROM Paragraphs AS T1 JOIN Documents AS T2 ON T1.document_id  =  T2.document_id GROUP BY T1.document_id ORDER BY count(*) DESC LIMIT 1","SELECT document_id, document_name FROM documents WHERE document_id IN ( SELECT document_id FROM paragraphs GROUP BY document_id ORDER BY COUNT(*) DESC LIMIT 1 ) ","SELECT T1.document_id, T1.document_name FROM documents AS T1 INNER JOIN paragraphs AS T2 ON T1.document_id = T2.document_id GROUP BY T1.document_id, T1.document_name ORDER BY COUNT(T2.paragraph_id) DESC LIMIT 1",1,1
What is the document id with least number of paragraphs?,hard,SELECT document_id FROM Paragraphs GROUP BY document_id ORDER BY count(*) ASC LIMIT 1,select the document with the minimum count. Here's how you can do it:  sql SELECT document_id FROM paragraphs GROUP BY document_id ORDER BY COUNT(paragraph_id) ASC LIMIT 1,SELECT document_id FROM paragraphs GROUP BY document_id ORDER BY COUNT(*) ASC LIMIT 1,0,1
Return the id of the document with the fewest paragraphs.,hard,SELECT document_id FROM Paragraphs GROUP BY document_id ORDER BY count(*) ASC LIMIT 1,SELECT document_id FROM paragraphs GROUP BY document_id ORDER BY COUNT(*) ASC LIMIT 1,SELECT document_id FROM paragraphs GROUP BY document_id ORDER BY COUNT(*) ASC LIMIT 1,1,1
What is the document id with 1 to 2 paragraphs?,easy,SELECT document_id FROM Paragraphs GROUP BY document_id HAVING count(*) BETWEEN 1 AND 2,SELECT document_id FROM paragraphs GROUP BY document_id HAVING COUNT(paragraph_id) BETWEEN 1 AND 2,SELECT document_id FROM documents WHERE document_id IN ( SELECT document_id FROM paragraphs GROUP BY document_id HAVING COUNT(*) BETWEEN 1 AND 2 ),1,1
Give the ids of documents that have between one and two paragraphs.,easy,SELECT document_id FROM Paragraphs GROUP BY document_id HAVING count(*) BETWEEN 1 AND 2,SELECT document_id FROM paragraphs GROUP BY document_id HAVING COUNT(*) BETWEEN 1 AND 2,SELECT document_id FROM paragraphs GROUP BY document_id HAVING COUNT(*) BETWEEN 1 AND 2,1,1
Show the document id with paragraph text 'Brazil' and 'Ireland'.,hard,SELECT document_id FROM Paragraphs WHERE paragraph_text  =  'Brazil' INTERSECT SELECT document_id FROM Paragraphs WHERE paragraph_text  =  'Ireland',SELECT document_id FROM paragraphs WHERE paragraph_text LIKE '%Brazil%' AND paragraph_text LIKE '%Ireland%',SELECT T1.document_id FROM documents AS T1 INNER JOIN paragraphs AS T2 ON T1.document_id = T2.document_id WHERE T2.paragraph_text LIKE '%Brazil%' AND T2.paragraph_text LIKE '%Ireland%',0,0
What are the ids of documents that contain the paragraph text 'Brazil' and 'Ireland'?,hard,SELECT document_id FROM Paragraphs WHERE paragraph_text  =  'Brazil' INTERSECT SELECT document_id FROM Paragraphs WHERE paragraph_text  =  'Ireland',SELECT document_id FROM paragraphs WHERE paragraph_text LIKE '%Brazil%' AND paragraph_text LIKE '%Ireland%',SELECT T1.document_id FROM documents AS T1 INNER JOIN paragraphs AS T2 ON T1.document_id = T2.document_id WHERE T2.paragraph_text LIKE '%Brazil%' AND T2.paragraph_text LIKE '%Ireland%',0,0
How many teachers are there?,easy,SELECT count(*) FROM teacher,SELECT COUNT(*) FROM teacher,SELECT COUNT(*) FROM teacher  Step-by-Step Sub-Questions: 1. What is the table that contains information about teachers? 2. How many rows are in this table? 3. What does the count of rows represent?,1,0
What is the total count of teachers?,easy,SELECT count(*) FROM teacher,SELECT COUNT(*) FROM teacher,SELECT COUNT(*) FROM teacher  Step-by-Step Sub-Questions: 1. What is the table that contains information about teachers? 2. How many rows are in this table? 3. What is the total count of teachers?,1,0
List the names of teachers in ascending order of age.,easy,SELECT Name FROM teacher ORDER BY Age ASC,SELECT name FROM teacher ORDER BY age ASC,SELECT T2.name FROM course_arrange AS T1 INNER JOIN teacher AS T2 ON T1.teacher_id = T2.teacher_id ORDER BY T2.age ASC,1,0
What are the names of the teachers ordered by ascending age?,easy,SELECT Name FROM teacher ORDER BY Age ASC,SELECT name FROM teacher ORDER BY age ASC,SELECT T2.name FROM course_arrange AS T1 INNER JOIN teacher AS T2 ON T1.teacher_id = T2.teacher_id ORDER BY T2.age ASC,1,0
What are the age and hometown of teachers?,medium,"SELECT Age ,  Hometown FROM teacher","SELECT age, hometown FROM teacher","SELECT T2.age, T2.hometown FROM course_arrange AS T1 INNER JOIN teacher AS T2 ON T1.teacher_id = T2.teacher_id  Step-by-Step Sub-Questions: 1. What information are we looking for about teachers? 2. Which table contains the information about teachers? 3. What is the relationship between the `course_arrange` table and the `teacher` table? 4. How can we join the `course_arrange` table with the `teacher` table to get the required information? 5. What columns from the `teacher` table do we need to select?",1,0
What is the age and hometown of every teacher?,medium,"SELECT Age ,  Hometown FROM teacher","SELECT age, hometown FROM teacher","SELECT T2.age, T2.hometown FROM course_arrange AS T1 INNER JOIN teacher AS T2 ON T1.teacher_id = T2.teacher_id  Step-by-Step Sub-Questions: 1. What is the information we need to retrieve? 2. From which table do we need to retrieve this information? 3. How do we connect the course_arrange table to the teacher table? 4. What columns from the teacher table should we select?",1,0
List the name of teachers whose hometown is not `` Little Lever Urban District '' .,easy,"select name from teacher where hometown != ""little lever urban district""",SELECT T2.name FROM course_arrange AS T1 JOIN teacher AS T2 ON T1.teacher_id = T2.teacher_id WHERE T2.hometown != 'Little Lever Urban District',SELECT T2.name FROM course_arrange AS T1 INNER JOIN teacher AS T2 ON T1.teacher_id = T2.teacher_id WHERE T2.hometown != 'Little Lever Urban District',0,0
What are the names of the teachers whose hometown is not `` Little Lever Urban District '' ?,easy,"select name from teacher where hometown != ""little lever urban district""",SELECT T2.name FROM course_arrange AS T1 JOIN teacher AS T2 ON T1.teacher_id = T2.teacher_id WHERE T2.hometown != 'Little Lever Urban District',SELECT T2.name FROM course_arrange AS T1 INNER JOIN teacher AS T2 ON T1.teacher_id = T2.teacher_id WHERE T2.hometown != 'Little Lever Urban District',0,0
Show the name of teachers aged either 32 or 33?,medium,SELECT Name FROM teacher WHERE Age  =  32 OR Age  =  33,"SELECT name FROM teacher WHERE age IN (32, 33)","SELECT name FROM teacher WHERE age IN (32, 33)",1,1
What are the names of the teachers who are aged either 32 or 33?,medium,SELECT Name FROM teacher WHERE Age  =  32 OR Age  =  33,"SELECT name FROM teacher WHERE age IN (32, 33)",SELECT T2.name FROM course_arrange AS T1 INNER JOIN teacher AS T2 ON T1.teacher_id = T2.teacher_id WHERE T2.age = 32 OR T2.age = 33,1,0
What is the hometown of the youngest teacher?,medium,SELECT Hometown FROM teacher ORDER BY Age ASC LIMIT 1,SELECT hometown FROM teacher ORDER BY age ASC LIMIT 1,SELECT T2.hometown FROM teacher AS T1 INNER JOIN course_arrange AS T2 ON T1.teacher_id = T2.teacher_id ORDER BY T1.age ASC LIMIT 1,1,0
Where is the youngest teacher from?,medium,SELECT Hometown FROM teacher ORDER BY Age ASC LIMIT 1,"Select the hometown of the youngest teacher from the teacher table. To find the youngest teacher, we need to sort the teachers by age in ascending order and select the first one. ",SELECT T2.hometown FROM teacher AS T1 INNER JOIN course_arrange AS T2 ON T1.teacher_id = T2.teacher_id ORDER BY T1.age ASC LIMIT 1,0,0
Show different hometown of teachers and the number of teachers from each hometown.,medium,"SELECT Hometown ,  COUNT(*) FROM teacher GROUP BY Hometown","SELECT T2.hometown ,  COUNT(*) FROM course_arrange AS T1 JOIN teacher AS T2 ON T1.teacher_id = T2.teacher_id GROUP BY T2.hometown","SELECT T2.hometown, COUNT(*) FROM teacher AS T1 INNER JOIN course_arrange AS T2 ON T1.teacher_id = T2.teacher_id GROUP BY T2.hometown",0,0
"For each hometown, how many teachers are there?",medium,"SELECT Hometown ,  COUNT(*) FROM teacher GROUP BY Hometown","SELECT T1.hometown ,  COUNT(*) FROM teacher AS T1 GROUP BY T1.hometown","SELECT T2.hometown, COUNT(T1.teacher_id) FROM teacher AS T1 INNER JOIN course_arrange AS T2 ON T1.teacher_id = T2.teacher_id GROUP BY T2.hometown",1,0
List the most common hometown of teachers.,hard,SELECT Hometown FROM teacher GROUP BY Hometown ORDER BY COUNT(*) DESC LIMIT 1,SELECT T2.hometown FROM course_arrange AS T1 JOIN teacher AS T2 ON T1.teacher_id = T2.teacher_id GROUP BY T2.hometown ORDER BY COUNT(*) DESC LIMIT 1,SELECT T2.hometown FROM course_arrange AS T1 INNER JOIN teacher AS T2 ON T1.teacher_id = T2.teacher_id GROUP BY T2.hometown ORDER BY COUNT(*) DESC LIMIT 1,0,0
What is the most commmon hometowns for teachers?,hard,SELECT Hometown FROM teacher GROUP BY Hometown ORDER BY COUNT(*) DESC LIMIT 1,SELECT T2.hometown FROM course_arrange AS T1 JOIN teacher AS T2 ON T1.teacher_id = T2.teacher_id GROUP BY T2.hometown ORDER BY COUNT(*) DESC LIMIT 1,SELECT T2.hometown FROM teacher AS T1 INNER JOIN course_arrange AS T2 ON T1.teacher_id = T2.teacher_id GROUP BY T2.hometown ORDER BY COUNT(*) DESC LIMIT 1,0,0
Show the hometowns shared by at least two teachers.,easy,SELECT Hometown FROM teacher GROUP BY Hometown HAVING COUNT(*)  >=  2,SELECT hometown FROM teacher GROUP BY hometown HAVING COUNT(*) >= 2,SELECT T1.hometown FROM teacher AS T1 INNER JOIN teacher AS T2 ON T1.hometown = T2.hometown WHERE T1.teacher_id != T2.teacher_id GROUP BY T1.hometown HAVING COUNT(*) >= 2,1,1
What are the towns from which at least two teachers come from?,easy,SELECT Hometown FROM teacher GROUP BY Hometown HAVING COUNT(*)  >=  2,SELECT hometown FROM teacher GROUP BY hometown HAVING COUNT(*) >= 2,SELECT T1.hometown FROM teacher AS T1 GROUP BY T1.hometown HAVING COUNT(*) >= 2,1,1
Show names of teachers and the courses they are arranged to teach.,medium,"SELECT T3.Name ,  T2.Course FROM course_arrange AS T1 JOIN course AS T2 ON T1.Course_ID  =  T2.Course_ID JOIN teacher AS T3 ON T1.Teacher_ID  =  T3.Teacher_ID","SELECT T2.name ,  T1.course FROM course AS T1 JOIN course_arrange AS T2 ON T1.course_id  =  T2.course_id JOIN teacher AS T3 ON T2.teacher_id  =  T3.teacher_id","SELECT T2.name, T1.course FROM course_arrange AS T1 INNER JOIN teacher AS T2 ON T1.teacher_id = T2.teacher_id  Step-by-Step Sub-Questions: 1. What courses are arranged for teachers? 2. Which teachers are arranged for these courses? 3. What are the names of these teachers? 4. What are the names of the courses they are arranged to teach? 5. Combine the names of teachers and the courses they are arranged to teach.",0,0
What is the name of each teacher and what course they teach?,medium,"SELECT T3.Name ,  T2.Course FROM course_arrange AS T1 JOIN course AS T2 ON T1.Course_ID  =  T2.Course_ID JOIN teacher AS T3 ON T1.Teacher_ID  =  T3.Teacher_ID","SELECT T2.name, T1.course FROM course AS T1 JOIN course_arrange AS T2 ON T1.course_id = T2.course_id JOIN teacher AS T3 ON T2.teacher_id = T3.teacher_id","SELECT T2.name, T1.course FROM course AS T1 INNER JOIN teacher AS T2 ON T1.course_id = T2.course_id INNER JOIN course_arrange AS T3 ON T1.course_id = T3.course_id",0,0
Show names of teachers and the courses they are arranged to teach in ascending alphabetical order of the teacher's name.,hard,"SELECT T3.Name ,  T2.Course FROM course_arrange AS T1 JOIN course AS T2 ON T1.Course_ID  =  T2.Course_ID JOIN teacher AS T3 ON T1.Teacher_ID  =  T3.Teacher_ID ORDER BY T3.Name","SELECT T2.name, T1.course FROM course AS T1 JOIN course_arrange AS T2 ON T1.course_id = T2.course_id JOIN teacher AS T3 ON T2.teacher_id = T3.teacher_id ORDER BY T3.name ASC","SELECT T2.name, T1.course FROM course_arrange AS T1 INNER JOIN teacher AS T2 ON T1.teacher_id = T2.teacher_id ORDER BY T2.name ASC",0,0
What are the names of the teachers and the courses they teach in ascending alphabetical order by the name of the teacher?,hard,"SELECT T3.Name ,  T2.Course FROM course_arrange AS T1 JOIN course AS T2 ON T1.Course_ID  =  T2.Course_ID JOIN teacher AS T3 ON T1.Teacher_ID  =  T3.Teacher_ID ORDER BY T3.Name","SELECT T2.name, T1.course FROM course AS T1 JOIN course_arrange AS T2 ON T1.course_id = T2.course_id JOIN teacher AS T3 ON T2.teacher_id = T3.teacher_id ORDER BY T2.name ASC","SELECT T2.name, T1.course FROM course AS T1 INNER JOIN teacher AS T2 ON T1.course_id = T2.course_id INNER JOIN course_arrange AS T3 ON T1.course_id = T3.course_id ORDER BY T2.name ASC",0,0
Show the name of the teacher for the math course.,hard,"SELECT T3.Name FROM course_arrange AS T1 JOIN course AS T2 ON T1.Course_ID  =  T2.Course_ID JOIN teacher AS T3 ON T1.Teacher_ID  =  T3.Teacher_ID WHERE T2.Course  =  ""Math""",SELECT T2.name FROM course AS T1 JOIN course_arrange AS T2 ON T1.course_id = T2.course_id JOIN teacher AS T3 ON T2.teacher_id = T3.teacher_id WHERE T1.course = 'math',SELECT T2.name FROM course AS T1 INNER JOIN teacher AS T2 ON T1.course_id = T2.teacher_id WHERE T1.course = 'Math',0,0
What are the names of the people who teach math courses?,hard,"SELECT T3.Name FROM course_arrange AS T1 JOIN course AS T2 ON T1.Course_ID  =  T2.Course_ID JOIN teacher AS T3 ON T1.Teacher_ID  =  T3.Teacher_ID WHERE T2.Course  =  ""Math""",SELECT T2.name FROM course AS T1 JOIN teacher AS T2 ON T1.course_id = T2.teacher_id WHERE T1.course = 'math',SELECT T2.name FROM course AS T1 INNER JOIN teacher AS T2 ON T1.course_id = T2.course_id INNER JOIN course_arrange AS T3 ON T1.course_id = T3.course_id WHERE T1.course = 'Math',0,0
Show names of teachers and the number of courses they teach.,medium,"SELECT T2.Name ,  COUNT(*) FROM course_arrange AS T1 JOIN teacher AS T2 ON T1.Teacher_ID  =  T2.Teacher_ID GROUP BY T2.Name","SELECT T2.name ,  COUNT(*) FROM course_arrange AS T1 JOIN teacher AS T2 ON T1.teacher_id = T2.teacher_id GROUP BY T2.name","SELECT T2.name, COUNT(*) FROM course_arrange AS T1 INNER JOIN teacher AS T2 ON T1.teacher_id = T2.teacher_id GROUP BY T2.name  Step-by-Step Sub-Questions: 1. What teachers are involved in teaching courses? 2. How many courses does each teacher teach? 3. What is the name of each teacher? 4. How can we group the results by teacher name to get the count of courses per teacher?",1,0
What are the names of the teachers and how many courses do they teach?,medium,"SELECT T2.Name ,  COUNT(*) FROM course_arrange AS T1 JOIN teacher AS T2 ON T1.Teacher_ID  =  T2.Teacher_ID GROUP BY T2.Name","SELECT T2.name ,  COUNT(*) FROM course_arrange AS T1 JOIN teacher AS T2 ON T1.teacher_id = T2.teacher_id GROUP BY T2.name","SELECT T2.name, COUNT(*) FROM course_arrange AS T1 INNER JOIN teacher AS T2 ON T1.teacher_id = T2.teacher_id GROUP BY T2.name",1,1
Show names of teachers that teach at least two courses.,medium,SELECT T2.Name FROM course_arrange AS T1 JOIN teacher AS T2 ON T1.Teacher_ID  =  T2.Teacher_ID GROUP BY T2.Name HAVING COUNT(*)  >=  2,SELECT T2.name FROM course_arrange AS T1 JOIN teacher AS T2 ON T1.teacher_id = T2.teacher_id GROUP BY T2.name HAVING COUNT(*) >= 2,SELECT T2.name FROM course_arrange AS T1 INNER JOIN teacher AS T2 ON T1.teacher_id = T2.teacher_id GROUP BY T2.teacher_id HAVING COUNT(*) >= 2,1,1
What are the names of the teachers who teach at least two courses?,medium,SELECT T2.Name FROM course_arrange AS T1 JOIN teacher AS T2 ON T1.Teacher_ID  =  T2.Teacher_ID GROUP BY T2.Name HAVING COUNT(*)  >=  2,SELECT T2.name FROM course_arrange AS T1 JOIN teacher AS T2 ON T1.teacher_id = T2.teacher_id GROUP BY T2.name HAVING COUNT(T1.course_id) >= 2,SELECT T2.name FROM course_arrange AS T1 INNER JOIN teacher AS T2 ON T1.teacher_id = T2.teacher_id GROUP BY T2.teacher_id HAVING COUNT(T1.course_id) >= 2,1,1
List the names of teachers who have not been arranged to teach courses.,hard,SELECT Name FROM teacher WHERE Teacher_id NOT IN (SELECT Teacher_id FROM course_arrange),SELECT name FROM teacher WHERE teacher_id NOT IN ( SELECT teacher_id FROM course_arrange ),SELECT name FROM teacher WHERE teacher_id NOT IN (SELECT teacher_id FROM course_arrange),1,1
What are the names of the teachers whose courses have not been arranged?,hard,SELECT Name FROM teacher WHERE Teacher_id NOT IN (SELECT Teacher_id FROM course_arrange),SELECT name FROM teacher WHERE teacher_id NOT IN (SELECT teacher_id FROM course_arrange),SELECT name FROM teacher WHERE teacher_id NOT IN (SELECT teacher_id FROM course_arrange),1,1
How many visitors below age 30 are there?,easy,SELECT count(*) FROM visitor WHERE age  <  30,SELECT COUNT(*) FROM visitor WHERE age < 30,"SELECT COUNT(*) FROM visitor WHERE age < 30  Step-by-Step Sub-Questions: 1. What are the visitors? 2. Among these visitors, how many are below age 30? 3. How many such visitors are there?",1,0
"Find the names of the visitors whose membership level is higher than 4, and order the results by the level from high to low.",medium,SELECT name FROM visitor WHERE Level_of_membership  >  4 ORDER BY Level_of_membership DESC,SELECT name FROM visitor WHERE level_of_membership > 4 ORDER BY level_of_membership DESC,SELECT T2.name FROM visit AS T1 INNER JOIN visitor AS T2 ON T1.visitor_id = T2.id WHERE T2.level_of_membership > 4 ORDER BY T2.level_of_membership DESC,1,0
What is the average age of the visitors whose membership level is not higher than 4?,easy,SELECT avg(age) FROM visitor WHERE Level_of_membership  <=  4,SELECT AVG(age) FROM visitor WHERE level_of_membership <= 4,SELECT AVG(age) FROM visitor WHERE level_of_membership <= 4,1,1
"Find the name and membership level of the visitors whose membership level is higher than 4, and sort by their age from old to young.",medium,"SELECT name ,  Level_of_membership FROM visitor WHERE Level_of_membership  >  4 ORDER BY age DESC","SELECT name, level_of_membership FROM visitor WHERE level_of_membership > 4 ORDER BY age DESC","SELECT T2.name, T2.level_of_membership FROM visitor AS T2 WHERE T2.level_of_membership > 4 ORDER BY T2.age DESC",1,1
Find the id and name of the museum that has the most staff members?,medium,"SELECT museum_id ,  name FROM museum ORDER BY num_of_staff DESC LIMIT 1","SELECT museum_id, name FROM museum ORDER BY num_of_staff DESC LIMIT 1","SELECT museum_id, name FROM museum ORDER BY num_of_staff DESC LIMIT 1",1,1
Find the average number of staff working for the museums that were open before 2009.,easy,SELECT avg(num_of_staff) FROM museum WHERE open_year  <  2009,SELECT AVG(num_of_staff) FROM museum WHERE open_year < 2009,SELECT AVG(num_of_staff) FROM museum WHERE open_year < 2009,1,1
What are the opening year and staff number of the museum named Plaza Museum?,medium,"SELECT Num_of_Staff ,  Open_Year FROM museum WHERE name  =  'Plaza Museum'","SELECT open_year, num_of_staff FROM museum WHERE name = 'Plaza Museum'","SELECT open_year, num_of_staff FROM museum WHERE name = 'Plaza Museum'",0,0
find the names of museums which have more staff than the minimum staff number of all museums opened after 2010.,hard,SELECT name FROM museum WHERE num_of_staff  >  (SELECT min(num_of_staff) FROM museum WHERE open_year  >  2010),SELECT name FROM museum WHERE num_of_staff > ( SELECT MIN(num_of_staff) FROM museum WHERE open_year > 2010 ) ,SELECT T1.name FROM museum AS T1 WHERE T1.num_of_staff > (SELECT MIN(num_of_staff) FROM museum WHERE open_year > 2010),1,1
"find the id, name and age for visitors who visited some museums more than once.",medium,"SELECT t1.id ,  t1.name ,  t1.age FROM visitor AS t1 JOIN visit AS t2 ON t1.id  =  t2.visitor_id GROUP BY t1.id HAVING count(*)  >  1","SELECT T1.id, T1.name, T1.age FROM visitor AS T1 JOIN visit AS T2 ON T1.id = T2.visitor_id GROUP BY T1.id HAVING COUNT(DISTINCT T2.museum_id) > 1","SELECT T2.id, T2.name, T2.age FROM visit AS T1 INNER JOIN visitor AS T2 ON T1.visitor_id = T2.id GROUP BY T2.id HAVING COUNT(T1.museum_id) > 1",1,1
"What are the id, name and membership level of visitors who have spent the largest amount of money in total in all museum tickets?",extra,"SELECT t2.visitor_id ,  t1.name ,  t1.Level_of_membership FROM visitor AS t1 JOIN visit AS t2 ON t1.id  =  t2.visitor_id GROUP BY t2.visitor_id ORDER BY sum(t2.Total_spent) DESC LIMIT 1","SELECT T1.id, T1.name, T1.level_of_membership FROM visitor AS T1 JOIN visit AS T2 ON T1.id = T2.visitor_id GROUP BY T1.id ORDER BY SUM(T2.total_spent) DESC LIMIT 1","SELECT T2.id, T2.name, T2.level_of_membership FROM visit AS T1 INNER JOIN visitor AS T2 ON T1.visitor_id = T2.id ORDER BY T1.total_spent DESC LIMIT 1",0,0
What are the id and name of the museum visited most times?,extra,"SELECT t2.Museum_ID ,  t1.name FROM museum AS t1 JOIN visit AS t2 ON t1.Museum_ID  =  t2.Museum_ID GROUP BY t2.Museum_ID ORDER BY count(*) DESC LIMIT 1","SELECT T1.museum_id, T1.name FROM museum AS T1 JOIN visit AS T2 ON T1.museum_id = T2.museum_id GROUP BY T1.museum_id ORDER BY COUNT(*) DESC LIMIT 1","SELECT T1.museum_id, T1.name FROM museum AS T1 INNER JOIN visit AS T2 ON T1.museum_id = T2.museum_id GROUP BY T1.museum_id ORDER BY COUNT(*) DESC LIMIT 1",1,1
What is the name of the museum that had no visitor yet?,hard,SELECT name FROM museum WHERE Museum_ID NOT IN (SELECT museum_id FROM visit),SELECT name FROM museum WHERE museum_id NOT IN (SELECT museum_id FROM visit),SELECT name FROM museum WHERE museum_id NOT IN (SELECT museum_id FROM visit),1,1
Find the name and age of the visitor who bought the most tickets at once.,hard,"SELECT t1.name ,  t1.age FROM visitor AS t1 JOIN visit AS t2 ON t1.id  =  t2.visitor_id ORDER BY t2.num_of_ticket DESC LIMIT 1","SELECT T2.name, T2.age FROM visit AS T1 JOIN visitor AS T2 ON T1.visitor_id = T2.id ORDER BY T1.num_of_ticket DESC LIMIT 1","SELECT T2.name, T2.age FROM visit AS T1 INNER JOIN visitor AS T2 ON T1.visitor_id = T2.id ORDER BY T1.num_of_ticket DESC LIMIT 1",1,1
What are the average and maximum number of tickets bought in all visits?,medium,"SELECT avg(num_of_ticket) ,  max(num_of_ticket) FROM visit","SELECT avg(num_of_ticket) ,  max(num_of_ticket) FROM visit","SELECT AVG(num_of_ticket), MAX(num_of_ticket) FROM visit",1,1
What is the total ticket expense of the visitors whose membership level is 1?,medium,SELECT sum(t2.Total_spent) FROM visitor AS t1 JOIN visit AS t2 ON t1.id  =  t2.visitor_id WHERE t1.Level_of_membership  =  1,SELECT SUM(total_spent) FROM visit AS T1 JOIN visitor AS T2 ON T1.visitor_id = T2.id WHERE T2.level_of_membership = 1,SELECT SUM(T2.total_spent) FROM visitor AS T1 INNER JOIN visit AS T2 ON T1.id = T2.visitor_id WHERE T1.level_of_membership = 1,1,1
What is the name of the visitor who visited both a museum opened before 2009 and a museum opened after 2011?,extra,SELECT t1.name FROM visitor AS t1 JOIN visit AS t2 ON t1.id  =  t2.visitor_id JOIN museum AS t3 ON t3.Museum_ID  =  t2.Museum_ID WHERE t3.open_year  <  2009 INTERSECT SELECT t1.name FROM visitor AS t1 JOIN visit AS t2 ON t1.id  =  t2.visitor_id JOIN museum AS t3 ON t3.Museum_ID  =  t2.Museum_ID WHERE t3.open_year  >  2011,SELECT T2.name FROM visit AS T1 JOIN visitor AS T2 ON T1.visitor_id = T2.id WHERE T1.museum_id IN ( SELECT museum_id FROM museum WHERE open_year < 2009 ) AND T1.museum_id IN ( SELECT museum_id FROM museum WHERE open_year > 2011 ) GROUP BY T2.id HAVING COUNT(DISTINCT T1.museum_id) > 1,SELECT T2.name FROM visit AS T1 INNER JOIN visitor AS T2 ON T1.visitor_id = T2.id WHERE T1.museum_id IN (SELECT museum_id FROM museum WHERE open_year < 2009) AND T1.museum_id IN (SELECT museum_id FROM museum WHERE open_year > 2011),0,0
Find the number of visitors who did not visit any museum opened after 2010.,extra,SELECT count(*) FROM visitor WHERE id NOT IN (SELECT t2.visitor_id FROM museum AS t1 JOIN visit AS t2 ON t1.Museum_ID  =  t2.Museum_ID WHERE t1.open_year  >  2010),Select the count of visitor_id from the visit table where the visitor_id does not exist in the museum table with an open_year greater than 2010.  SQLite Query:                                                                    e   e s e l c o u n t ( v i s i t o r _ i d ) f r o m v i s i t w h e r e v i s i t o r _ i d n o t i n ( s e l e c t m u s e u m _ i d f r o m m u s e u m w h e r e o p e n _ y e a r > 2 0 1 0 ) ,NULL,0,0
How many museums were opened after 2013 or before 2008?,medium,SELECT count(*) FROM museum WHERE open_year  >  2013 OR open_year  <  2008,SELECT COUNT(*) FROM museum WHERE open_year > 2013 OR open_year < 2008,SELECT COUNT(*) FROM museum WHERE open_year < 2008 OR open_year > 2013,1,1
Find the total number of players.,easy,SELECT count(*) FROM players,SELECT COUNT(*) FROM players,SELECT COUNT(player_id) FROM players,1,1
How many players are there?,easy,SELECT count(*) FROM players,NULL,SELECT COUNT(DISTINCT player_id) FROM players,0,1
Find the total number of matches.,easy,SELECT count(*) FROM matches,SELECT COUNT(*) FROM matches,SELECT COUNT(*) FROM matches,1,1
Count the number of matches.,easy,SELECT count(*) FROM matches,SELECT COUNT(*) FROM matches,SELECT COUNT(*) FROM matches,1,1
List the first name and birth date of all players from the country with code USA.,medium,"SELECT first_name ,  birth_date FROM players WHERE country_code  =  'USA'","SELECT first_name, birth_date FROM players WHERE country_code = 'USA'","SELECT first_name, birth_date FROM players WHERE country_code = 'USA'",1,1
What are the first names and birth dates of players from the USA?,medium,"SELECT first_name ,  birth_date FROM players WHERE country_code  =  'USA'",Select the first names and birth dates of players from the USA.  External Knowledge: ,"SELECT first_name, birth_date FROM players WHERE country_code = 'USA'",0,1
Find the average age of losers and winners of all matches.,medium,"SELECT avg(loser_age) ,  avg(winner_age) FROM matches",NULL,"SELECT AVG(T1.loser_age), AVG(T1.winner_age) FROM matches AS T1  Step-by-Step Sub-Questions: . What matches are we considering? 2. What is the average age of the losers in these matches? 3. What is the average age of the winners in these matches? 4. How do we combine these two averages to get the final result?",0,0
What are the average ages of losers and winners across matches?,medium,"SELECT avg(loser_age) ,  avg(winner_age) FROM matches","SELECT AVG(loser_age) AS average_loser_age, AVG(winner_age) AS average_winner_age FROM matches","SELECT AVG(loser_age), AVG(winner_age) FROM matches",1,1
Find the average rank of winners in all matches.,easy,SELECT avg(winner_rank) FROM matches,SELECT AVG(winner_rank) FROM matches,SELECT AVG(winner_rank) FROM matches  Step-by-Step Sub-Questions: . What matches are we considering? 2. What information do we need from these matches? 3. How do we calculate the average rank of winners?,1,0
What is the average rank for winners in all matches?,easy,SELECT avg(winner_rank) FROM matches,NULL,SELECT AVG(winner_rank) FROM matches,0,1
Find the highest rank of losers in all matches.,easy,SELECT min(loser_rank) FROM matches,SELECT max(loser_rank) FROM matches,SELECT MAX(loser_rank) FROM matches,0,0
What is the best rank of losers across all matches?,easy,SELECT min(loser_rank) FROM matches,NULL,SELECT MIN(loser_rank) FROM matches  Step-by-Step Sub-Questions: 1. What are the ranks of all losers in the matches? 2. What is the minimum rank among these loser ranks?,0,0
find the number of distinct country codes of all players.,easy,SELECT count(DISTINCT country_code) FROM players,SELECT COUNT(DISTINCT country_code) FROM players,SELECT COUNT(DISTINCT country_code) FROM players,1,1
How many distinct countries do players come from?,easy,SELECT count(DISTINCT country_code) FROM players,SELECT COUNT(DISTINCT country_code) FROM players,SELECT COUNT(DISTINCT country_code) FROM players,1,1
Find the number of distinct name of losers.,easy,SELECT count(DISTINCT loser_name) FROM matches,SELECT COUNT(DISTINCT loser_name) FROM matches,SELECT COUNT(DISTINCT loser_name) FROM matches,1,1
How many different loser names are there?,easy,SELECT count(DISTINCT loser_name) FROM matches,SELECT COUNT(DISTINCT loser_name) FROM matches,SELECT COUNT(DISTINCT loser_name) FROM matches,1,1
Find the name of tourney that has more than 10 matches.,easy,SELECT tourney_name FROM matches GROUP BY tourney_name HAVING count(*)  >  10,SELECT tourney_name FROM matches GROUP BY tourney_name HAVING COUNT(*) > 10,SELECT T1.tourney_name FROM matches AS T1 GROUP BY T1.tourney_name HAVING COUNT(T1.tourney_name) > 10,1,1
What are the names of tournaments that have more than 10 matches?,easy,SELECT tourney_name FROM matches GROUP BY tourney_name HAVING count(*)  >  10,SELECT tourney_name FROM matches GROUP BY tourney_name HAVING COUNT(*) > 10,SELECT T1.tourney_name FROM matches AS T1 GROUP BY T1.tourney_name HAVING COUNT(*) > 10,1,1
List the names of all winners who played in both 2013 and 2016.,hard,SELECT winner_name FROM matches WHERE YEAR  =  2013 INTERSECT SELECT winner_name FROM matches WHERE YEAR  =  2016,"SELECT winner_name FROM matches WHERE year IN (2013, 2016) GROUP BY winner_name HAVING COUNT(DISTINCT year) > 1",NULL,1,0
What are the names of players who won in both 2013 and 2016?,hard,SELECT winner_name FROM matches WHERE YEAR  =  2013 INTERSECT SELECT winner_name FROM matches WHERE YEAR  =  2016,"SELECT T1.first_name, T1.last_name FROM players AS T1 JOIN matches AS T2 ON T1.player_id = T2.winner_id WHERE T2.year = 2013 INTERSECT SELECT T1.first_name, T1.last_name FROM players AS T1 JOIN matches AS T2 ON T1.player_id = T2.winner_id WHERE T2.year = 2016","SELECT T1.first_name, T1.last_name FROM players AS T1 INNER JOIN matches AS T2 ON T1.player_id = T2.winner_id WHERE T2.year = 2013 INTERSECT SELECT T1.first_name, T1.last_name FROM players AS T1 INNER JOIN matches AS T2 ON T1.player_id = T2.winner_id WHERE T2.year = 2016",0,0
List the number of all matches who played in years of 2013 or 2016.,medium,SELECT count(*) FROM matches WHERE YEAR  =  2013 OR YEAR  =  2016,"SELECT COUNT(*) FROM matches WHERE year IN (2013, 2016)","SELECT COUNT(*) FROM matches WHERE year IN (2013, 2016)",1,1
How many matches were played in 2013 or 2016?,medium,SELECT count(*) FROM matches WHERE YEAR  =  2013 OR YEAR  =  2016,"SELECT COUNT(*) FROM matches WHERE year IN (2013, 2016)","SELECT COUNT(*) FROM matches WHERE year IN (2013, 2016)",1,1
What are the country code and first name of the players who won in both tourney WTA Championships and Australian Open?,extra,"SELECT T1.country_code ,  T1.first_name FROM players AS T1 JOIN matches AS T2 ON T1.player_id  =  T2.winner_id WHERE T2.tourney_name  =  'WTA Championships' INTERSECT SELECT T1.country_code ,  T1.first_name FROM players AS T1 JOIN matches AS T2 ON T1.player_id  =  T2.winner_id WHERE T2.tourney_name  =  'Australian Open'","SELECT T1.country_code, T1.first_name FROM players AS T1 JOIN matches AS T2 ON T1.player_id = T2.winner_id WHERE T2.tourney_name IN ('WTA Championships', 'Australian Open') GROUP BY T1.player_id HAVING COUNT(DISTINCT T2.tourney_name) = 2","SELECT T1.country_code, T1.first_name FROM players AS T1 INNER JOIN matches AS T2 ON T1.player_id = T2.winner_id WHERE T2.tourney_name = 'WTA Championships' INTERSECT SELECT T1.country_code, T1.first_name FROM players AS T1 INNER JOIN matches AS T2 ON T1.player_id = T2.winner_id WHERE T2.tourney_name = 'Australian Open'",1,1
What are the first names and country codes for players who won both the WTA Championships and the Australian Open?,extra,"SELECT T1.country_code ,  T1.first_name FROM players AS T1 JOIN matches AS T2 ON T1.player_id  =  T2.winner_id WHERE T2.tourney_name  =  'WTA Championships' INTERSECT SELECT T1.country_code ,  T1.first_name FROM players AS T1 JOIN matches AS T2 ON T1.player_id  =  T2.winner_id WHERE T2.tourney_name  =  'Australian Open'",NULL,"SELECT T1.first_name, T1.country_code FROM players AS T1 INNER JOIN matches AS T2 ON T1.player_id = T2.winner_id WHERE T2.tourney_name IN ('WTA Championships', 'Australian Open') GROUP BY T1.player_id HAVING COUNT(DISTINCT T2.tourney_name) = 2",0,0
Find the first name and country code of the oldest player.,medium,"SELECT first_name ,  country_code FROM players ORDER BY birth_date LIMIT 1","SELECT first_name, country_code FROM players WHERE birth_date IS NOT NULL ORDER BY birth_date ASC LIMIT 1","SELECT first_name, country_code FROM players ORDER BY birth_date ASC LIMIT 1  Step-by-Step Sub-Questions: . What information do we need to find the oldest player? 2. How can we determine the oldest player based on the given data? 3. What SQL operation should we use to sort the players by their birth date? 4. How should we limit the result to get only the oldest player? 5. What columns should we select from the players table?",1,0
What is the first name and country code of the oldest player?,medium,"SELECT first_name ,  country_code FROM players ORDER BY birth_date LIMIT 1","SELECT first_name, country_code FROM players WHERE birth_date IS NOT NULL ORDER BY birth_date ASC LIMIT 1","SELECT first_name, country_code FROM players ORDER BY birth_date ASC LIMIT 1  Step-by-Step Sub-Questions: . What information do we need to retrieve? 2. From which table should we retrieve this information? 3. How should we order the players to find the oldest one? 4. How many players should we return? 5. What is the final SQL query?",1,0
List the first and last name of all players in the order of birth date.,medium,"SELECT first_name ,  last_name FROM players ORDER BY birth_date","SELECT first_name, last_name FROM players ORDER BY birth_date","SELECT first_name, last_name FROM players ORDER BY birth_date",0,0
"What are the full names of all players, sorted by birth date?",medium,"SELECT first_name ,  last_name FROM players ORDER BY birth_date","SELECT first_name, last_name FROM players ORDER BY birth_date","SELECT first_name, last_name FROM players ORDER BY birth_date",0,0
List the first and last name of all players who are left / L hand in the order of birth date.,medium,"SELECT first_name ,  last_name FROM players WHERE hand  =  'L' ORDER BY birth_date","SELECT first_name, last_name FROM players WHERE hand = 'L' ORDER BY birth_date","SELECT first_name, last_name FROM players WHERE hand = 'L' ORDER BY birth_date",1,1
"What are the full names of all left handed players, in order of birth date?",medium,"SELECT first_name ,  last_name FROM players WHERE hand  =  'L' ORDER BY birth_date","SELECT first_name, last_name FROM players WHERE hand = 'L' ORDER BY birth_date","SELECT first_name, last_name FROM players WHERE hand = 'L' ORDER BY birth_date",1,1
Find the first name and country code of the player who did the most number of tours.,hard,"SELECT T1.country_code ,  T1.first_name FROM players AS T1 JOIN rankings AS T2 ON T1.player_id  =  T2.player_id ORDER BY T2.tours DESC LIMIT 1","SELECT T1.first_name, T1.country_code FROM players AS T1 JOIN rankings AS T2 ON T1.player_id = T2.player_id GROUP BY T1.player_id ORDER BY COUNT(T2.tours) DESC LIMIT 1","SELECT T1.first_name, T1.country_code FROM players AS T1 INNER JOIN rankings AS T2 ON T1.player_id = T2.player_id GROUP BY T1.player_id ORDER BY COUNT(T2.tours) DESC LIMIT 1",0,0
What is the first name and country code of the player with the most tours?,hard,"SELECT T1.country_code ,  T1.first_name FROM players AS T1 JOIN rankings AS T2 ON T1.player_id  =  T2.player_id ORDER BY T2.tours DESC LIMIT 1","SELECT T1.first_name, T1.country_code FROM players AS T1 JOIN rankings AS T2 ON T1.player_id = T2.player_id GROUP BY T1.player_id ORDER BY COUNT(T2.tours) DESC LIMIT 1","SELECT T1.first_name, T1.country_code FROM players AS T1 INNER JOIN rankings AS T2 ON T1.player_id = T2.player_id GROUP BY T1.player_id ORDER BY COUNT(T2.tours) DESC LIMIT 1",0,0
Find the year that has the most number of matches.,hard,SELECT YEAR FROM matches GROUP BY YEAR ORDER BY count(*) DESC LIMIT 1,SELECT year FROM matches GROUP BY year ORDER BY COUNT(*) DESC LIMIT 1,NULL,1,0
Which year had the most matches?,hard,SELECT YEAR FROM matches GROUP BY YEAR ORDER BY count(*) DESC LIMIT 1,SELECT COUNT(*) FROM matches GROUP BY year ORDER BY COUNT(*) DESC LIMIT 1,NULL,0,0
Find the name and rank points of the winner who won the most times.,hard,"SELECT winner_name ,  winner_rank_points FROM matches GROUP BY winner_name ORDER BY count(*) DESC LIMIT 1","SELECT T1.winner_name, T1.winner_rank_points FROM matches AS T1 JOIN players AS T2 ON T1.winner_id = T2.player_id GROUP BY T1.winner_name, T1.winner_rank_points ORDER BY COUNT(T1.winner_id) DESC LIMIT 1","SELECT T1.winner_name, T1.winner_rank_points FROM matches AS T1 INNER JOIN rankings AS T2 ON T1.winner_id = T2.player_id GROUP BY T1.winner_name, T1.winner_rank_points ORDER BY COUNT(T1.winner_id) DESC LIMIT 1",0,0
"What is the name of the winner who has won the most matches, and how many rank points does this player have?",hard,"SELECT winner_name ,  winner_rank_points FROM matches GROUP BY winner_name ORDER BY count(*) DESC LIMIT 1",NULL,NULL,0,0
Find the name of the winner who has the highest rank points and participated in the Australian Open tourney.,hard,SELECT winner_name FROM matches WHERE tourney_name  =  'Australian Open' ORDER BY winner_rank_points DESC LIMIT 1,SELECT T1.winner_name FROM matches AS T1 JOIN rankings AS T2 ON T1.winner_id = T2.player_id WHERE T1.tourney_name = 'Australian Open' ORDER BY T2.ranking_points DESC LIMIT 1,NULL,1,0
What is the name of the winner with the most rank points who participated in the Australian Open tournament?,hard,SELECT winner_name FROM matches WHERE tourney_name  =  'Australian Open' ORDER BY winner_rank_points DESC LIMIT 1,NULL,NULL,0,0
find the names of loser and winner who played in the match with greatest number of minutes.,medium,"SELECT winner_name ,  loser_name FROM matches ORDER BY minutes DESC LIMIT 1","SELECT T1.loser_name ,  T1.winner_name FROM matches AS T1 ORDER BY T1.minutes DESC LIMIT 1","SELECT T1.loser_name, T1.winner_name FROM matches AS T1 ORDER BY T1.minutes DESC LIMIT 1  Step-by-Step Sub-Questions: . What matches have the greatest number of minutes? 2. Among these matches, who are the names of the losers? 3. Among these matches, who are the names of the winners? 4. Combine the names of the losers and winners into a single result.",0,0
What are the names of the winner and loser who played in the longest match?,medium,"SELECT winner_name ,  loser_name FROM matches ORDER BY minutes DESC LIMIT 1",NULL,"SELECT T1.winner_name, T1.loser_name FROM matches AS T1 ORDER BY T1.minutes DESC LIMIT 1",0,1
Find the average ranking for each player and their first name.,medium,"SELECT avg(ranking) ,  T1.first_name FROM players AS T1 JOIN rankings AS T2 ON T1.player_id  =  T2.player_id GROUP BY T1.first_name","SELECT T1.player_id, T1.first_name, AVG(T2.ranking) FROM players AS T1 JOIN rankings AS T2 ON T1.player_id = T2.player_id GROUP BY T1.player_id, T1.first_name","SELECT T1.player_id, T1.first_name, AVG(T2.ranking) FROM players AS T1 INNER JOIN rankings AS T2 ON T1.player_id = T2.player_id GROUP BY T1.player_id, T1.first_name",0,0
"What are the first names of all players, and their average rankings?",medium,"SELECT avg(ranking) ,  T1.first_name FROM players AS T1 JOIN rankings AS T2 ON T1.player_id  =  T2.player_id GROUP BY T1.first_name","SELECT T1.first_name, AVG(T2.ranking) FROM players AS T1 JOIN rankings AS T2 ON T1.player_id = T2.player_id GROUP BY T1.player_id","SELECT T1.first_name, AVG(T2.ranking) FROM players AS T1 INNER JOIN rankings AS T2 ON T1.player_id = T2.player_id GROUP BY T1.first_name",0,0
Find the total ranking points for each player and their first name.,medium,"SELECT sum(ranking_points) ,  T1.first_name FROM players AS T1 JOIN rankings AS T2 ON T1.player_id  =  T2.player_id GROUP BY T1.first_name","SELECT T1.player_id, T1.first_name, SUM(T2.ranking_points) FROM players AS T1 JOIN rankings AS T2 ON T1.player_id = T2.player_id GROUP BY T1.player_id, T1.first_name","SELECT T1.player_id, T1.first_name, SUM(T2.ranking_points) FROM players AS T1 INNER JOIN rankings AS T2 ON T1.player_id = T2.player_id GROUP BY T1.player_id, T1.first_name  Step-by-Step Sub-Questions: 1. What players are in the database? 2. What is the total ranking points for each player? 3. What is the first name of each player? 4. How can we combine the players and their ranking points? 5. How should we group the results to get the total ranking points for each player and their first name?",0,0
"What are the first names of all players, and their total ranking points?",medium,"SELECT sum(ranking_points) ,  T1.first_name FROM players AS T1 JOIN rankings AS T2 ON T1.player_id  =  T2.player_id GROUP BY T1.first_name","SELECT T1.first_name, SUM(T2.ranking_points) FROM players AS T1 JOIN rankings AS T2 ON T1.player_id = T2.player_id GROUP BY T1.player_id","SELECT T1.first_name, SUM(T2.ranking_points) FROM players AS T1 INNER JOIN rankings AS T2 ON T1.player_id = T2.player_id GROUP BY T1.player_id",0,0
find the number of players for each country.,medium,"SELECT count(*) ,  country_code FROM players GROUP BY country_code","SELECT count(*) ,  country_code FROM players GROUP BY country_code","SELECT T1.country_code, COUNT(T1.player_id) FROM players AS T1 GROUP BY T1.country_code",1,0
How many players are from each country?,medium,"SELECT count(*) ,  country_code FROM players GROUP BY country_code","Select the count of players and their country code from the players table, grouping by country code.  SQLite Query: : Select count(*) ,  country_code from players group by country_code","SELECT T1.country_code, COUNT(*) FROM players AS T1 GROUP BY T1.country_code",0,0
find the code of the country where has the greatest number of players.,hard,SELECT country_code FROM players GROUP BY country_code ORDER BY count(*) DESC LIMIT 1,SELECT country_code FROM players GROUP BY country_code ORDER BY COUNT(*) DESC LIMIT 1,SELECT country_code FROM players GROUP BY country_code ORDER BY COUNT(*) DESC LIMIT 1  Step-by-Step Sub-Questions: . What is the task we need to accomplish? 2. How do we identify the country with the greatest number of players? 3. What SQL operation should we use to group players by their country? 4. How do we order the grouped results to find the country with the most players? 5. What SQL operation should we use to limit the result to the top country? 6. What is the final SQL query that accomplishes the task?,1,0
What is the code of the country with the most players?,hard,SELECT country_code FROM players GROUP BY country_code ORDER BY count(*) DESC LIMIT 1,NULL,SELECT country_code FROM players GROUP BY country_code ORDER BY COUNT(*) DESC LIMIT 1,0,1
Find the codes of countries that have more than 50 players.,easy,SELECT country_code FROM players GROUP BY country_code HAVING count(*)  >  50,SELECT country_code FROM players GROUP BY country_code HAVING COUNT(*) > 50,SELECT country_code FROM players GROUP BY country_code HAVING COUNT(*) > 50,1,1
What are the codes of countries with more than 50 players?,easy,SELECT country_code FROM players GROUP BY country_code HAVING count(*)  >  50,SELECT country_code FROM players GROUP BY country_code HAVING COUNT(*) > 50,SELECT country_code FROM players GROUP BY country_code HAVING COUNT(*) > 50,1,1
Find the total number of tours for each ranking date.,medium,"SELECT sum(tours) ,  ranking_date FROM rankings GROUP BY ranking_date","SELECT ranking_date, COUNT(tours) FROM rankings GROUP BY ranking_date","SELECT ranking_date, COUNT(tours) FROM rankings GROUP BY ranking_date",0,0
How many total tours were there for each ranking date?,medium,"SELECT sum(tours) ,  ranking_date FROM rankings GROUP BY ranking_date","SELECT ranking_date, COUNT(tours) FROM rankings GROUP BY ranking_date","SELECT ranking_date, COUNT(DISTINCT tours) FROM rankings GROUP BY ranking_date",0,0
Find the number of matches happened in each year.,medium,"SELECT count(*) ,  YEAR FROM matches GROUP BY YEAR","SELECT count(*) ,  year FROM matches GROUP BY year","SELECT COUNT(*) ,  YEAR FROM matches GROUP BY YEAR",1,1
How many matches were played in each year?,medium,"SELECT count(*) ,  YEAR FROM matches GROUP BY YEAR",NULL,NULL,0,0
Find the name and rank of the 3 youngest winners across all matches.,medium,"SELECT DISTINCT winner_name ,  winner_rank FROM matches ORDER BY winner_age LIMIT 3","SELECT winner_name, winner_rank FROM matches ORDER BY winner_age ASC LIMIT 3","SELECT T1.first_name, T1.last_name, T1.rank FROM players AS T1 INNER JOIN matches AS T2 ON T1.player_id = T2.winner_id ORDER BY T2.winner_age ASC LIMIT 3  Step-by-Step Sub-Questions:   ",1,0
What are the names and ranks of the three youngest winners across all matches?,medium,"SELECT DISTINCT winner_name ,  winner_rank FROM matches ORDER BY winner_age LIMIT 3","SELECT winner_name, winner_rank FROM matches ORDER BY winner_age ASC LIMIT 3","SELECT T1.first_name, T1.last_name, T1.rank FROM players AS T1 INNER JOIN matches AS T2 ON T1.player_id = T2.winner_id ORDER BY T2.winner_age ASC LIMIT 3",1,0
How many different winners both participated in the WTA Championships and were left handed?,medium,SELECT count(DISTINCT winner_name) FROM matches WHERE tourney_name  =  'WTA Championships' AND winner_hand  =  'L',NULL,SELECT COUNT(DISTINCT T1.winner_id) FROM matches AS T1 INNER JOIN rankings AS T2 ON T1.winner_id = T2.player_id WHERE T1.tourney_name = 'WTA Championships' AND T1.winner_hand = 'L',0,1
Find the number of left handed winners who participated in the WTA Championships.,medium,SELECT count(DISTINCT winner_name) FROM matches WHERE tourney_name  =  'WTA Championships' AND winner_hand  =  'L',SELECT COUNT(winner_id) FROM matches WHERE winner_hand = 'L' AND tourney_name = 'WTA Championships',SELECT COUNT(DISTINCT T1.player_id) FROM players AS T1 INNER JOIN matches AS T2 ON T1.player_id = T2.winner_id WHERE T1.hand = 'L' AND T2.tourney_name = 'WTA Championships',0,1
"Find the first name, country code and birth date of the winner who has the highest rank points in all matches.",hard,"SELECT T1.first_name ,  T1.country_code ,  T1.birth_date FROM players AS T1 JOIN matches AS T2 ON T1.player_id  =  T2.winner_id ORDER BY T2.winner_rank_points DESC LIMIT 1","SELECT T1.first_name, T1.country_code, T1.birth_date FROM players AS T1 JOIN matches AS T2 ON T1.player_id = T2.winner_id ORDER BY T2.winner_rank_points DESC LIMIT 1","SELECT T1.first_name, T1.country_code, T1.birth_date FROM players AS T1 INNER JOIN matches AS T2 ON T1.player_id = T2.winner_id ORDER BY T2.winner_rank_points DESC LIMIT 1",1,1
"What is the first name, country code, and birth date of the player with the most winner rank points across all matches?",hard,"SELECT T1.first_name ,  T1.country_code ,  T1.birth_date FROM players AS T1 JOIN matches AS T2 ON T1.player_id  =  T2.winner_id ORDER BY T2.winner_rank_points DESC LIMIT 1",NULL,"SELECT T1.first_name, T1.country_code, T1.birth_date FROM players AS T1 INNER JOIN matches AS T2 ON T1.player_id = T2.winner_id ORDER BY T2.winner_rank_points DESC LIMIT 1",0,1
Find the number of players for each hand type.,medium,"SELECT count(*) ,  hand FROM players GROUP BY hand","SELECT hand, COUNT(*) FROM players GROUP BY hand","SELECT hand, COUNT(*) FROM players GROUP BY hand",0,0
How many players are there for each hand type?,medium,"SELECT count(*) ,  hand FROM players GROUP BY hand","SELECT hand, COUNT(*) FROM players GROUP BY hand","SELECT hand, COUNT(*) FROM players GROUP BY hand",0,0
How many ships ended up being 'Captured'?,easy,SELECT count(*) FROM ship WHERE disposition_of_ship  =  'Captured',NULL,SELECT COUNT(*) FROM ship WHERE disposition_of_ship = 'Captured',0,1
List the name and tonnage ordered by in descending alphaetical order for the names.,medium,"SELECT name ,  tonnage FROM ship ORDER BY name DESC","SELECT name ,  tonnage FROM ship ORDER BY name DESC","SELECT name, tonnage FROM ship ORDER BY name DESC  Step-by-Step Sub-Questions: . What information do we need to retrieve from the database? 2. From which table should we retrieve this information? 3. How should the results be ordered? 4. In what order should the results be sorted?",1,0
"List the name, date and result of each battle.",medium,"SELECT name ,  date FROM battle","SELECT name ,  date ,  result FROM battle","SELECT name, date, result FROM battle  Step-by-Step Sub-Questions: 1. What information do we need to list for each battle? 2. Which table contains the required information?",0,0
What is maximum and minimum death toll caused each time?,medium,"SELECT max(killed) ,  min(killed) FROM death","SELECT max(killed) ,  min(killed) FROM death","SELECT max(T2.killed), min(T2.killed) FROM battle AS T1 INNER JOIN death AS T2 ON T1.id = T2.caused_by_ship_id  Step-by-Step Sub-Questions: . What battles are recorded in the database? 2. For each battle, what is the death toll caused? 3. What is the maximum death toll among all battles? 4. What is the minimum death toll among all battles?",1,0
What is the average number of injuries caused each time?,easy,SELECT avg(injured) FROM death,NULL,SELECT AVG(injured) FROM death  Step-by-Step Sub-Questions: 1. What information is stored in the 'death' table? 2. Which column in the 'death' table contains the number of injuries? 3. How can we calculate the average number of injuries from this column?,0,0
What are the death and injury situations caused by the ship with tonnage 't'?,medium,"SELECT T1.killed ,  T1.injured FROM death AS T1 JOIN ship AS t2 ON T1.caused_by_ship_id  =  T2.id WHERE T2.tonnage  =  't'","SELECT T2.note, T2.killed, T2.injured FROM ship AS T1 INNER JOIN death AS T2 ON T1.id = T2.caused_by_ship_id WHERE T1.tonnage = 't'","SELECT T2.note, T2.killed, T2.injured FROM ship AS T1 INNER JOIN death AS T2 ON T1.id = T2.caused_by_ship_id WHERE T1.tonnage = 't'",0,0
What are the name and results of the battles when the bulgarian commander is not 'Boril',medium,"SELECT name ,  RESULT FROM battle WHERE bulgarian_commander != 'Boril'","SELECT name ,  result FROM battle WHERE bulgarian_commander != 'Boril' ","SELECT T1.name, T1.result FROM battle AS T1 WHERE T1.bulgarian_commander != 'Boril'  Step-by-Step Sub-Questions: . What battles are there? 2. For each battle, what is the name and result? 3. Which battles have a Bulgarian commander other than 'Boril'?",1,0
What are the different ids and names of the battles that lost any 'Brig' type shipes?,medium,"SELECT DISTINCT T1.id ,  T1.name FROM battle AS T1 JOIN ship AS T2 ON T1.id  =  T2.lost_in_battle WHERE T2.ship_type  =  'Brig'","SELECT DISTINCT T1.id ,  T1.name FROM battle AS T1 JOIN ship AS T2 ON T1.id  =  T2.lost_in_battle WHERE T2.ship_type  =  'Brig' AND T2.disposition_of_ship  =  'lost'",NULL,0,0
What are the ids and names of the battles that led to more than 10 people killed in total.,hard,"SELECT T1.id ,  T1.name FROM battle AS T1 JOIN ship AS T2 ON T1.id  =  T2.lost_in_battle JOIN death AS T3 ON T2.id  =  T3.caused_by_ship_id GROUP BY T1.id HAVING sum(T3.killed)  >  10","SELECT T1.id, T1.name FROM battle AS T1 JOIN death AS T2 ON T1.id = T2.caused_by_ship_id GROUP BY T1.id HAVING COUNT(T2.killed) > 10","SELECT T1.id, T1.name FROM battle AS T1 INNER JOIN death AS T2 ON T1.id = T2.caused_by_ship_id GROUP BY T1.id, T1.name HAVING SUM(T2.killed) > 10",0,0
What is the ship id and name that caused most total injuries?,extra,"SELECT T2.id ,  T2.name FROM death AS T1 JOIN ship AS t2 ON T1.caused_by_ship_id  =  T2.id GROUP BY T2.id ORDER BY count(*) DESC LIMIT 1",NULL,"SELECT T1.id, T1.name FROM ship AS T1 INNER JOIN death AS T2 ON T1.id = T2.caused_by_ship_id GROUP BY T1.id ORDER BY SUM(T2.injured) DESC LIMIT 1",0,0
What are the distinct battle names which are between bulgarian commander 'Kaloyan' and latin commander 'Baldwin I'?,medium,SELECT name FROM battle WHERE bulgarian_commander  =  'Kaloyan' AND latin_commander  =  'Baldwin I',SELECT DISTINCT T1.name FROM battle AS T1 WHERE T1.bulgarian_commander = 'Kaloyan' AND T1.latin_commander = 'Baldwin I',SELECT DISTINCT T1.name FROM battle AS T1 WHERE T1.bulgarian_commander = 'Kaloyan' AND T1.latin_commander = 'Baldwin I',1,1
How many different results are there for the battles?,easy,SELECT count(DISTINCT RESULT) FROM battle,SELECT COUNT(DISTINCT result) FROM battle,SELECT COUNT(DISTINCT result) FROM battle  Step-by-Step Sub-Questions: 1. What are the possible results for the battles? 2. How many unique results are there?,1,0
How many battles did not lose any ship with tonnage '225'?,extra,SELECT count(*) FROM battle WHERE id NOT IN ( SELECT lost_in_battle FROM ship WHERE tonnage  =  '225' );,SELECT COUNT(*) FROM battle WHERE id NOT IN ( SELECT lost_in_battle FROM ship WHERE tonnage = 225 ) ,SELECT COUNT(*) FROM battle AS T1 WHERE T1.id NOT IN ( SELECT T2.lost_in_battle FROM ship AS T2 WHERE T2.tonnage = 225 ),1,1
List the name and date the battle that has lost the ship named 'Lettice' and the ship named 'HMS Atalanta',extra,"SELECT T1.name ,  T1.date FROM battle AS T1 JOIN ship AS T2 ON T1.id  =  T2.lost_in_battle WHERE T2.name  =  'Lettice' INTERSECT SELECT T1.name ,  T1.date FROM battle AS T1 JOIN ship AS T2 ON T1.id  =  T2.lost_in_battle WHERE T2.name  =  'HMS Atalanta'","SELECT T1.name ,  T1.date FROM battle AS T1 JOIN ship AS T2 ON T1.id = T2.lost_in_battle WHERE T2.name = 'Lettice' AND T2.name = 'HMS Atalanta' LIMIT 1","SELECT T1.name, T1.date FROM battle AS T1 INNER JOIN ship AS T2 ON T1.id = T2.lost_in_battle WHERE T2.name = 'Lettice' OR T2.name = 'HMS Atalanta'",0,1
"Show names, results and bulgarian commanders of the battles with no ships lost in the 'English Channel'.",extra,"SELECT name ,  RESULT ,  bulgarian_commander FROM battle EXCEPT SELECT T1.name ,  T1.result ,  T1.bulgarian_commander FROM battle AS T1 JOIN ship AS T2 ON T1.id  =  T2.lost_in_battle WHERE T2.location  =  'English Channel'","SELECT T1.name ,  T1.result ,  T1.bulgarian_commander FROM battle AS T1 JOIN ship AS T2 ON T1.id  =  T2.lost_in_battle WHERE T2.location  =  'English Channel' AND T2.disposition_of_ship  =  'lost' GROUP BY T1.id HAVING COUNT(*)  =  0",NULL,0,0
What are the notes of the death events which has substring 'East'?,medium,SELECT note FROM death WHERE note LIKE '%East%',SELECT note FROM death WHERE note LIKE '%East%',SELECT note FROM death WHERE note LIKE '%East%',1,1
what are all the addresses including line 1 and line 2?,medium,"SELECT line_1 ,  line_2 FROM addresses","SELECT line_1, line_2 FROM addresses","SELECT line_1, line_2 FROM addresses",1,1
What is the first and second line for all addresses?,medium,"SELECT line_1 ,  line_2 FROM addresses","SELECT line_1, line_2 FROM addresses","SELECT line_1, line_2 FROM addresses",1,1
How many courses in total are listed?,easy,SELECT count(*) FROM Courses,NULL,SELECT COUNT(course_id) FROM courses,0,1
How many courses are there?,easy,SELECT count(*) FROM Courses,NULL,SELECT COUNT(course_id) FROM courses,0,1
How is the math course described?,easy,SELECT course_description FROM Courses WHERE course_name  =  'math',NULL,SELECT course_description FROM courses WHERE course_name = 'Math',0,0
What are the descriptions for all the math courses?,easy,SELECT course_description FROM Courses WHERE course_name  =  'math',SELECT course_description FROM courses WHERE course_name LIKE '%Math%',SELECT course_description FROM courses WHERE course_name LIKE '%Math%',1,1
What is the zip code of the address in the city Port Chelsea?,easy,SELECT zip_postcode FROM Addresses WHERE city  =  'Port Chelsea',SELECT zip_postcode FROM addresses WHERE city = 'Port Chelsea',NULL,1,0
What is the zip code for Port Chelsea?,easy,SELECT zip_postcode FROM Addresses WHERE city  =  'Port Chelsea',SELECT zip_postcode FROM addresses WHERE city = 'Port Chelsea',NULL,1,0
Which department offers the most number of degrees? List department name and id.,extra,"SELECT T2.department_name ,  T1.department_id FROM Degree_Programs AS T1 JOIN Departments AS T2 ON T1.department_id  =  T2.department_id GROUP BY T1.department_id ORDER BY count(*) DESC LIMIT 1",NULL,"SELECT T1.department_name, T1.department_id FROM departments AS T1 INNER JOIN degree_programs AS T2 ON T1.department_id = T2.department_id GROUP BY T1.department_id ORDER BY COUNT(T2.degree_program_id) DESC LIMIT 1",0,1
What is the name and id of the department with the most number of degrees ?,extra,"select t2.department_name ,  t1.department_id from degree_programs as t1 join departments as t2 on t1.department_id  =  t2.department_id group by t1.department_id order by count(*) desc limit 1","SELECT T1.department_name ,  T1.department_id FROM departments AS T1 JOIN degree_programs AS T2 ON T1.department_id  =  T2.department_id GROUP BY T1.department_id ORDER BY count(*) DESC LIMIT 1","SELECT T1.department_name, T1.department_id FROM departments AS T1 INNER JOIN degree_programs AS T2 ON T1.department_id = T2.department_id GROUP BY T1.department_id ORDER BY COUNT(T2.degree_program_id) DESC LIMIT 1",1,1
How many departments offer any degree?,easy,SELECT count(DISTINCT department_id) FROM Degree_Programs,NULL,SELECT COUNT(DISTINCT department_id) FROM degree_programs,0,1
How many different departments offer degrees?,easy,SELECT count(DISTINCT department_id) FROM Degree_Programs,SELECT COUNT(DISTINCT department_id) FROM degree_programs,SELECT COUNT(DISTINCT T1.department_id) FROM degree_programs AS T1 INNER JOIN departments AS T2 ON T1.department_id = T2.department_id  Step-by-Step Sub-Questions:               1. What degree programs are there? 2. Which departments offer these degree programs? 3. How many unique departments are there that offer degree programs?,1,0
How many different degree names are offered?,easy,SELECT count(DISTINCT degree_summary_name) FROM Degree_Programs,SELECT COUNT(DISTINCT degree_summary_name) FROM degree_programs,SELECT COUNT(DISTINCT T1.degree_summary_name) FROM degree_programs AS T1 INNER JOIN departments AS T2 ON T1.department_id = T2.department_id  Step-by-Step Sub-Questions:   ,1,0
How many different degrees are offered?,easy,SELECT count(DISTINCT degree_summary_name) FROM Degree_Programs,SELECT COUNT(DISTINCT degree_summary_name) FROM degree_programs,SELECT COUNT(DISTINCT degree_summary_name) FROM degree_programs,1,1
How many degrees does the engineering department offer?,medium,SELECT count(*) FROM Departments AS T1 JOIN Degree_Programs AS T2 ON T1.department_id  =  T2.department_id WHERE T1.department_name  =  'engineer',NULL,SELECT COUNT(DISTINCT T1.degree_summary_name) FROM degree_programs AS T1 INNER JOIN departments AS T2 ON T1.department_id = T2.department_id WHERE T2.department_name = 'Engineering',0,1
How many degrees does the engineering department have?,medium,SELECT count(*) FROM Departments AS T1 JOIN Degree_Programs AS T2 ON T1.department_id  =  T2.department_id WHERE T1.department_name  =  'engineer',NULL,SELECT COUNT(DISTINCT T2.degree_summary_name) FROM departments AS T1 INNER JOIN degree_programs AS T2 ON T1.department_id = T2.department_id WHERE T1.department_name = 'Engineering',0,1
What are the names and descriptions of all the sections?,medium,"SELECT section_name ,  section_description FROM Sections","SELECT section_name, section_description FROM sections","SELECT section_name, section_description FROM sections",1,1
What are the names and descriptions for all the sections?,medium,"SELECT section_name ,  section_description FROM Sections","SELECT section_name ,  section_description FROM sections","SELECT section_name, section_description FROM sections",1,1
What are the names and id of courses having at most 2 sections?,medium,"SELECT T1.course_name ,  T1.course_id FROM Courses AS T1 JOIN Sections AS T2 ON T1.course_id  =  T2.course_id GROUP BY T1.course_id HAVING count(*)  <=  2","SELECT T1.course_name ,  T1.course_id FROM courses AS T1 JOIN sections AS T2 ON T1.course_id  =  T2.course_id GROUP BY T1.course_id HAVING count(*)  <=  2","SELECT T1.course_name, T1.course_id FROM courses AS T1 INNER JOIN sections AS T2 ON T1.course_id = T2.course_id GROUP BY T1.course_id HAVING COUNT(T2.section_id) <= 2",1,1
What are the names and ids of every course with less than 2 sections?,medium,"SELECT T1.course_name ,  T1.course_id FROM Courses AS T1 JOIN Sections AS T2 ON T1.course_id  =  T2.course_id GROUP BY T1.course_id HAVING count(*)  <=  2","SELECT course_name ,  course_id FROM courses WHERE course_id NOT IN ( SELECT course_id FROM sections GROUP BY course_id HAVING COUNT(*)  >=  2 ) ","SELECT T1.course_name, T1.course_id FROM courses AS T1 INNER JOIN sections AS T2 ON T1.course_id = T2.course_id GROUP BY T1.course_id HAVING COUNT(T2.section_id) < 2",0,0
List the section_name in reversed lexicographical order.,easy,SELECT section_name FROM Sections ORDER BY section_name DESC,SELECT section_name FROM sections ORDER BY section_name DESC,SELECT section_name FROM sections ORDER BY section_name DESC,1,1
What are the names of the sections in reverse alphabetical order?,easy,SELECT section_name FROM Sections ORDER BY section_name DESC,SELECT section_name FROM sections ORDER BY section_name DESC,SELECT section_name FROM sections ORDER BY section_name DESC,1,1
What is the semester which most student registered in? Show both the name and the id.,extra,"SELECT T1.semester_name ,  T1.semester_id FROM Semesters AS T1 JOIN Student_Enrolment AS T2 ON T1.semester_id  =  T2.semester_id GROUP BY T1.semester_id ORDER BY count(*) DESC LIMIT 1","SELECT semester_name, semester_id FROM semesters WHERE semester_id IN ( SELECT semester_id FROM student_enrolment GROUP BY semester_id ORDER BY COUNT(student_id) DESC LIMIT 1 ) ","SELECT T1.semester_name, T1.semester_id FROM semesters AS T1 INNER JOIN student_enrolment AS T2 ON T1.semester_id = T2.semester_id GROUP BY T1.semester_id ORDER BY COUNT(T2.student_id) DESC LIMIT 1",1,1
"For each semester, what is the name and id of the one with the most students registered?",extra,"SELECT T1.semester_name ,  T1.semester_id FROM Semesters AS T1 JOIN Student_Enrolment AS T2 ON T1.semester_id  =  T2.semester_id GROUP BY T1.semester_id ORDER BY count(*) DESC LIMIT 1","SELECT semester_id, semester_name, COUNT(student_id) AS student_count FROM students JOIN student_enrolment ON students.student_id = student_enrolment.student_id JOIN semesters ON student_enrolment.semester_id = semesters.semester_id GROUP BY semester_id, semester_name ORDER BY student_count DESC","SELECT T1.semester_name, T1.semester_id FROM semesters AS T1 INNER JOIN student_enrolment AS T2 ON T1.semester_id = T2.semester_id GROUP BY T1.semester_id ORDER BY COUNT(T2.student_id) DESC LIMIT 1",0,1
What is the description of the department whose name has the substring the computer?,medium,SELECT department_description FROM Departments WHERE department_name LIKE '%computer%',SELECT T2.department_description FROM departments AS T1 JOIN degree_programs AS T2 ON T1.department_id = T2.department_id WHERE T1.department_name LIKE '%the computer%' LIMIT 1,SELECT T2.department_description FROM departments AS T1 INNER JOIN degree_programs AS T2 ON T1.department_id = T2.department_id WHERE T1.department_name LIKE '%the computer%',0,0
What is the department description for the one whose name has the word computer?,medium,SELECT department_description FROM Departments WHERE department_name LIKE '%computer%',SELECT T1.department_description FROM departments AS T1 WHERE T1.department_name LIKE '%computer%' LIMIT 1,SELECT T2.department_description FROM departments AS T1 INNER JOIN degree_programs AS T2 ON T1.department_id = T2.department_id WHERE T1.department_name LIKE '%computer%',1,0
"Who are enrolled in 2 degree programs in one semester? List the first name, middle name and last name and the id.",medium,"SELECT T1.first_name ,  T1.middle_name ,  T1.last_name ,  T1.student_id FROM Students AS T1 JOIN Student_Enrolment AS T2 ON T1.student_id  =  T2.student_id GROUP BY T1.student_id HAVING count(*)  =  2","SELECT T1.first_name, T1.middle_name, T1.last_name, T1.student_id FROM students AS T1 JOIN student_enrolment AS T2 ON T1.student_id = T2.student_id GROUP BY T1.student_id HAVING COUNT(DISTINCT T2.degree_program_id) = 2 AND COUNT(DISTINCT T2.semester_id) = 1",NULL,0,0
"What are the first, middle, and last names, along with the ids, of all students who enrolled in 2 degree programs in one semester?",medium,"SELECT T1.first_name ,  T1.middle_name ,  T1.last_name ,  T1.student_id FROM Students AS T1 JOIN Student_Enrolment AS T2 ON T1.student_id  =  T2.student_id GROUP BY T1.student_id HAVING count(*)  =  2","SELECT T1.first_name, T1.middle_name, T1.last_name, T1.student_id FROM students AS T1 JOIN student_enrolment AS T2 ON T1.student_id = T2.student_id GROUP BY T1.student_id HAVING COUNT(DISTINCT T2.degree_program_id) = 2","SELECT T1.first_name, T1.middle_name, T1.last_name, T1.student_id FROM students AS T1 INNER JOIN student_enrolment AS T2 ON T1.student_id = T2.student_id GROUP BY T1.student_id HAVING COUNT(DISTINCT T2.degree_program_id) = 2 AND COUNT(DISTINCT T2.semester_id) = 1",0,0
"Who is enrolled in a Bachelor degree program? List the first name, middle name, last name.",hard,"SELECT DISTINCT T1.first_name ,  T1.middle_name ,  T1.last_name FROM Students AS T1 JOIN Student_Enrolment AS T2 ON T1.student_id  =  T2.student_id JOIN Degree_Programs AS T3 ON T2.degree_program_id  =  T3.degree_program_id WHERE T3.degree_summary_name  =  'Bachelor'","SELECT T1.first_name, T1.middle_name, T1.last_name FROM students AS T1 JOIN student_enrolment AS T2 ON T1.student_id = T2.student_id JOIN degree_programs AS T3 ON T2.degree_program_id = T3.degree_program_id WHERE T3.degree_summary_name = 'Bachelor'","SELECT T1.first_name, T1.middle_name, T1.last_name FROM students AS T1 INNER JOIN student_enrolment AS T2 ON T1.student_id = T2.student_id INNER JOIN degree_programs AS T3 ON T2.degree_program_id = T3.degree_program_id WHERE T3.degree_summary_name = 'Bachelor'",1,1
"What are the first, middle, and last names for everybody enrolled in a Bachelors program?",hard,"SELECT DISTINCT T1.first_name ,  T1.middle_name ,  T1.last_name FROM Students AS T1 JOIN Student_Enrolment AS T2 ON T1.student_id  =  T2.student_id JOIN Degree_Programs AS T3 ON T2.degree_program_id  =  T3.degree_program_id WHERE T3.degree_summary_name  =  'Bachelor'","SELECT T1.first_name, T1.middle_name, T1.last_name FROM students AS T1 JOIN student_enrolment AS T2 ON T1.student_id = T2.student_id JOIN degree_programs AS T3 ON T2.degree_program_id = T3.degree_program_id WHERE T3.degree_summary_name = 'Bachelors'","SELECT T1.first_name, T1.middle_name, T1.last_name FROM students AS T1 INNER JOIN student_enrolment AS T2 ON T1.student_id = T2.student_id INNER JOIN degree_programs AS T3 ON T2.degree_program_id = T3.degree_program_id WHERE T3.degree_summary_name = 'Bachelors'",0,0
Find the kind of program which most number of students are enrolled in?,extra,SELECT T1.degree_summary_name FROM Degree_Programs AS T1 JOIN Student_Enrolment AS T2 ON T1.degree_program_id  =  T2.degree_program_id GROUP BY T1.degree_summary_name ORDER BY count(*) DESC LIMIT 1,NULL,SELECT T1.degree_summary_name FROM degree_programs AS T1 INNER JOIN student_enrolment AS T2 ON T1.degree_program_id = T2.degree_program_id GROUP BY T1.degree_summary_name ORDER BY COUNT(*) DESC LIMIT 1,0,1
What is the degree summary name that has the most number of students enrolled?,extra,SELECT T1.degree_summary_name FROM Degree_Programs AS T1 JOIN Student_Enrolment AS T2 ON T1.degree_program_id  =  T2.degree_program_id GROUP BY T1.degree_summary_name ORDER BY count(*) DESC LIMIT 1,SELECT T1.degree_summary_name FROM degree_programs AS T1 JOIN student_enrolment AS T2 ON T1.degree_program_id = T2.degree_program_id GROUP BY T1.degree_summary_name ORDER BY COUNT(*) DESC LIMIT 1,SELECT T2.degree_summary_name FROM student_enrolment AS T1 INNER JOIN degree_programs AS T2 ON T1.degree_program_id = T2.degree_program_id GROUP BY T2.degree_summary_name ORDER BY COUNT(*) DESC LIMIT 1,1,1
Find the program which most number of students are enrolled in. List both the id and the summary.,extra,"SELECT T1.degree_program_id ,  T1.degree_summary_name FROM Degree_Programs AS T1 JOIN Student_Enrolment AS T2 ON T1.degree_program_id  =  T2.degree_program_id GROUP BY T1.degree_program_id ORDER BY count(*) DESC LIMIT 1","SELECT T1.degree_program_id, T1.degree_summary_name FROM degree_programs AS T1 JOIN student_enrolment AS T2 ON T1.degree_program_id = T2.degree_program_id GROUP BY T1.degree_program_id ORDER BY COUNT(*) DESC LIMIT 1",NULL,1,0
What is the program id and the summary of the degree that has the most students enrolled?,extra,"SELECT T1.degree_program_id ,  T1.degree_summary_name FROM Degree_Programs AS T1 JOIN Student_Enrolment AS T2 ON T1.degree_program_id  =  T2.degree_program_id GROUP BY T1.degree_program_id ORDER BY count(*) DESC LIMIT 1","SELECT T1.degree_program_id, T1.degree_summary_name FROM degree_programs AS T1 JOIN student_enrolment AS T2 ON T1.degree_program_id = T2.degree_program_id GROUP BY T1.degree_program_id, T1.degree_summary_name ORDER BY COUNT(*) DESC LIMIT 1","SELECT T1.degree_program_id, T1.degree_summary_name FROM degree_programs AS T1 INNER JOIN student_enrolment AS T2 ON T1.degree_program_id = T2.degree_program_id GROUP BY T1.degree_program_id, T1.degree_summary_name ORDER BY COUNT(*) DESC LIMIT 1",1,1
"Which student has enrolled for the most times in any program? List the id, first name, middle name, last name, the number of enrollments and student id.",extra,"SELECT T1.student_id ,  T1.first_name ,  T1.middle_name ,  T1.last_name ,  count(*) ,  T1.student_id FROM Students AS T1 JOIN Student_Enrolment AS T2 ON T1.student_id  =  T2.student_id GROUP BY T1.student_id ORDER BY count(*) DESC LIMIT 1","SELECT T1.student_id, T1.first_name, T1.middle_name, T1.last_name, COUNT(T2.student_enrolment_id) AS num_enrollments FROM students AS T1 JOIN student_enrolment AS T2 ON T1.student_id = T2.student_id GROUP BY T1.student_id ORDER BY num_enrollments DESC LIMIT 1","SELECT T1.student_id, T1.first_name, T1.middle_name, T1.last_name, COUNT(T2.degree_program_id) AS num_enrollments FROM students AS T1 INNER JOIN student_enrolment AS T2 ON T1.student_id = T2.student_id GROUP BY T1.student_id ORDER BY num_enrollments DESC LIMIT 1",0,0
"What is the first, middle, and last name, along with the id and number of enrollments, for the student who enrolled the most in any program?",extra,"SELECT T1.student_id ,  T1.first_name ,  T1.middle_name ,  T1.last_name ,  count(*) ,  T1.student_id FROM Students AS T1 JOIN Student_Enrolment AS T2 ON T1.student_id  =  T2.student_id GROUP BY T1.student_id ORDER BY count(*) DESC LIMIT 1","SELECT T1.first_name, T1.middle_name, T1.last_name, T1.student_id, COUNT(*) FROM students AS T1 JOIN student_enrolment AS T2 ON T1.student_id = T2.student_id GROUP BY T1.student_id ORDER BY COUNT(*) DESC LIMIT 1","SELECT T1.first_name, T1.middle_name, T1.last_name, T1.student_id, COUNT(T2.degree_program_id) AS num_enrollments FROM students AS T1 INNER JOIN student_enrolment AS T2 ON T1.student_id = T2.student_id GROUP BY T1.student_id ORDER BY num_enrollments DESC LIMIT 1",0,0
Which semesters do not have any student enrolled? List the semester name.,hard,SELECT semester_name FROM Semesters WHERE semester_id NOT IN( SELECT semester_id FROM Student_Enrolment ),SELECT semester_name FROM semesters WHERE semester_id NOT IN ( SELECT semester_id FROM student_enrolment ),SELECT semester_name FROM semesters WHERE semester_id NOT IN (SELECT semester_id FROM student_enrolment),1,1
What is the name of the semester with no students enrolled?,hard,SELECT semester_name FROM Semesters WHERE semester_id NOT IN( SELECT semester_id FROM Student_Enrolment ),SELECT semester_name FROM semesters WHERE semester_id NOT IN ( SELECT semester_id FROM student_enrolment ) ,SELECT semester_name FROM semesters WHERE semester_id NOT IN (SELECT semester_id FROM student_enrolment),1,1
What are all the course names of the courses which ever have students enrolled in?,easy,SELECT DISTINCT T1.course_name FROM Courses AS T1 JOIN Student_Enrolment_Courses AS T2 ON T1.course_id  =  T2.course_id,SELECT T1.course_name FROM courses AS T1 JOIN student_enrolment_courses AS T2 ON T1.course_id = T2.course_id,NULL,1,0
What are the names of all courses that have some students enrolled?,easy,SELECT DISTINCT T1.course_name FROM Courses AS T1 JOIN Student_Enrolment_Courses AS T2 ON T1.course_id  =  T2.course_id,SELECT T1.course_name FROM courses AS T1 JOIN student_enrolment_courses AS T2 ON T1.course_id = T2.course_id,SELECT T1.course_name FROM courses AS T1 INNER JOIN student_enrolment_courses AS T2 ON T1.course_id = T2.course_id  Step-by-Step Sub-Questions: . What courses are there in the database? 2. How can we identify which courses have students enrolled? 3. What is the relationship between courses and student enrollments? 4. How do we join the courses table with the student enrollments table to find courses with students? 5. What specific information are we looking to retrieve from the joined tables?,1,0
What's the name of the course with most number of enrollments?,extra,SELECT  T1.course_name FROM Courses AS T1 JOIN Student_Enrolment_Courses AS T2 ON T1.course_id  =  T2.course_id GROUP BY T1.course_name ORDER BY count(*) DESC LIMIT 1,SELECT T1.course_name FROM courses AS T1 JOIN student_enrolment_courses AS T2 ON T1.course_id = T2.course_id GROUP BY T1.course_name ORDER BY COUNT(*) DESC LIMIT 1,SELECT T1.course_name FROM courses AS T1 INNER JOIN student_enrolment_courses AS T2 ON T1.course_id = T2.course_id GROUP BY T1.course_name ORDER BY COUNT(*) DESC LIMIT 1,1,1
What is the name of the course with the most students enrolled?,extra,SELECT  T1.course_name FROM Courses AS T1 JOIN Student_Enrolment_Courses AS T2 ON T1.course_id  =  T2.course_id GROUP BY T1.course_name ORDER BY count(*) DESC LIMIT 1,select the top 1 course name.  SQLite Query: SELECT T3.course_name FROM student_enrolment_courses AS T1 JOIN student_enrolment AS T2 ON T1.student_enrolment_id = T2.student_enrolment_id JOIN courses AS T3 ON T1.course_id = T3.course_id GROUP BY T3.course_name ORDER BY COUNT(T2.student_id) DESC LIMIT 1,SELECT T2.course_name FROM student_enrolment AS T1 INNER JOIN courses AS T2 ON T1.course_id = T2.course_id GROUP BY T2.course_name ORDER BY COUNT(T1.student_id) DESC LIMIT 1,0,0
Find the last name of the students who currently live in the state of North Carolina but have not registered in any degree program.,extra,SELECT T1.last_name FROM Students AS T1 JOIN Addresses AS T2 ON T1.current_address_id  =  T2.address_id WHERE T2.state_province_county  =  'NorthCarolina' EXCEPT SELECT DISTINCT T3.last_name FROM Students AS T3 JOIN Student_Enrolment AS T4 ON T3.student_id  =  T4.student_id,SELECT T1.last_name FROM students AS T1 JOIN addresses AS T2 ON T1.current_address_id = T2.address_id WHERE T2.state_province_county = 'North Carolina' AND T1.student_id NOT IN ( SELECT student_id FROM student_enrolment ) ,SELECT T1.last_name FROM students AS T1 INNER JOIN addresses AS T2 ON T1.current_address_id = T2.address_id WHERE T2.state_province_county = 'North Carolina' AND T1.student_id NOT IN (SELECT student_id FROM student_enrolment),0,0
What are the last name of the students who live in North Carolina but have not registered in any degree programs?,extra,SELECT T1.last_name FROM Students AS T1 JOIN Addresses AS T2 ON T1.current_address_id  =  T2.address_id WHERE T2.state_province_county  =  'NorthCarolina' EXCEPT SELECT DISTINCT T3.last_name FROM Students AS T3 JOIN Student_Enrolment AS T4 ON T3.student_id  =  T4.student_id,SELECT last_name FROM students WHERE current_address_id IN ( SELECT address_id FROM addresses WHERE state_province_county = 'North Carolina' ) AND student_id NOT IN ( SELECT student_id FROM student_enrolment ) ,SELECT T1.last_name FROM students AS T1 INNER JOIN addresses AS T2 ON T1.current_address_id = T2.address_id WHERE T2.state_province_county = 'North Carolina' AND T1.student_id NOT IN (SELECT T3.student_id FROM student_enrolment AS T3 INNER JOIN degree_programs AS T4 ON T3.degree_program_id = T4.degree_program_id),0,0
Show the date and id of the transcript with at least 2 course results.,medium,"SELECT T2.transcript_date ,  T1.transcript_id FROM Transcript_Contents AS T1 JOIN Transcripts AS T2 ON T1.transcript_id  =  T2.transcript_id GROUP BY T1.transcript_id HAVING count(*)  >=  2","SELECT T1.transcript_date , T1.transcript_id FROM transcripts AS T1 JOIN transcript_contents AS T2 ON T1.transcript_id = T2.transcript_id GROUP BY T1.transcript_id HAVING COUNT(*) >= 2","SELECT T1.transcript_date, T1.transcript_id FROM transcripts AS T1 INNER JOIN transcript_contents AS T2 ON T1.transcript_id = T2.transcript_id GROUP BY T1.transcript_id HAVING COUNT(T2.student_course_id) >= 2",1,1
What is the date and id of the transcript with at least 2 courses listed?,medium,"SELECT T2.transcript_date ,  T1.transcript_id FROM Transcript_Contents AS T1 JOIN Transcripts AS T2 ON T1.transcript_id  =  T2.transcript_id GROUP BY T1.transcript_id HAVING count(*)  >=  2","SELECT T1.transcript_date, T1.transcript_id FROM transcripts AS T1 JOIN transcript_contents AS T2 ON T1.transcript_id = T2.transcript_id GROUP BY T1.transcript_id HAVING COUNT(*) >= 2","SELECT T1.transcript_date, T1.transcript_id FROM transcripts AS T1 INNER JOIN transcript_contents AS T2 ON T1.transcript_id = T2.transcript_id GROUP BY T1.transcript_id HAVING COUNT(T2.student_course_id) >= 2",1,1
What is the phone number of the man with the first name Timmothy and the last name Ward?,medium,SELECT cell_mobile_number FROM Students WHERE first_name  =  'Timmothy' AND last_name  =  'Ward',SELECT cell_mobile_number FROM students WHERE first_name = 'Timmothy' AND last_name = 'Ward',SELECT cell_mobile_number FROM students WHERE first_name = 'Timmothy' AND last_name = 'Ward',1,1
What is the mobile phone number of the student named Timmothy Ward ?,medium,select cell_mobile_number from students where first_name  =  'timmothy' and last_name  =  'ward',SELECT cell_mobile_number FROM students WHERE first_name = 'Timmothy' AND last_name = 'Ward',SELECT cell_mobile_number FROM students WHERE first_name = 'Timmothy' AND last_name = 'Ward',0,0
"Who is the first student to register? List the first name, middle name and last name.",medium,"SELECT first_name ,  middle_name ,  last_name FROM Students ORDER BY date_first_registered ASC LIMIT 1","SELECT first_name, middle_name, last_name FROM students ORDER BY date_first_registered ASC LIMIT 1","SELECT first_name, middle_name, last_name FROM students ORDER BY date_first_registered ASC LIMIT 1",1,1
"What is the first, middle, and last name of the first student to register?",medium,"SELECT first_name ,  middle_name ,  last_name FROM Students ORDER BY date_first_registered ASC LIMIT 1","SELECT first_name, middle_name, last_name FROM students ORDER BY date_first_registered ASC LIMIT 1","SELECT first_name, middle_name, last_name FROM students ORDER BY date_first_registered ASC LIMIT 1",1,1
"Who is the earliest graduate of the school? List the first name, middle name and last name.",medium,"SELECT first_name ,  middle_name ,  last_name FROM Students ORDER BY date_left ASC LIMIT 1","SELECT first_name, middle_name, last_name FROM students WHERE student_id IN ( SELECT student_id FROM student_enrolment WHERE semester_id IN ( SELECT semester_id FROM semesters WHERE semester_name = 'Graduation' ) ) ORDER BY date_left ASC LIMIT 1","SELECT T1.first_name, T1.middle_name, T1.last_name FROM students AS T1 INNER JOIN student_enrolment AS T2 ON T1.student_id = T2.student_id WHERE T2.semester_id IN ( SELECT semester_id FROM semesters WHERE semester_name = 'Graduation' ) ORDER BY T1.date_first_registered ASC LIMIT 1",0,0
"What is the first, middle, and last name of the earliest school graduate?",medium,"SELECT first_name ,  middle_name ,  last_name FROM Students ORDER BY date_left ASC LIMIT 1","SELECT first_name, middle_name, last_name FROM students WHERE date_left IS NOT NULL ORDER BY date_left ASC LIMIT 1","SELECT T1.first_name, T1.middle_name, T1.last_name FROM students AS T1 INNER JOIN student_enrolment AS T2 ON T1.student_id = T2.student_id WHERE T2.semester_id = (SELECT semester_id FROM semesters WHERE semester_name = 'Graduation') ORDER BY T1.date_first_registered ASC LIMIT 1",1,0
Whose permanent address is different from his or her current address? List his or her first name.,easy,SELECT first_name FROM Students WHERE current_address_id != permanent_address_id,SELECT T1.first_name FROM students AS T1 JOIN addresses AS T2 ON T1.permanent_address_id = T2.address_id JOIN addresses AS T3 ON T1.current_address_id = T3.address_id WHERE T2.address_id != T3.address_id,NULL,1,0
What is the first name of the student whose permanent address is different from his or her current one?,easy,SELECT first_name FROM Students WHERE current_address_id != permanent_address_id,SELECT T1.first_name FROM students AS T1 JOIN addresses AS T2 ON T1.permanent_address_id = T2.address_id JOIN addresses AS T3 ON T1.current_address_id = T3.address_id WHERE T2.address_id <> T3.address_id,SELECT T1.first_name FROM students AS T1 INNER JOIN addresses AS T2 ON T1.permanent_address_id = T2.address_id INNER JOIN addresses AS T3 ON T1.current_address_id = T3.address_id WHERE T2.line_1 <> T3.line_1 OR T2.line_2 <> T3.line_2 OR T2.line_3 <> T3.line_3 OR T2.city <> T3.city OR T2.zip_postcode <> T3.zip_postcode OR T2.state_province_county <> T3.state_province_county OR T2.country <> T3.country,1,1
Which address holds the most number of students currently? List the address id and all lines.,extra,"SELECT T1.address_id ,  T1.line_1 ,  T1.line_2 FROM Addresses AS T1 JOIN Students AS T2 ON T1.address_id  =  T2.current_address_id GROUP BY T1.address_id ORDER BY count(*) DESC LIMIT 1","SELECT T2.address_id, T2.line_1, T2.line_2, T2.line_3, T2.city, T2.zip_postcode, T2.state_province_county, T2.country, T2.other_address_details FROM students AS T1 INNER JOIN addresses AS T2 ON T1.current_address_id = T2.address_id GROUP BY T2.address_id ORDER BY COUNT(T1.student_id) DESC LIMIT 1",NULL,0,0
"What is the id, line 1, and line 2 of the address with the most students?",extra,"SELECT T1.address_id ,  T1.line_1 ,  T1.line_2 FROM Addresses AS T1 JOIN Students AS T2 ON T1.address_id  =  T2.current_address_id GROUP BY T1.address_id ORDER BY count(*) DESC LIMIT 1",NULL,"SELECT T1.address_id, T1.line_1, T1.line_2 FROM addresses AS T1 INNER JOIN students AS T2 ON T1.address_id = T2.current_address_id GROUP BY T1.address_id ORDER BY COUNT(T2.student_id) DESC LIMIT 1",0,1
"On average, when were the transcripts printed?",easy,SELECT avg(transcript_date) FROM Transcripts,SELECT AVG(transcript_date) FROM transcripts,SELECT AVG(transcript_date) FROM transcripts,1,1
What is the average transcript date?,easy,SELECT avg(transcript_date) FROM Transcripts,SELECT AVG(transcript_date) FROM transcripts,SELECT AVG(transcript_date) FROM transcripts,1,1
When is the first transcript released? List the date and details.,medium,"SELECT transcript_date ,  other_details FROM Transcripts ORDER BY transcript_date ASC LIMIT 1",NULL,"SELECT transcript_date, other_details FROM transcripts ORDER BY transcript_date ASC LIMIT 1",0,1
"What is the earliest date of a transcript release, and what details can you tell me?",medium,"SELECT transcript_date ,  other_details FROM Transcripts ORDER BY transcript_date ASC LIMIT 1",NULL,"SELECT MIN(transcript_date), other_details FROM transcripts",0,1
How many transcripts are released?,easy,SELECT count(*) FROM Transcripts,SELECT COUNT(transcript_id) FROM transcripts,SELECT COUNT(transcript_id) FROM transcripts,1,1
How many transcripts are listed?,easy,SELECT count(*) FROM Transcripts,NULL,SELECT COUNT(transcript_id) FROM transcripts,0,1
What is the last transcript release date?,medium,SELECT transcript_date FROM Transcripts ORDER BY transcript_date DESC LIMIT 1,NULL,SELECT MAX(transcript_date) FROM transcripts,0,1
When was the last transcript released?,medium,SELECT transcript_date FROM Transcripts ORDER BY transcript_date DESC LIMIT 1,NULL,SELECT transcript_date FROM transcripts ORDER BY transcript_date DESC LIMIT 1,0,1
How many times at most can a course enrollment result show in different transcripts? Also show the course enrollment id.,hard,"SELECT count(*) ,  student_course_id FROM Transcript_Contents GROUP BY student_course_id ORDER BY count(*) DESC LIMIT 1",NULL,NULL,0,0
What is the maximum number of times that a course shows up in different transcripts and what is that course's enrollment id?,hard,"SELECT count(*) ,  student_course_id FROM Transcript_Contents GROUP BY student_course_id ORDER BY count(*) DESC LIMIT 1","SELECT T2.course_id, COUNT(*) FROM transcript_contents AS T1 JOIN student_enrolment_courses AS T2 ON T1.student_course_id = T2.student_course_id GROUP BY T2.course_id ORDER BY COUNT(*) DESC LIMIT 1",NULL,0,0
"Show the date of the transcript which shows the least number of results, also list the id.",extra,"SELECT T2.transcript_date ,  T1.transcript_id FROM Transcript_Contents AS T1 JOIN Transcripts AS T2 ON T1.transcript_id  =  T2.transcript_id GROUP BY T1.transcript_id ORDER BY count(*) ASC LIMIT 1","SELECT transcript_date ,  transcript_id FROM transcripts WHERE transcript_id IN ( SELECT transcript_id FROM transcript_contents GROUP BY transcript_id ORDER BY count(*) ASC LIMIT 1 ) ",NULL,1,0
What is the date and id of the transcript with the least number of results?,extra,"SELECT T2.transcript_date ,  T1.transcript_id FROM Transcript_Contents AS T1 JOIN Transcripts AS T2 ON T1.transcript_id  =  T2.transcript_id GROUP BY T1.transcript_id ORDER BY count(*) ASC LIMIT 1","SELECT transcript_date, transcript_id FROM transcripts ORDER BY transcript_contents.student_course_id ASC LIMIT 1","SELECT T1.transcript_date, T1.transcript_id FROM transcripts AS T1 INNER JOIN transcript_contents AS T2 ON T1.transcript_id = T2.transcript_id GROUP BY T1.transcript_id ORDER BY COUNT(*) ASC LIMIT 1",0,1
Find the semester when both Master students and Bachelor students got enrolled in.,extra,SELECT DISTINCT T2.semester_id FROM Degree_Programs AS T1 JOIN Student_Enrolment AS T2 ON T1.degree_program_id  =  T2.degree_program_id WHERE degree_summary_name  =  'Master' INTERSECT SELECT DISTINCT T2.semester_id FROM Degree_Programs AS T1 JOIN Student_Enrolment AS T2 ON T1.degree_program_id  =  T2.degree_program_id WHERE degree_summary_name  =  'Bachelor',NULL,"SELECT T1.semester_name FROM semesters AS T1 INNER JOIN student_enrolment AS T2 ON T1.semester_id = T2.semester_id INNER JOIN students AS T3 ON T2.student_id = T3.student_id WHERE T3.degree_program_id IN ( SELECT degree_program_id FROM degree_programs WHERE degree_summary_name IN ( 'Master', 'Bachelor' ) ) GROUP BY T1.semester_name HAVING COUNT(DISTINCT T3.student_id) > 1",0,0
What is the id of the semester that had both Masters and Bachelors students enrolled?,extra,SELECT DISTINCT T2.semester_id FROM Degree_Programs AS T1 JOIN Student_Enrolment AS T2 ON T1.degree_program_id  =  T2.degree_program_id WHERE degree_summary_name  =  'Master' INTERSECT SELECT DISTINCT T2.semester_id FROM Degree_Programs AS T1 JOIN Student_Enrolment AS T2 ON T1.degree_program_id  =  T2.degree_program_id WHERE degree_summary_name  =  'Bachelor',NULL,"SELECT T1.semester_id FROM semesters AS T1 INNER JOIN student_enrolment AS T2 ON T1.semester_id = T2.semester_id INNER JOIN degree_programs AS T3 ON T2.degree_program_id = T3.degree_program_id WHERE T3.degree_summary_name IN ('Masters', 'Bachelors') GROUP BY T1.semester_id HAVING COUNT(DISTINCT T3.degree_summary_name) = 2",0,0
How many different addresses do the students currently live?,easy,SELECT count(DISTINCT current_address_id) FROM Students,SELECT COUNT(DISTINCT current_address_id) FROM students,SELECT COUNT(DISTINCT T1.current_address_id) FROM students AS T1 INNER JOIN addresses AS T2 ON T1.current_address_id = T2.address_id  Step-by-Step Sub-Questions: . What are the current addresses of the students? 2. How many unique current addresses are there?,1,0
What are the different addresses that have students living there?,easy,SELECT count(DISTINCT current_address_id) FROM Students,NULL,SELECT DISTINCT T1.address_id FROM addresses AS T1 INNER JOIN students AS T2 ON T1.address_id = T2.current_address_id OR T1.address_id = T2.permanent_address_id,0,0
List all the student details in reversed lexicographical order.,easy,SELECT other_student_details FROM Students ORDER BY other_student_details DESC,"SELECT first_name, middle_name, last_name FROM students ORDER BY last_name DESC, first_name DESC, middle_name DESC","SELECT * FROM students ORDER BY first_name DESC, middle_name DESC, last_name DESC",0,0
What other details can you tell me about students in reverse alphabetical order?,easy,SELECT other_student_details FROM Students ORDER BY other_student_details DESC,"SELECT other_student_details FROM students ORDER BY last_name DESC, first_name DESC","SELECT other_student_details FROM students ORDER BY last_name DESC, first_name DESC, middle_name DESC",1,1
Describe the section h.,easy,SELECT section_description FROM Sections WHERE section_name  =  'h',NULL,"SELECT T1.section_name, T1.section_description FROM sections AS T1 WHERE T1.section_id = 'h'",0,0
What is the description for the section named h?,easy,SELECT section_description FROM Sections WHERE section_name  =  'h',SELECT section_description FROM sections WHERE section_name = 'h',SELECT T1.section_description FROM sections AS T1 WHERE T1.section_name = 'h',1,1
Find the first name of the students who permanently live in the country Haiti or have the cell phone number 09700166582 .,hard,select t1.first_name from students as t1 join addresses as t2 on t1.permanent_address_id  =  t2.address_id where t2.country  =  'haiti' or t1.cell_mobile_number  =  '09700166582',SELECT T1.first_name FROM students AS T1 JOIN addresses AS T2 ON T1.permanent_address_id = T2.address_id WHERE T2.country = 'Haiti' OR T1.cell_mobile_number = '09700166582' ,SELECT T1.first_name FROM students AS T1 INNER JOIN addresses AS T2 ON T1.permanent_address_id = T2.address_id WHERE T2.country = 'Haiti' OR T1.cell_mobile_number = '09700166582',0,0
What are the first names of the students who live in Haiti permanently or have the cell phone number 09700166582 ?,hard,select t1.first_name from students as t1 join addresses as t2 on t1.permanent_address_id  =  t2.address_id where t2.country  =  'haiti' or t1.cell_mobile_number  =  '09700166582',SELECT T1.first_name FROM students AS T1 JOIN addresses AS T2 ON T1.permanent_address_id = T2.address_id WHERE T2.country = 'Haiti' OR T1.cell_mobile_number = '09700166582' ,SELECT T1.first_name FROM students AS T1 INNER JOIN addresses AS T2 ON T1.permanent_address_id = T2.address_id WHERE T2.country = 'Haiti' OR T1.cell_mobile_number = '09700166582',0,0
List the title of all cartoons in alphabetical order.,easy,SELECT Title FROM Cartoon ORDER BY title,SELECT title FROM cartoon ORDER BY title,SELECT title FROM cartoon ORDER BY title ASC,1,1
What are the titles of the cartoons sorted alphabetically?,easy,SELECT Title FROM Cartoon ORDER BY title,SELECT title FROM cartoon ORDER BY title ASC,SELECT title FROM cartoon ORDER BY title ASC,1,1
"List all cartoon directed by ""Ben Jones"".",easy,"SELECT Title FROM Cartoon WHERE Directed_by = ""Ben Jones"";",SELECT title FROM cartoon WHERE directed_by = 'Ben Jones',SELECT title FROM cartoon WHERE directed_by = 'Ben Jones',1,1
What are the names of all cartoons directed by Ben Jones?,easy,"SELECT Title FROM Cartoon WHERE Directed_by = ""Ben Jones"";",SELECT title FROM cartoon WHERE directed_by = 'Ben Jones',SELECT title FROM cartoon WHERE directed_by = 'Ben Jones',1,1
"How many cartoons were written by ""Joseph Kuhr""?",easy,"SELECT count(*) FROM Cartoon WHERE Written_by = ""Joseph Kuhr"";",SELECT COUNT(*) FROM cartoon WHERE written_by = 'Joseph Kuhr',SELECT COUNT(*) FROM cartoon WHERE written_by = 'Joseph Kuhr',1,1
What is the number of cartoones written by Joseph Kuhr?,easy,"SELECT count(*) FROM Cartoon WHERE Written_by = ""Joseph Kuhr"";",SELECT COUNT(*) FROM cartoon WHERE written_by = 'Joseph Kuhr',SELECT COUNT(*) FROM cartoon WHERE written_by = 'Joseph Kuhr',1,1
list all cartoon titles and their directors ordered by their air date,medium,"SELECT title ,  Directed_by FROM Cartoon ORDER BY Original_air_date","SELECT title, directed_by FROM cartoon ORDER BY original_air_date","SELECT title, directed_by FROM cartoon ORDER BY original_air_date",1,1
What is the name and directors of all the cartoons that are ordered by air date?,medium,"SELECT title ,  Directed_by FROM Cartoon ORDER BY Original_air_date","SELECT title, directed_by FROM cartoon ORDER BY original_air_date","SELECT T1.title, T1.directed_by FROM cartoon AS T1 ORDER BY T1.original_air_date",1,1
"List the title of all cartoon directed by ""Ben Jones"" or ""Brandon Vietti"".",medium,"SELECT Title FROM Cartoon WHERE Directed_by = ""Ben Jones"" OR Directed_by = ""Brandon Vietti"";","SELECT title FROM cartoon WHERE directed_by IN ('Ben Jones', 'Brandon Vietti')","SELECT title FROM cartoon WHERE directed_by IN ('Ben Jones', 'Brandon Vietti')",1,1
What are the titles of all cartoons directed by Ben Jones or Brandon Vietti?,medium,"SELECT Title FROM Cartoon WHERE Directed_by = ""Ben Jones"" OR Directed_by = ""Brandon Vietti"";",SELECT title FROM cartoon WHERE directed_by = 'Ben Jones' OR directed_by = 'Brandon Vietti',SELECT title FROM cartoon WHERE directed_by = 'Ben Jones' OR directed_by = 'Brandon Vietti',1,1
Which country has the most of TV Channels? List the country and number of TV Channels it has.,hard,"SELECT Country ,  count(*) FROM TV_Channel GROUP BY Country ORDER BY count(*) DESC LIMIT 1;","SELECT country, COUNT(*) FROM tv_channel GROUP BY country ORDER BY COUNT(*) DESC LIMIT 1","SELECT country, COUNT(id) FROM tv_channel GROUP BY country ORDER BY COUNT(id) DESC LIMIT 1",1,1
What is the country with the most number of TV Channels and how many does it have?,hard,"SELECT Country ,  count(*) FROM TV_Channel GROUP BY Country ORDER BY count(*) DESC LIMIT 1;",NULL,"SELECT country, COUNT(*) FROM tv_channel GROUP BY country ORDER BY COUNT(*) DESC LIMIT 1",0,1
List the number of different series names and contents in the TV Channel table.,medium,"SELECT count(DISTINCT series_name) ,  count(DISTINCT content) FROM TV_Channel;","SELECT COUNT(DISTINCT series_name), COUNT(DISTINCT content) FROM tv_channel","SELECT COUNT(DISTINCT series_name), COUNT(DISTINCT content) FROM tv_channel",1,1
How many different series and contents are listed in the TV Channel table?,medium,"SELECT count(DISTINCT series_name) ,  count(DISTINCT content) FROM TV_Channel;","SELECT COUNT(DISTINCT series_name, content) FROM tv_channel","SELECT COUNT(DISTINCT series_name, content) FROM tv_channel",0,0
"What is the content of TV Channel with serial name ""Sky Radio""?",easy,"SELECT Content FROM TV_Channel WHERE series_name = ""Sky Radio"";",SELECT content FROM tv_channel WHERE series_name = 'Sky Radio',SELECT content FROM tv_channel WHERE series_name = 'Sky Radio',1,1
What is the content of the series Sky Radio?,easy,"SELECT Content FROM TV_Channel WHERE series_name = ""Sky Radio"";",SELECT content FROM tv_channel WHERE series_name = 'Sky Radio',SELECT content FROM tv_channel WHERE series_name = 'Sky Radio',1,1
"What is the Package Option of TV Channel with serial name ""Sky Radio""?",easy,"SELECT Package_Option FROM TV_Channel WHERE series_name = ""Sky Radio"";",SELECT package_option FROM tv_channel WHERE series_name = 'Sky Radio',SELECT package_option FROM tv_channel WHERE series_name = 'Sky Radio',1,1
What are the Package Options of the TV Channels whose series names are Sky Radio?,easy,"SELECT Package_Option FROM TV_Channel WHERE series_name = ""Sky Radio"";",SELECT package_option FROM tv_channel WHERE series_name = 'Sky Radio',SELECT T1.package_option FROM tv_channel AS T1 INNER JOIN tv_series AS T2 ON T1.id = T2.channel WHERE T2.series_name = 'Sky Radio',1,0
How many TV Channel using language English?,easy,"SELECT count(*) FROM TV_Channel WHERE LANGUAGE = ""English"";",SELECT COUNT(*) FROM tv_channel WHERE language = 'English',SELECT COUNT(*) FROM tv_channel WHERE language = 'English',1,1
How many TV Channels use the English language?,easy,"SELECT count(*) FROM TV_Channel WHERE LANGUAGE = ""English"";",SELECT COUNT(*) FROM tv_channel WHERE language = 'English',SELECT COUNT(*) FROM tv_channel WHERE language = 'English',1,1
List the language used least number of TV Channel. List language and number of TV Channel.,hard,"SELECT LANGUAGE ,  count(*) FROM TV_Channel GROUP BY LANGUAGE ORDER BY count(*) ASC LIMIT 1;","SELECT language ,  COUNT(*) FROM tv_channel GROUP BY language ORDER BY COUNT(*) ASC LIMIT 1","SELECT language, COUNT(*) FROM tv_channel GROUP BY language ORDER BY COUNT(*) ASC LIMIT 1",1,1
What are the languages used by the least number of TV Channels and how many channels use it?,hard,"SELECT LANGUAGE ,  count(*) FROM TV_Channel GROUP BY LANGUAGE ORDER BY count(*) ASC LIMIT 1;","SELECT language, COUNT(*) FROM tv_channel GROUP BY language ORDER BY COUNT(*) ASC LIMIT 1",NULL,1,0
List each language and the number of TV Channels using it.,medium,"SELECT LANGUAGE ,  count(*) FROM TV_Channel GROUP BY LANGUAGE","SELECT language ,  COUNT(*) FROM tv_channel GROUP BY language","SELECT language, COUNT(*) FROM tv_channel GROUP BY language",1,1
"For each language, list the number of TV Channels that use it.",medium,"SELECT LANGUAGE ,  count(*) FROM TV_Channel GROUP BY LANGUAGE","SELECT language, COUNT(*) FROM tv_channel GROUP BY language","SELECT language, COUNT(id) FROM tv_channel GROUP BY language",1,1
"What is the TV Channel that shows the cartoon ""The Rise of the Blue Beetle!""? List the TV Channel's series name.",medium,"SELECT T1.series_name FROM TV_Channel AS T1 JOIN Cartoon AS T2 ON T1.id = T2.Channel WHERE T2.Title = ""The Rise of the Blue Beetle!"";",SELECT T1.series_name FROM tv_channel AS T1 JOIN cartoon AS T2 ON T1.id = T2.channel WHERE T2.title = ',NULL,0,0
"What is the series name of the TV Channel that shows the cartoon ""The Rise of the Blue Beetle""?",medium,"SELECT T1.series_name FROM TV_Channel AS T1 JOIN Cartoon AS T2 ON T1.id = T2.Channel WHERE T2.Title = ""The Rise of the Blue Beetle!"";",SELECT T1.series_name FROM tv_channel AS T1 JOIN cartoon AS T2 ON T1.id = T2.channel WHERE T2.title = ',SELECT T1.series_name FROM tv_channel AS T1 INNER JOIN cartoon AS T2 ON T1.id = T2.channel WHERE T2.title = ',0,0
"List the title of all  Cartoons showed on TV Channel with series name ""Sky Radio"".",medium,"SELECT T2.Title FROM TV_Channel AS T1 JOIN Cartoon AS T2 ON T1.id = T2.Channel WHERE T1.series_name = ""Sky Radio"";",SELECT T2.title FROM tv_channel AS T1 INNER JOIN cartoon AS T2 ON T1.id = T2.channel WHERE T1.series_name = 'Sky Radio',SELECT T2.title FROM tv_channel AS T1 INNER JOIN cartoon AS T2 ON T1.id = T2.channel WHERE T1.series_name = 'Sky Radio',1,1
"What is the title of all the cartools that are on the TV Channel with the series name ""Sky Radio""?",medium,"SELECT T2.Title FROM TV_Channel AS T1 JOIN Cartoon AS T2 ON T1.id = T2.Channel WHERE T1.series_name = ""Sky Radio"";",SELECT T2.title FROM tv_channel AS T1 INNER JOIN cartoon AS T2 ON T1.id = T2.channel WHERE T1.series_name = 'Sky Radio',SELECT T2.title FROM tv_channel AS T1 INNER JOIN cartoon AS T2 ON T1.id = T2.channel WHERE T1.series_name = 'Sky Radio',1,1
List the Episode of all TV series sorted by rating.,easy,SELECT Episode FROM TV_series ORDER BY rating,SELECT episode FROM tv_series ORDER BY rating,SELECT T2.episode FROM tv_channel AS T1 INNER JOIN tv_series AS T2 ON T1.id = T2.channel ORDER BY T2.rating DESC,1,1
What are all of the episodes ordered by ratings?,easy,SELECT Episode FROM TV_series ORDER BY rating,SELECT episode FROM tv_series ORDER BY rating,SELECT T2.episode FROM tv_channel AS T1 INNER JOIN tv_series AS T2 ON T1.id = T2.channel ORDER BY T2.rating DESC,1,1
List top 3 highest Rating  TV series. List the TV series's Episode and Rating.,medium,"SELECT Episode ,  Rating FROM TV_series ORDER BY Rating DESC LIMIT 3;","SELECT T1.episode , T1.rating FROM tv_series AS T1 ORDER BY T1.rating DESC LIMIT 3","SELECT T1.episode, T1.rating FROM tv_series AS T1 INNER JOIN tv_channel AS T2 ON T1.channel = T2.id ORDER BY T1.rating DESC LIMIT 3",1,1
What are 3 most highly rated episodes in the TV series table and what were those ratings?,medium,"SELECT Episode ,  Rating FROM TV_series ORDER BY Rating DESC LIMIT 3;","SELECT episode, rating FROM tv_series ORDER BY rating DESC LIMIT 3","SELECT episode, rating FROM tv_series ORDER BY rating DESC LIMIT 3",1,1
What is minimum and maximum share of TV series?,medium,"SELECT max(SHARE) , min(SHARE) FROM TV_series;","SELECT min(share), max(share) FROM tv_series","SELECT min(share), max(share) FROM tv_series  Step-by-Step Sub-Questions: 1. What data are we interested in? 2. What is the minimum value of this data? 3. What is the maximum value of this data? 4. How can we retrieve both the minimum and maximum values in a single query?",0,0
What is the maximum and minimum share for the TV series?,medium,"SELECT max(SHARE) , min(SHARE) FROM TV_series;","SELECT max(share) ,  min(share) FROM tv_series","SELECT max(share), min(share) FROM tv_series",1,1
"What is the air date of TV series with Episode ""A Love of a Lifetime""?",easy,"SELECT Air_Date FROM TV_series WHERE Episode = ""A Love of a Lifetime"";",SELECT air_date FROM tv_series WHERE episode = 'A Love of a Lifetime',SELECT T2.air_date FROM cartoon AS T1 INNER JOIN tv_series AS T2 ON T1.id = T2.channel WHERE T2.episode = 'A Love of a Lifetime',1,0
"When did the episode ""A Love of a Lifetime"" air?",easy,"SELECT Air_Date FROM TV_series WHERE Episode = ""A Love of a Lifetime"";",NULL,SELECT T2.air_date FROM cartoon AS T1 INNER JOIN tv_series AS T2 ON T1.id = T2.channel WHERE T1.title = 'A Love of a Lifetime',0,0
"What is Weekly Rank of TV series with Episode ""A Love of a Lifetime""?",easy,"SELECT Weekly_Rank FROM TV_series WHERE Episode = ""A Love of a Lifetime"";",SELECT T2.weekly_rank FROM cartoon AS T1 INNER JOIN tv_series AS T2 ON T1.channel = T2.channel WHERE T1.title = 'A Love of a Lifetime',SELECT T2.weekly_rank FROM tv_series AS T1 INNER JOIN cartoon AS T2 ON T1.channel = T2.channel WHERE T1.episode = 'A Love of a Lifetime',0,0
"What is the weekly rank for the episode ""A Love of a Lifetime""?",easy,"SELECT Weekly_Rank FROM TV_series WHERE Episode = ""A Love of a Lifetime"";",SELECT weekly_rank FROM tv_series WHERE episode = 'A Love of a Lifetime',SELECT T2.weekly_rank FROM cartoon AS T1 INNER JOIN tv_series AS T2 ON T1.id = T2.channel WHERE T1.title = 'A Love of a Lifetime',1,0
"What is the TV Channel of TV series with Episode ""A Love of a Lifetime""? List the TV Channel's series name.",medium,"SELECT T1.series_name FROM TV_Channel AS T1 JOIN TV_series AS T2 ON T1.id = T2.Channel WHERE T2.Episode = ""A Love of a Lifetime"";",SELECT T1.series_name FROM tv_channel AS T1 JOIN tv_series AS T2 ON T1.id = T2.channel WHERE T2.episode = 'A Love of a Lifetime',NULL,1,0
"What is the name of the series that has the episode ""A Love of a Lifetime""?",medium,"SELECT T1.series_name FROM TV_Channel AS T1 JOIN TV_series AS T2 ON T1.id = T2.Channel WHERE T2.Episode = ""A Love of a Lifetime"";",SELECT T1.series_name FROM tv_channel AS T1 JOIN tv_series AS T2 ON T1.id = T2.channel WHERE T2.episode = 'A Love of a Lifetime',SELECT T2.series_name FROM cartoon AS T1 INNER JOIN tv_series AS T2 ON T1.id = T2.channel WHERE T1.title = 'A Love of a Lifetime',1,0
"List the Episode of all  TV series showed on TV Channel with series name ""Sky Radio"".",medium,"SELECT T2.Episode FROM TV_Channel AS T1 JOIN TV_series AS T2 ON T1.id = T2.Channel WHERE T1.series_name = ""Sky Radio"";",SELECT T2.episode FROM tv_channel AS T1 INNER JOIN tv_series AS T2 ON T1.id = T2.channel WHERE T1.series_name = 'Sky Radio',SELECT T2.episode FROM tv_channel AS T1 INNER JOIN tv_series AS T2 ON T1.id = T2.channel WHERE T1.series_name = 'Sky Radio',1,1
"What is the episode for the TV series named ""Sky Radio""?",medium,"SELECT T2.Episode FROM TV_Channel AS T1 JOIN TV_series AS T2 ON T1.id = T2.Channel WHERE T1.series_name = ""Sky Radio"";",SELECT episode FROM tv_series WHERE series_name = 'Sky Radio',SELECT T2.episode FROM tv_channel AS T1 INNER JOIN tv_series AS T2 ON T1.id = T2.channel WHERE T1.series_name = 'Sky Radio',0,1
Find the number of cartoons directed by each of the listed directors.,medium,"SELECT count(*) ,  Directed_by FROM cartoon GROUP BY Directed_by","SELECT directed_by, COUNT(*) FROM cartoon WHERE directed_by IN ('John Doe', 'Jane Smith', 'Alice Johnson') GROUP BY directed_by","SELECT T2.directed_by, COUNT(T2.id) FROM cartoon AS T1 INNER JOIN tv_channel AS T2 ON T1.channel = T2.id GROUP BY T2.directed_by",0,0
How many cartoons did each director create?,medium,"SELECT count(*) ,  Directed_by FROM cartoon GROUP BY Directed_by","SELECT directed_by, COUNT(*) FROM cartoon GROUP BY directed_by","SELECT T1.directed_by, COUNT(T1.title) FROM cartoon AS T1 GROUP BY T1.directed_by",0,0
Find the production code and channel of the most recently aired cartoon .,medium,"select production_code ,  channel from cartoon order by original_air_date desc limit 1","SELECT production_code ,  channel FROM cartoon ORDER BY original_air_date DESC LIMIT 1","SELECT T2.production_code, T2.channel FROM cartoon AS T1 INNER JOIN tv_channel AS T2 ON T1.channel = T2.id ORDER BY T1.original_air_date DESC LIMIT 1  Step-by-Step Sub-Questions: . What is the most recently aired cartoon? 2. What is the production code and channel of this cartoon?",1,0
What is the produdction code and channel of the most recent cartoon ?,medium,"select production_code ,  channel from cartoon order by original_air_date desc limit 1","SELECT production_code, channel FROM cartoon ORDER BY original_air_date DESC LIMIT 1","SELECT T2.production_code, T2.channel FROM cartoon AS T1 INNER JOIN tv_channel AS T2 ON T1.channel = T2.id ORDER BY T1.original_air_date DESC LIMIT 1",1,0
Find the package choice and series name of the TV channel that has high definition TV.,medium,"SELECT package_option ,  series_name FROM TV_Channel WHERE hight_definition_TV  =  ""yes""","SELECT package_option, series_name FROM tv_channel WHERE hight_definition_tv = 'yes'",NULL,1,0
What are the package options and the name of the series for the TV Channel that supports high definition TV?,medium,"SELECT package_option ,  series_name FROM TV_Channel WHERE hight_definition_TV  =  ""yes""","SELECT package_option, series_name FROM tv_channel WHERE hight_definition_tv = 'yes'",NULL,1,0
which countries' tv channels are playing some cartoon written by Todd Casey?,medium,SELECT T1.country FROM TV_Channel AS T1 JOIN cartoon AS T2 ON T1.id = T2.Channel WHERE T2.written_by  =  'Todd Casey',SELECT DISTINCT T1.country FROM tv_channel AS T1 INNER JOIN cartoon AS T2 ON T1.id = T2.channel WHERE T2.written_by = 'Todd Casey',NULL,1,0
What are the countries that have cartoons on TV that were written by Todd Casey?,medium,SELECT T1.country FROM TV_Channel AS T1 JOIN cartoon AS T2 ON T1.id = T2.Channel WHERE T2.written_by  =  'Todd Casey',SELECT DISTINCT country FROM cartoon WHERE written_by = 'Todd Casey',NULL,0,0
which countries' tv channels are not playing any cartoon written by Todd Casey?,hard,SELECT country FROM TV_Channel EXCEPT SELECT T1.country FROM TV_Channel AS T1 JOIN cartoon AS T2 ON T1.id = T2.Channel WHERE T2.written_by  =  'Todd Casey',"Select the countries of TV channels that are not associated with any cartoons written by Todd Casey.  To generate the optimized SQLite query, follow these steps: 1. Identify the tables involved: `tv_channel` and `cartoon`. 2. Determine the join condition: `tv_channel.id = cartoon.channel`. 3. Use a subquery to find cartoon IDs written by Todd Casey. 4. Use the `NOT IN` operator to exclude these cartoon IDs from the main query. 5. Select the distinct countries from the `tv_channel` table.  Optimized SQLite Query: sql SELECT DISTINCT country FROM tv_channel WHERE id NOT IN ( SELECT channel FROM cartoon WHERE written_by = 'Todd Casey' )",NULL,0,0
What are the countries that are not playing cartoons written by Todd Casey?,hard,SELECT country FROM TV_Channel EXCEPT SELECT T1.country FROM TV_Channel AS T1 JOIN cartoon AS T2 ON T1.id = T2.Channel WHERE T2.written_by  =  'Todd Casey',"Select the countries from the tv_channel table where the id is not in the list of cartoon ids where the written_by is 'Todd Casey'. To achieve this, use a subquery to find the cartoon ids where the written_by is 'Todd Casey' and then exclude these ids from the main query.  SQLite Query: SELECT country FROM tv_channel WHERE id NOT IN ( SELECT channel FROM cartoon WHERE written_by = 'Todd Casey' ) ",NULL,0,0
Find the series name and country of the tv channel that is playing some cartoons directed by Ben Jones and Michael Chang?,extra,"SELECT T1.series_name ,  T1.country FROM TV_Channel AS T1 JOIN cartoon AS T2 ON T1.id = T2.Channel WHERE T2.directed_by  =  'Michael Chang' INTERSECT SELECT T1.series_name ,  T1.country FROM TV_Channel AS T1 JOIN cartoon AS T2 ON T1.id = T2.Channel WHERE T2.directed_by  =  'Ben Jones'","SELECT T1.series_name, T1.country FROM tv_channel AS T1 JOIN cartoon AS T2 ON T1.id = T2.channel WHERE T2.directed_by IN ('Ben Jones', 'Michael Chang')","SELECT T1.series_name, T1.country FROM tv_channel AS T1 INNER JOIN cartoon AS T2 ON T1.id = T2.channel WHERE T2.directed_by IN ('Ben Jones', 'Michael Chang')",0,0
What is the series name and country of all TV channels that are playing cartoons directed by Ben Jones and cartoons directed by Michael Chang?,extra,"SELECT T1.series_name ,  T1.country FROM TV_Channel AS T1 JOIN cartoon AS T2 ON T1.id = T2.Channel WHERE T2.directed_by  =  'Michael Chang' INTERSECT SELECT T1.series_name ,  T1.country FROM TV_Channel AS T1 JOIN cartoon AS T2 ON T1.id = T2.Channel WHERE T2.directed_by  =  'Ben Jones'","SELECT T1.series_name, T1.country FROM tv_channel AS T1 JOIN cartoon AS T2 ON T1.id = T2.channel WHERE T2.directed_by IN ('Ben Jones', 'Michael Chang')","SELECT T1.series_name, T1.country FROM tv_channel AS T1 INNER JOIN cartoon AS T2 ON T1.id = T2.channel WHERE T2.directed_by IN ('Ben Jones', 'Michael Chang')",0,0
find the pixel aspect ratio and nation of the tv channels that do not use English.,medium,"SELECT Pixel_aspect_ratio_PAR ,  country FROM tv_channel WHERE LANGUAGE != 'English'","SELECT pixel_aspect_ratio_par, country FROM tv_channel WHERE language != 'English'",NULL,1,0
What is the pixel aspect ratio and country of origin for all TV channels that do not use English?,medium,"SELECT Pixel_aspect_ratio_PAR ,  country FROM tv_channel WHERE LANGUAGE != 'English'","SELECT pixel_aspect_ratio_par, country FROM tv_channel WHERE language != 'English'",NULL,1,0
find id of the tv channels that from the countries where have more than two tv channels.,easy,SELECT id FROM tv_channel GROUP BY country HAVING count(*)  >  2,SELECT id FROM tv_channel WHERE country IN ( SELECT country FROM tv_channel GROUP BY country HAVING COUNT(*) > 2 ) ,SELECT id FROM tv_channel WHERE country IN (SELECT country FROM tv_channel GROUP BY country HAVING COUNT(id) > 2)  Step-by-Step Sub-Questions: . What countries have more than two TV channels? 2. Which TV channels are from these countries? 3. What are the IDs of these TV channels?,0,0
What are the ids of all tv channels that have more than 2 TV channels?,easy,SELECT id FROM tv_channel GROUP BY country HAVING count(*)  >  2,SELECT id FROM tv_channel WHERE id IN ( SELECT channel FROM tv_series GROUP BY channel HAVING COUNT(channel) > 2 ) UNION SELECT id FROM cartoon WHERE id IN ( SELECT channel FROM tv_series GROUP BY channel HAVING COUNT(channel) > 2 ) ,NULL,0,0
find the id of tv channels that do not play any cartoon directed by Ben Jones.,hard,SELECT id FROM TV_Channel EXCEPT SELECT channel FROM cartoon WHERE directed_by  =  'Ben Jones',SELECT id FROM tv_channel WHERE id NOT IN ( SELECT channel FROM cartoon WHERE directed_by = 'Ben Jones' ) ,NULL,1,0
What are the ids of the TV channels that do not have any cartoons directed by Ben Jones?,hard,SELECT id FROM TV_Channel EXCEPT SELECT channel FROM cartoon WHERE directed_by  =  'Ben Jones',SELECT id FROM tv_channel WHERE id NOT IN ( SELECT channel FROM cartoon WHERE directed_by = 'Ben Jones' ),NULL,1,0
find the package option of the tv channel that do not have any cartoon directed by Ben Jones.,hard,SELECT package_option FROM TV_Channel WHERE id NOT IN (SELECT channel FROM cartoon WHERE directed_by  =  'Ben Jones'),SELECT package_option FROM tv_channel WHERE id NOT IN ( SELECT channel FROM cartoon WHERE directed_by = 'Ben Jones' ) ,NULL,1,0
What are the package options of all tv channels that are not playing any cartoons directed by Ben Jones?,hard,SELECT package_option FROM TV_Channel WHERE id NOT IN (SELECT channel FROM cartoon WHERE directed_by  =  'Ben Jones'),SELECT package_option FROM tv_channel WHERE id NOT IN ( SELECT channel FROM cartoon WHERE directed_by = 'Ben Jones' ) ,NULL,1,0
How many poker players are there?,easy,SELECT count(*) FROM poker_player,NULL,SELECT COUNT(*) FROM poker_player  Step-by-Step Sub-Questions: 1. What is the table that contains information about poker players? 2. How can we count the number of rows in this table to determine the number of poker players?,0,0
Count the number of poker players.,easy,SELECT count(*) FROM poker_player,SELECT COUNT(*) FROM poker_player,SELECT COUNT(*) FROM poker_player,1,1
List the earnings of poker players in descending order.,easy,SELECT Earnings FROM poker_player ORDER BY Earnings DESC,SELECT T1.earnings FROM poker_player AS T1 ORDER BY T1.earnings DESC,SELECT T1.earnings FROM poker_player AS T1 ORDER BY T1.earnings DESC,1,1
"What are the earnings of poker players, ordered descending by value?",easy,SELECT Earnings FROM poker_player ORDER BY Earnings DESC,SELECT earnings FROM poker_player ORDER BY earnings DESC,SELECT T1.earnings FROM poker_player AS T1 ORDER BY T1.earnings DESC,1,1
List the final tables made and the best finishes of poker players.,medium,"SELECT Final_Table_Made ,  Best_Finish FROM poker_player","SELECT final_table_made, best_finish FROM poker_player","SELECT T1.final_table_made, T1.best_finish FROM poker_player AS T1 INNER JOIN people AS T2 ON T1.people_id = T2.people_id",1,1
What are the final tables made and best finishes for all poker players?,medium,"SELECT Final_Table_Made ,  Best_Finish FROM poker_player","SELECT final_table_made, best_finish FROM poker_player","SELECT T1.final_table_made, T1.best_finish FROM poker_player AS T1 INNER JOIN people AS T2 ON T1.people_id = T2.people_id",1,1
What is the average earnings of poker players?,easy,SELECT avg(Earnings) FROM poker_player,SELECT AVG(earnings) FROM poker_player,SELECT AVG(earnings) FROM poker_player,1,1
Return the average earnings across all poker players.,easy,SELECT avg(Earnings) FROM poker_player,SELECT AVG(earnings) FROM poker_player,SELECT AVG(earnings) FROM poker_player,1,1
What is the money rank of the poker player with the highest earnings?,medium,SELECT Money_Rank FROM poker_player ORDER BY Earnings DESC LIMIT 1,NULL,SELECT money_rank FROM poker_player ORDER BY earnings DESC LIMIT 1  Step-by-Step Sub-Questions: 1. Which poker player has the highest earnings? 2. What is the money rank of this poker player?,0,0
Return the money rank of the player with the greatest earnings.,medium,SELECT Money_Rank FROM poker_player ORDER BY Earnings DESC LIMIT 1,SELECT money_rank FROM poker_player ORDER BY earnings DESC LIMIT 1,SELECT money_rank FROM poker_player ORDER BY earnings DESC LIMIT 1  Step-by-Step Sub-Questions: 1. What is the money rank of the player with the greatest earnings? 2. How can we order the players by their earnings to find the one with the greatest? 3. How do we limit the result to only the player with the greatest earnings? 4. What specific column should we select from the poker_player table?,1,0
What is the maximum number of final tables made among poker players with earnings less than 200000?,easy,SELECT max(Final_Table_Made) FROM poker_player WHERE Earnings  <  200000,SELECT MAX(final_table_made) FROM poker_player WHERE earnings < 200000,SELECT MAX(final_table_made) FROM poker_player WHERE earnings < 200000,1,1
Return the maximum final tables made across all poker players who have earnings below 200000.,easy,SELECT max(Final_Table_Made) FROM poker_player WHERE Earnings  <  200000,SELECT MAX(final_table_made) FROM poker_player WHERE earnings < 200000,SELECT MAX(final_table_made) FROM poker_player WHERE earnings < 200000,1,1
What are the names of poker players?,easy,SELECT T1.Name FROM people AS T1 JOIN poker_player AS T2 ON T1.People_ID  =  T2.People_ID,SELECT T2.name FROM poker_player AS T1 JOIN people AS T2 ON T1.people_id = T2.people_id,SELECT T2.name FROM poker_player AS T1 INNER JOIN people AS T2 ON T1.people_id = T2.people_id  Step-by-Step Sub-Questions: 1. What is the table that contains information about poker players? 2. What is the table that contains information about people? 3. How are the poker_player and people tables related? 4. What column in the poker_player table contains the people_id? 5. What column in the people table contains the name? 6. How can we join the poker_player and people tables to get the names of poker players?,1,0
Return the names of all the poker players.,easy,SELECT T1.Name FROM people AS T1 JOIN poker_player AS T2 ON T1.People_ID  =  T2.People_ID,SELECT T2.name FROM poker_player AS T1 JOIN people AS T2 ON T1.people_id = T2.people_id,SELECT T2.name FROM poker_player AS T1 INNER JOIN people AS T2 ON T1.people_id = T2.people_id  Step-by-Step Sub-Questions: 1. What is the relationship between poker players and people? 2. Which table contains the names of the people? 3. How can we join the poker_player table with the people table to get the names? 4. What column in the poker_player table should we join with the people_id column in the people table? 5. What column in the people table contains the names of the poker players? 6. How should we select the names from the joined tables?,1,0
What are the names of poker players whose earnings is higher than 300000?,medium,SELECT T1.Name FROM people AS T1 JOIN poker_player AS T2 ON T1.People_ID  =  T2.People_ID WHERE T2.Earnings  >  300000,SELECT T2.name FROM poker_player AS T1 JOIN people AS T2 ON T1.people_id = T2.people_id WHERE T1.earnings > 300000,SELECT T2.name FROM poker_player AS T1 INNER JOIN people AS T2 ON T1.people_id = T2.people_id WHERE T1.earnings > 300000,1,1
Give the names of poker players who have earnings above 300000.,medium,SELECT T1.Name FROM people AS T1 JOIN poker_player AS T2 ON T1.People_ID  =  T2.People_ID WHERE T2.Earnings  >  300000,SELECT T2.name FROM poker_player AS T1 JOIN people AS T2 ON T1.people_id = T2.people_id WHERE T1.earnings > 300000,SELECT T2.name FROM poker_player AS T1 INNER JOIN people AS T2 ON T1.people_id = T2.people_id WHERE T1.earnings > 300000,1,1
List the names of poker players ordered by the final tables made in ascending order.,medium,SELECT T1.Name FROM people AS T1 JOIN poker_player AS T2 ON T1.People_ID  =  T2.People_ID ORDER BY T2.Final_Table_Made,SELECT T2.name FROM poker_player AS T1 JOIN people AS T2 ON T1.people_id = T2.people_id ORDER BY T1.final_table_made ASC,SELECT T2.name FROM poker_player AS T1 INNER JOIN people AS T2 ON T1.people_id = T2.people_id ORDER BY T1.final_table_made ASC,1,1
"What are the names of poker players, ordered ascending by the number of final tables they have made?",medium,SELECT T1.Name FROM people AS T1 JOIN poker_player AS T2 ON T1.People_ID  =  T2.People_ID ORDER BY T2.Final_Table_Made,SELECT T2.name FROM poker_player AS T1 JOIN people AS T2 ON T1.people_id = T2.people_id ORDER BY T1.final_table_made ASC,SELECT T2.name FROM poker_player AS T1 INNER JOIN people AS T2 ON T1.people_id = T2.people_id ORDER BY T1.final_table_made ASC,1,1
What is the birth date of the poker player with the lowest earnings?,hard,SELECT T1.Birth_Date FROM people AS T1 JOIN poker_player AS T2 ON T1.People_ID  =  T2.People_ID ORDER BY T2.Earnings ASC LIMIT 1,SELECT T2.birth_date FROM poker_player AS T1 JOIN people AS T2 ON T1.people_id = T2.people_id ORDER BY T1.earnings ASC LIMIT 1,SELECT T2.birth_date FROM poker_player AS T1 INNER JOIN people AS T2 ON T1.people_id = T2.people_id ORDER BY T1.earnings ASC LIMIT 1,1,1
Return the birth date of the poker player with the lowest earnings.,hard,SELECT T1.Birth_Date FROM people AS T1 JOIN poker_player AS T2 ON T1.People_ID  =  T2.People_ID ORDER BY T2.Earnings ASC LIMIT 1,SELECT T2.birth_date FROM poker_player AS T1 JOIN people AS T2 ON T1.people_id = T2.people_id ORDER BY T1.earnings ASC LIMIT 1,SELECT T2.birth_date FROM poker_player AS T1 INNER JOIN people AS T2 ON T1.people_id = T2.people_id ORDER BY T1.earnings ASC LIMIT 1,1,1
What is the money rank of the tallest poker player?,hard,SELECT T2.Money_Rank FROM people AS T1 JOIN poker_player AS T2 ON T1.People_ID  =  T2.People_ID ORDER BY T1.Height DESC LIMIT 1,NULL,SELECT T1.money_rank FROM poker_player AS T1 INNER JOIN people AS T2 ON T1.people_id = T2.people_id ORDER BY T2.height DESC LIMIT 1,0,1
Return the money rank of the poker player with the greatest height.,hard,SELECT T2.Money_Rank FROM people AS T1 JOIN poker_player AS T2 ON T1.People_ID  =  T2.People_ID ORDER BY T1.Height DESC LIMIT 1,SELECT T1.money_rank FROM poker_player AS T1 JOIN people AS T2 ON T1.people_id = T2.people_id ORDER BY T2.height DESC LIMIT 1,SELECT T1.money_rank FROM poker_player AS T1 INNER JOIN people AS T2 ON T1.people_id = T2.people_id ORDER BY T2.height DESC LIMIT 1,1,1
What is the average earnings of poker players with height higher than 200?,medium,SELECT avg(T2.Earnings) FROM people AS T1 JOIN poker_player AS T2 ON T1.People_ID  =  T2.People_ID WHERE T1.Height  >  200,SELECT AVG(T1.earnings) FROM poker_player AS T1 JOIN people AS T2 ON T1.people_id = T2.people_id WHERE T2.height > 200,SELECT AVG(T1.earnings) FROM poker_player AS T1 INNER JOIN people AS T2 ON T1.people_id = T2.people_id WHERE T2.height > 200,1,1
Give average earnings of poker players who are taller than 200.,medium,SELECT avg(T2.Earnings) FROM people AS T1 JOIN poker_player AS T2 ON T1.People_ID  =  T2.People_ID WHERE T1.Height  >  200,SELECT AVG(T1.earnings) FROM poker_player AS T1 JOIN people AS T2 ON T1.people_id = T2.people_id WHERE T2.height > 200,SELECT AVG(T1.earnings) FROM poker_player AS T1 INNER JOIN people AS T2 ON T1.people_id = T2.people_id WHERE T2.height > 200,1,1
What are the names of poker players in descending order of earnings?,medium,SELECT T1.Name FROM people AS T1 JOIN poker_player AS T2 ON T1.People_ID  =  T2.People_ID ORDER BY T2.Earnings DESC,SELECT T2.name FROM poker_player AS T1 JOIN people AS T2 ON T1.people_id = T2.people_id ORDER BY T1.earnings DESC,SELECT T2.name FROM poker_player AS T1 INNER JOIN people AS T2 ON T1.people_id = T2.people_id ORDER BY T1.earnings DESC,1,1
Return the names of poker players sorted by their earnings descending.,medium,SELECT T1.Name FROM people AS T1 JOIN poker_player AS T2 ON T1.People_ID  =  T2.People_ID ORDER BY T2.Earnings DESC,SELECT T2.name FROM poker_player AS T1 JOIN people AS T2 ON T1.people_id = T2.people_id ORDER BY T1.earnings DESC,SELECT T2.name FROM poker_player AS T1 INNER JOIN people AS T2 ON T1.people_id = T2.people_id ORDER BY T1.earnings DESC,1,1
What are different nationalities of people and the corresponding number of people from each nation?,medium,"SELECT Nationality ,  COUNT(*) FROM people GROUP BY Nationality","SELECT nationality, COUNT(*) FROM people GROUP BY nationality","SELECT T2.nationality, COUNT(T2.nationality) FROM poker_player AS T1 INNER JOIN people AS T2 ON T1.people_id = T2.people_id GROUP BY T2.nationality",1,0
How many people are there of each nationality?,medium,"SELECT Nationality ,  COUNT(*) FROM people GROUP BY Nationality","SELECT nationality, COUNT(*) FROM people GROUP BY nationality","SELECT T2.nationality, COUNT(*) FROM poker_player AS T1 INNER JOIN people AS T2 ON T1.people_id = T2.people_id GROUP BY T2.nationality",1,0
What is the most common nationality of people?,hard,SELECT Nationality FROM people GROUP BY Nationality ORDER BY COUNT(*) DESC LIMIT 1,SELECT nationality FROM people GROUP BY nationality ORDER BY COUNT(nationality) DESC LIMIT 1,SELECT T2.nationality FROM poker_player AS T1 INNER JOIN people AS T2 ON T1.people_id = T2.people_id GROUP BY T2.nationality ORDER BY COUNT(*) DESC LIMIT 1,1,1
Give the nationality that is most common across all people.,hard,SELECT Nationality FROM people GROUP BY Nationality ORDER BY COUNT(*) DESC LIMIT 1,SELECT nationality FROM people GROUP BY nationality ORDER BY COUNT(*) DESC LIMIT 1,SELECT nationality FROM people GROUP BY nationality ORDER BY COUNT(*) DESC LIMIT 1,1,1
What are the nationalities that are shared by at least two people?,easy,SELECT Nationality FROM people GROUP BY Nationality HAVING COUNT(*)  >=  2,SELECT nationality FROM people GROUP BY nationality HAVING COUNT(*) >= 2,SELECT nationality FROM people GROUP BY nationality HAVING COUNT(*) >= 2,1,1
Return the nationalities for which there are two or more people.,easy,SELECT Nationality FROM people GROUP BY Nationality HAVING COUNT(*)  >=  2,SELECT nationality FROM people GROUP BY nationality HAVING COUNT(*) >= 2,SELECT nationality FROM people GROUP BY nationality HAVING COUNT(*) >= 2,1,1
List the names and birth dates of people in ascending alphabetical order of name.,medium,"SELECT Name ,  Birth_Date FROM people ORDER BY Name ASC","SELECT T2.name, T2.birth_date FROM poker_player AS T1 JOIN people AS T2 ON T1.people_id = T2.people_id ORDER BY T2.name ASC","SELECT T2.name, T2.birth_date FROM poker_player AS T1 INNER JOIN people AS T2 ON T1.people_id = T2.people_id ORDER BY T2.name ASC",0,0
"What are the names and birth dates of people, ordered by their names in alphabetical order?",medium,"SELECT Name ,  Birth_Date FROM people ORDER BY Name ASC","SELECT name, birth_date FROM people ORDER BY name","SELECT T2.name, T2.birth_date FROM poker_player AS T1 INNER JOIN people AS T2 ON T1.people_id = T2.people_id ORDER BY T2.name ASC",1,0
"Show names of people whose nationality is not ""Russia"".",easy,"SELECT Name FROM people WHERE Nationality != ""Russia""",SELECT name FROM people WHERE nationality != 'Russia',SELECT name FROM people WHERE nationality != 'Russia',1,1
What are the names of people who are not from Russia?,easy,"SELECT Name FROM people WHERE Nationality != ""Russia""",Select the names of people who are not from Russia.  External Knowledge: - ,SELECT name FROM people WHERE nationality != 'Russia',0,1
List the names of people that are not poker players.,hard,SELECT Name FROM people WHERE People_ID NOT IN (SELECT People_ID FROM poker_player),SELECT name FROM people WHERE people_id NOT IN ( SELECT people_id FROM poker_player ),SELECT name FROM people WHERE people_id NOT IN (SELECT people_id FROM poker_player),1,1
What are the names of people who do not play poker?,hard,SELECT Name FROM people WHERE People_ID NOT IN (SELECT People_ID FROM poker_player),SELECT name FROM people WHERE people_id NOT IN (SELECT people_id FROM poker_player),SELECT name FROM people WHERE people_id NOT IN (SELECT people_id FROM poker_player),1,1
How many distinct nationalities are there?,easy,SELECT count(DISTINCT Nationality) FROM people,SELECT COUNT(DISTINCT nationality) FROM people,SELECT COUNT(DISTINCT nationality) FROM people,1,1
Count the number of different nationalities.,easy,SELECT count(DISTINCT Nationality) FROM people,SELECT COUNT(DISTINCT nationality) FROM people,SELECT COUNT(DISTINCT nationality) FROM people,1,1
How many states are there?,easy,SELECT count(*) FROM area_code_state,SELECT COUNT(DISTINCT state) FROM area_code_state,SELECT COUNT(DISTINCT state) FROM votes  Step-by-Step Sub-Questions: 1. What information do we need to find the number of states? 2. Which column in the votes table contains the state information? 3. How can we ensure we count each state only once? 4. What SQL function should we use to count distinct states? 5. What is the final SQL query to answer the question?,0,0
"List the contestant numbers and names, ordered by contestant name descending.",medium,"SELECT contestant_number ,  contestant_name FROM contestants ORDER BY contestant_name DESC","SELECT T1.contestant_number, T1.contestant_name FROM contestants AS T1 ORDER BY T1.contestant_name DESC","SELECT T2.contestant_number, T2.contestant_name FROM votes AS T1 INNER JOIN contestants AS T2 ON T1.contestant_number = T2.contestant_number ORDER BY T2.contestant_name DESC",1,0
"List the vote ids, phone numbers and states of all votes.",medium,"SELECT vote_id ,  phone_number ,  state FROM votes","SELECT vote_id, phone_number, state FROM votes","SELECT vote_id, phone_number, state FROM votes",1,1
What are the maximum and minimum values of area codes?,medium,"SELECT max(area_code) ,  min(area_code) FROM area_code_state","SELECT max(area_code) ,  min(area_code) FROM area_code_state","SELECT max(area_code), min(area_code) FROM area_code_state",1,1
What is last date created of votes from the state 'CA'?,easy,SELECT max(created) FROM votes WHERE state  =  'CA',NULL,SELECT MAX(created) FROM votes WHERE state = 'CA',0,1
What are the names of the contestants whose names are not 'Jessie Alloway',easy,SELECT contestant_name FROM contestants WHERE contestant_name != 'Jessie Alloway',SELECT T2.contestant_name FROM votes AS T1 INNER JOIN contestants AS T2 ON T1.contestant_number = T2.contestant_number WHERE T2.contestant_name != 'Jessie Alloway' ,SELECT contestant_name FROM contestants WHERE contestant_name != 'Jessie Alloway'  Step-by-Step Sub-Questions: . What is the task we need to accomplish? 2. What table contains the information about contestants? 3. What column in the table contains the names of the contestants? 4. How should we filter the names to exclude 'Jessie Alloway'? 5. What is the final SQL query to achieve the task?,0,0
What are the distinct states and create time of all votes?,medium,"SELECT DISTINCT state ,  created FROM votes","SELECT DISTINCT state, created FROM votes","SELECT DISTINCT state, created FROM votes",1,1
What are the contestant numbers and names of the contestants who had at least two votes?,medium,"SELECT T1.contestant_number , T1.contestant_name FROM contestants AS T1 JOIN votes AS T2 ON T1.contestant_number  =  T2.contestant_number GROUP BY T1.contestant_number HAVING count(*)  >=  2","SELECT T1.contestant_number, T1.contestant_name FROM contestants AS T1 JOIN votes AS T2 ON T1.contestant_number = T2.contestant_number GROUP BY T1.contestant_number HAVING COUNT(T2.vote_id) >= 2","SELECT T2.contestant_number, T2.contestant_name FROM votes AS T1 INNER JOIN contestants AS T2 ON T1.contestant_number = T2.contestant_number GROUP BY T2.contestant_number HAVING COUNT(*) >= 2",1,1
"Of all the contestants who got voted, what is the contestant number and name of the contestant who got least votes?",extra,"SELECT T1.contestant_number , T1.contestant_name FROM contestants AS T1 JOIN votes AS T2 ON T1.contestant_number  =  T2.contestant_number GROUP BY T1.contestant_number ORDER BY count(*) ASC LIMIT 1",NULL,"SELECT T2.contestant_number, T2.contestant_name FROM votes AS T1 INNER JOIN contestants AS T2 ON T1.contestant_number = T2.contestant_number GROUP BY T1.contestant_number ORDER BY COUNT(*) ASC LIMIT 1",0,1
What are the number of votes from state 'NY' or 'CA'?,medium,SELECT count(*) FROM votes WHERE state  =  'NY' OR state  =  'CA',"SELECT COUNT(*) FROM votes WHERE state IN ('NY', 'CA')","SELECT COUNT(*) FROM votes WHERE state IN ('NY', 'CA')",1,1
How many contestants did not get voted?,extra,SELECT count(*) FROM contestants WHERE contestant_number NOT IN ( SELECT contestant_number FROM votes ),NULL,SELECT COUNT(*) FROM contestants WHERE contestant_number NOT IN (SELECT contestant_number FROM votes),0,1
What is the area code in which the most voters voted?,extra,SELECT T1.area_code FROM area_code_state AS T1 JOIN votes AS T2 ON T1.state  =  T2.state GROUP BY T1.area_code ORDER BY count(*) DESC LIMIT 1,NULL,SELECT T1.area_code FROM area_code_state AS T1 INNER JOIN votes AS T2 ON T1.state = T2.state GROUP BY T1.area_code ORDER BY COUNT(*) DESC LIMIT 1,0,1
"What are the create dates, states, and phone numbers of the votes that were for the contestant named 'Tabatha Gehling'?",medium,"SELECT T2.created ,  T2.state ,  T2.phone_number FROM contestants AS T1 JOIN votes AS T2 ON T1.contestant_number  =  T2.contestant_number WHERE T1.contestant_name  =  'Tabatha Gehling'","SELECT T1.created, T1.state, T1.phone_number FROM votes AS T1 JOIN contestants AS T2 ON T1.contestant_number = T2.contestant_number WHERE T2.contestant_name = 'Tabatha Gehling'","SELECT T1.created, T1.state, T1.phone_number FROM votes AS T1 INNER JOIN contestants AS T2 ON T1.contestant_number = T2.contestant_number WHERE T2.contestant_name = 'Tabatha Gehling'",1,1
List the area codes in which voters voted both for the contestant 'Tabatha Gehling' and the contestant 'Kelly Clauss'.,extra,SELECT T3.area_code FROM contestants AS T1 JOIN votes AS T2 ON T1.contestant_number  =  T2.contestant_number JOIN area_code_state AS T3 ON T2.state  =  T3.state WHERE T1.contestant_name  =  'Tabatha Gehling' INTERSECT SELECT T3.area_code FROM contestants AS T1 JOIN votes AS T2 ON T1.contestant_number  =  T2.contestant_number JOIN area_code_state AS T3 ON T2.state  =  T3.state WHERE T1.contestant_name  =  'Kelly Clauss',SELECT T1.area_code FROM area_code_state AS T1 JOIN votes AS T2 ON T1.state = T2.state JOIN contestants AS T3 ON T3.contestant_number = T2.contestant_number WHERE T3.contestant_name = 'Tabatha Gehling' INTERSECT SELECT T1.area_code FROM area_code_state AS T1 JOIN votes AS T2 ON T1.state = T2.state JOIN contestants AS T3 ON T3.contestant_number = T2.contestant_number WHERE T3.contestant_name = 'Kelly Clauss',SELECT T1.area_code FROM area_code_state AS T1 INNER JOIN votes AS T2 ON T1.state = T2.state INNER JOIN contestants AS T3 ON T3.contestant_number = T2.contestant_number WHERE T3.contestant_name = 'Tabatha Gehling' INTERSECT SELECT T1.area_code FROM area_code_state AS T1 INNER JOIN votes AS T2 ON T1.state = T2.state INNER JOIN contestants AS T3 ON T3.contestant_number = T2.contestant_number WHERE T3.contestant_name = 'Kelly Clauss',1,1
Return the names of the contestants whose names contain the substring 'Al' .,medium,"select contestant_name from contestants where contestant_name like ""%al%""",SELECT T2.contestant_name FROM votes AS T1 INNER JOIN contestants AS T2 ON T1.contestant_number = T2.contestant_number WHERE T2.contestant_name LIKE '%Al%',SELECT T2.contestant_name FROM votes AS T1 INNER JOIN contestants AS T2 ON T1.contestant_number = T2.contestant_number WHERE T2.contestant_name LIKE '%Al%',0,0
What are the names of all the countries that became independent after 1950?,easy,SELECT Name FROM country WHERE IndepYear  >  1950,SELECT name FROM country WHERE indepyear > 1950,SELECT name FROM country WHERE indepyear > 1950,1,1
Give the names of the nations that were founded after 1950.,easy,SELECT Name FROM country WHERE IndepYear  >  1950,SELECT name FROM country WHERE indepyear > 1950,SELECT name FROM country WHERE indepyear > 1950,1,1
How many countries have a republic as their form of government?,easy,"SELECT count(*) FROM country WHERE GovernmentForm  =  ""Republic""",NULL,SELECT COUNT(*) FROM country WHERE governmentform = 'republic',0,0
How many countries have governments that are republics?,easy,"SELECT count(*) FROM country WHERE GovernmentForm  =  ""Republic""",SELECT COUNT(*) FROM country WHERE governmentform = 'republic',SELECT COUNT(*) FROM country WHERE governmentform = 'republic',0,0
What is the total surface area of the countries in the Caribbean region?,easy,"SELECT sum(SurfaceArea) FROM country WHERE Region  =  ""Caribbean""",NULL,SELECT SUM(SurfaceArea) FROM country WHERE Region = 'Caribbean',0,1
How much surface area do the countires in the Carribean cover together?,easy,"SELECT sum(SurfaceArea) FROM country WHERE Region  =  ""Caribbean""",NULL,SELECT SUM(surfacearea) FROM country WHERE continent = 'Caribbean',0,0
Which continent is Anguilla in?,easy,"SELECT Continent FROM country WHERE Name  =  ""Anguilla""",NULL,SELECT T1.continent FROM country AS T1 INNER JOIN countrylanguage AS T2 ON T1.code = T2.countrycode WHERE T2.language = 'English' AND T1.name = 'Anguilla',0,1
What is the continent name which Anguilla belongs to?,easy,"SELECT Continent FROM country WHERE Name  =  ""Anguilla""",SELECT T1.continent FROM country AS T1 JOIN city AS T2 ON T1.code = T2.countrycode WHERE T2.name = 'Anguilla' AND T1.code = 'ANG' AND T1.continent = 'North America',SELECT T1.continent FROM country AS T1 INNER JOIN countrylanguage AS T2 ON T1.code = T2.countrycode WHERE T2.language = 'English' AND T1.name = 'Anguilla',0,1
Which region is the city Kabul located in?,medium,"SELECT Region FROM country AS T1 JOIN city AS T2 ON T1.Code  =  T2.CountryCode WHERE T2.Name  =  ""Kabul""",NULL,SELECT T2.region FROM city AS T1 INNER JOIN country AS T2 ON T1.countrycode = T2.code WHERE T1.name = 'Kabul',0,1
What region is Kabul in?,medium,"SELECT Region FROM country AS T1 JOIN city AS T2 ON T1.Code  =  T2.CountryCode WHERE T2.Name  =  ""Kabul""",SELECT T1.region FROM country AS T1 JOIN city AS T2 ON T1.code = T2.countrycode WHERE T2.name = 'Kabul' AND T1.code = 'AFG',SELECT T1.region FROM country AS T1 INNER JOIN city AS T2 ON T1.code = T2.countrycode WHERE T2.name = 'Kabul',1,1
Which language is the most popular in Aruba?,extra,"SELECT T2.Language FROM country AS T1 JOIN countrylanguage AS T2 ON T1.Code  =  T2.CountryCode WHERE T1.Name  =  ""Aruba"" ORDER BY Percentage DESC LIMIT 1",NULL,SELECT T2.language FROM city AS T1 INNER JOIN countrylanguage AS T2 ON T1.countrycode = T2.countrycode WHERE T1.name = 'Aruba' ORDER BY T2.percentage DESC LIMIT 1,0,0
What language is predominantly spoken in Aruba?,extra,"SELECT T2.Language FROM country AS T1 JOIN countrylanguage AS T2 ON T1.Code  =  T2.CountryCode WHERE T1.Name  =  ""Aruba"" ORDER BY Percentage DESC LIMIT 1",NULL,SELECT T2.language FROM country AS T1 INNER JOIN countrylanguage AS T2 ON T1.code = T2.countrycode WHERE T1.name = 'Aruba' AND T2.isofficial = 1 ORDER BY T2.percentage DESC LIMIT 1,0,0
What are the population and life expectancies in Brazil?,medium,"SELECT Population ,  LifeExpectancy FROM country WHERE Name  =  ""Brazil""","SELECT T1.population, T1.lifeexpectancy FROM country AS T1 WHERE T1.name = 'Brazil'","SELECT T2.population, T2.lifeexpectancy FROM country AS T1 INNER JOIN countrylanguage AS T2 ON T1.code = T2.countrycode WHERE T1.name = 'Brazil' AND T2.language = 'Portuguese'",1,0
Give me Brazil’s population and life expectancies.,medium,"SELECT Population ,  LifeExpectancy FROM country WHERE Name  =  ""Brazil""","SELECT T1.population, T1.lifeexpectancy FROM country AS T1 WHERE T1.name = 'Brazil'","SELECT T1.population, T1.lifeexpectancy FROM country AS T1 WHERE T1.name = 'Brazil'",1,1
What are the region and population of Angola?,medium,"SELECT Population ,  Region FROM country WHERE Name  =  ""Angola""","SELECT region, population FROM country WHERE name = 'Angola'","SELECT region, population FROM country WHERE name = 'Angola'",0,0
What region does Angola belong to and what is its population?,medium,"SELECT Population ,  Region FROM country WHERE Name  =  ""Angola""","SELECT T1.region, T1.population FROM country AS T1 WHERE T1.name = 'Angola'","SELECT T1.region, T1.population FROM country AS T1 WHERE T1.name = 'Angola'",0,0
What is the average expected life expectancy for countries in the region of Central Africa?,easy,"SELECT avg(LifeExpectancy) FROM country WHERE Region  =  ""Central Africa""",SELECT AVG(lifeexpectancy) FROM country WHERE region = 'Central Africa',SELECT AVG(lifeexpectancy) FROM country WHERE region = 'Central Africa',1,1
How long is the people’s average life expectancy in Central Africa?,easy,"SELECT avg(LifeExpectancy) FROM country WHERE Region  =  ""Central Africa""",SELECT AVG(lifeexpectancy) FROM country WHERE continent = 'Central Africa',SELECT AVG(T2.lifeexpectancy) FROM country AS T1 INNER JOIN countrylanguage AS T2 ON T1.code = T2.countrycode WHERE T1.continent = 'Central Africa' AND T2.language = 'English',0,0
What is the name of country that has the shortest life expectancy in Asia?,hard,"SELECT Name FROM country WHERE Continent  =  ""Asia"" ORDER BY LifeExpectancy LIMIT 1",Select T1.name FROM country AS T1 JOIN countrylanguage AS T2 ON T1.code = T2.countrycode WHERE T1.continent = 'Asia' ORDER BY T1.lifeexpectancy ASC LIMIT 1,"SELECT T1.name FROM country AS T1 INNER JOIN countrylanguage AS T2 ON T1.code = T2.countrycode WHERE T1.continent = 'Asia' ORDER BY T1.lifeexpectancy ASC LIMIT 1  Step-by-Step Sub-Questions: . What countries are in Asia? 2. Among these countries, which ones have the shortest life expectancy? 3. What is the name of the country with the shortest life expectancy in Asia?",1,0
Give the name of the country in Asia with the lowest life expectancy.,hard,"SELECT Name FROM country WHERE Continent  =  ""Asia"" ORDER BY LifeExpectancy LIMIT 1",SELECT name FROM country WHERE continent = 'Asia' ORDER BY lifeexpectancy ASC LIMIT 1,SELECT T1.name FROM country AS T1 WHERE T1.continent = 'Asia' ORDER BY T1.lifeexpectancy ASC LIMIT 1  Step-by-Step Sub-Questions:   ,1,0
What is the total population and maximum GNP in Asia?,medium,"SELECT sum(Population) ,  max(GNP) FROM country WHERE Continent  =  ""Asia""","SELECT sum(T1.population), max(T1.gnp) FROM country AS T1 JOIN countrylanguage AS T2 ON T1.code = T2.countrycode WHERE T1.continent = 'Asia' AND T2.isofficial = 1","SELECT sum(T2.population), max(T2.gnp) FROM country AS T1 INNER JOIN countrylanguage AS T2 ON T1.code = T2.countrycode WHERE T1.continent = 'Asia'",0,0
"How many people live in Asia, and what is the largest GNP among them?",medium,"SELECT sum(Population) ,  max(GNP) FROM country WHERE Continent  =  ""Asia""",NULL,NULL,0,0
What is the average life expectancy in African countries that are republics?,medium,"SELECT avg(LifeExpectancy) FROM country WHERE Continent  =  ""Africa"" AND GovernmentForm  =  ""Republic""",SELECT AVG(T1.lifeexpectancy) FROM country AS T1 INNER JOIN countrylanguage AS T2 ON T1.code = T2.countrycode WHERE T1.continent = 'Africa' AND T1.governmentform = 'Republic',SELECT AVG(T2.lifeexpectancy) FROM country AS T1 INNER JOIN countrylanguage AS T2 ON T1.code = T2.countrycode WHERE T1.continent = 'Africa' AND T1.governmentform = 'republic',0,0
Give the average life expectancy for countries in Africa which are republics?,medium,"SELECT avg(LifeExpectancy) FROM country WHERE Continent  =  ""Africa"" AND GovernmentForm  =  ""Republic""",SELECT avg(T1.lifeexpectancy) FROM country AS T1 JOIN countrylanguage AS T2 ON T1.code = T2.countrycode WHERE T1.continent = 'Africa' AND T1.governmentform = 'Republic',SELECT AVG(T1.lifeexpectancy) FROM country AS T1 INNER JOIN countrylanguage AS T2 ON T1.code = T2.countrycode WHERE T1.continent = 'Africa' AND T1.governmentform = 'republic',0,0
What is the total surface area of the continents Asia and Europe?,medium,"SELECT sum(SurfaceArea) FROM country WHERE Continent  =  ""Asia"" OR Continent  =  ""Europe""",NULL,"SELECT SUM(SurfaceArea) FROM country WHERE Continent IN ('Asia', 'Europe')",0,1
Give the total surface area covered by countries in Asia or Europe.,medium,"SELECT sum(SurfaceArea) FROM country WHERE Continent  =  ""Asia"" OR Continent  =  ""Europe""","SELECT sum(surfacearea) FROM country WHERE continent IN ('Asia', 'Europe')","SELECT SUM(SurfaceArea) FROM country WHERE Continent IN ('Asia', 'Europe')",1,1
How many people live in Gelderland district?,easy,"SELECT sum(Population) FROM city WHERE District  =  ""Gelderland""",NULL,SELECT SUM(population) FROM city WHERE district = 'Gelderland',0,1
What is the total population of Gelderland district?,easy,"SELECT sum(Population) FROM city WHERE District  =  ""Gelderland""",SELECT sum(population) FROM city WHERE district = 'Gelderland',SELECT SUM(T1.population) FROM city AS T1 WHERE T1.district = 'Gelderland',1,1
What is the average GNP and total population in all nations whose government is US territory?,medium,"SELECT avg(GNP) ,  sum(population) FROM country WHERE GovernmentForm  =  ""US Territory""","SELECT avg(gnp), sum(population) FROM country WHERE governmentform = 'US Territory'","SELECT avg(gnp), sum(population) FROM country WHERE governmentform = 'US Territory'",1,1
Give the mean GNP and total population of nations which are considered US territory.,medium,"SELECT avg(GNP) ,  sum(population) FROM country WHERE GovernmentForm  =  ""US Territory""",NULL,"SELECT AVG(T1.gnp), SUM(T1.population) FROM country AS T1 WHERE T1.continent = 'North America' AND T1.population > 100000000",0,0
How many unique languages are spoken in the world?,easy,SELECT count(DISTINCT LANGUAGE) FROM countrylanguage,NULL,SELECT COUNT(DISTINCT language) FROM countrylanguage  Step-by-Step Sub-Questions: 1. What information is stored in the `countrylanguage` table? 2. Which column in the `countrylanguage` table contains the language information? 3. How can we count the number of unique languages? 4. What SQL function should we use to count distinct values? 5. What is the final SQL query to answer the question?,0,0
What is the number of distinct languages used around the world?,easy,SELECT count(DISTINCT LANGUAGE) FROM countrylanguage,SELECT COUNT(DISTINCT language) FROM countrylanguage,SELECT COUNT(DISTINCT language) FROM countrylanguage  Step-by-Step Sub-Questions: 1. What languages are used around the world? 2. How many distinct languages are there?,1,0
How many type of governments are in Africa?,easy,"SELECT count(DISTINCT GovernmentForm) FROM country WHERE Continent  =  ""Africa""",NULL,SELECT COUNT(DISTINCT T1.governmentform) FROM country AS T1 INNER JOIN countrylanguage AS T2 ON T1.code = T2.countrycode WHERE T1.continent = 'Africa',0,1
How many different forms of governments are there in Africa?,easy,"SELECT count(DISTINCT GovernmentForm) FROM country WHERE Continent  =  ""Africa""",NULL,SELECT COUNT(DISTINCT governmentform) FROM country WHERE continent = 'Africa',0,1
What is the total number of languages used in Aruba?,medium,"SELECT COUNT(T2.Language) FROM country AS T1 JOIN countrylanguage AS T2 ON T1.Code  =  T2.CountryCode WHERE T1.Name  =  ""Aruba""",NULL,SELECT COUNT(T2.language) FROM country AS T1 INNER JOIN countrylanguage AS T2 ON T1.code = T2.countrycode WHERE T1.name = 'Aruba',0,1
How many languages are spoken in Aruba?,medium,"SELECT COUNT(T2.Language) FROM country AS T1 JOIN countrylanguage AS T2 ON T1.Code  =  T2.CountryCode WHERE T1.Name  =  ""Aruba""",NULL,SELECT COUNT(T2.language) FROM country AS T1 INNER JOIN countrylanguage AS T2 ON T1.code = T2.countrycode WHERE T1.name = 'Aruba',0,1
How many official languages does Afghanistan have?,medium,"SELECT COUNT(*) FROM country AS T1 JOIN countrylanguage AS T2 ON T1.Code  =  T2.CountryCode WHERE T1.Name  =  ""Afghanistan"" AND IsOfficial  =  ""T""",NULL,SELECT COUNT(T2.language) FROM country AS T1 INNER JOIN countrylanguage AS T2 ON T1.code = T2.countrycode WHERE T1.name = 'Afghanistan' AND T2.isofficial = 1,0,0
How many official languages are spoken in Afghanistan?,medium,"SELECT COUNT(*) FROM country AS T1 JOIN countrylanguage AS T2 ON T1.Code  =  T2.CountryCode WHERE T1.Name  =  ""Afghanistan"" AND IsOfficial  =  ""T""",NULL,SELECT COUNT(*) FROM country AS T1 INNER JOIN countrylanguage AS T2 ON T1.code = T2.countrycode WHERE T1.name = 'Afghanistan' AND T2.isofficial = 1,0,0
What is name of the country that speaks the largest number of languages?,extra,SELECT T1.Name FROM country AS T1 JOIN countrylanguage AS T2 ON T1.Code  =  T2.CountryCode GROUP BY T1.Name ORDER BY COUNT(*) DESC LIMIT 1,NULL,SELECT T1.name FROM country AS T1 INNER JOIN countrylanguage AS T2 ON T1.code = T2.countrycode GROUP BY T1.name ORDER BY COUNT(T2.language) DESC LIMIT 1,0,1
Give the name of the nation that uses the greatest amount of languages.,extra,SELECT T1.Name FROM country AS T1 JOIN countrylanguage AS T2 ON T1.Code  =  T2.CountryCode GROUP BY T1.Name ORDER BY COUNT(*) DESC LIMIT 1,SELECT T1.name FROM country AS T1 JOIN countrylanguage AS T2 ON T1.code = T2.countrycode GROUP BY T1.name ORDER BY COUNT(T2.language) DESC LIMIT 1,SELECT T1.name FROM country AS T1 INNER JOIN countrylanguage AS T2 ON T1.code = T2.countrycode GROUP BY T1.name ORDER BY COUNT(T2.language) DESC LIMIT 1,1,1
Which continent has the most diverse languages?,extra,SELECT T1.Continent FROM country AS T1 JOIN countrylanguage AS T2 ON T1.Code  =  T2.CountryCode GROUP BY T1.Continent ORDER BY COUNT(*) DESC LIMIT 1,"SELECT T1.continent, COUNT(DISTINCT T2.language) AS language_count FROM country AS T1 JOIN countrylanguage AS T2 ON T1.code = T2.countrycode GROUP BY T1.continent ORDER BY language_count DESC LIMIT 1",SELECT T1.continent FROM country AS T1 INNER JOIN countrylanguage AS T2 ON T1.code = T2.countrycode GROUP BY T1.continent ORDER BY COUNT(DISTINCT T2.language) DESC LIMIT 1,0,1
Which continent speaks the most languages?,extra,SELECT T1.Continent FROM country AS T1 JOIN countrylanguage AS T2 ON T1.Code  =  T2.CountryCode GROUP BY T1.Continent ORDER BY COUNT(*) DESC LIMIT 1,"SELECT T1.continent, COUNT(DISTINCT T3.language) AS language_count FROM country AS T1 JOIN countrylanguage AS T3 ON T1.code = T3.countrycode GROUP BY T1.continent ORDER BY language_count DESC LIMIT 1",SELECT T1.continent FROM country AS T1 INNER JOIN countrylanguage AS T2 ON T1.code = T2.countrycode GROUP BY T1.continent ORDER BY COUNT(DISTINCT T2.language) DESC LIMIT 1,0,1
How many countries speak both English and Dutch?,easy,"SELECT COUNT(*) FROM (SELECT T1.Name FROM country AS T1 JOIN countrylanguage AS T2 ON T1.Code  =  T2.CountryCode WHERE T2.Language  =  ""English"" INTERSECT SELECT T1.Name FROM country AS T1 JOIN countrylanguage AS T2 ON T1.Code  =  T2.CountryCode WHERE T2.Language  =  ""Dutch"")",SELECT countrycode FROM countrylanguage WHERE language = 'English' INTERSECT SELECT countrycode FROM countrylanguage WHERE language = 'Dutch',"SELECT COUNT(*) FROM countrylanguage WHERE language = 'English' AND isofficial = 1 INTERSECT SELECT COUNT(*) FROM countrylanguage WHERE language = 'Dutch' AND isofficial = 1  Step-by-Step Sub-Questions: . Which countries speak English? 2. Among these countries, which ones speak English as an official language? 3. Which countries speak Dutch? 4. Among these countries, which ones speak Dutch as an official language? 5. How many countries speak both English and Dutch as official languages?",0,0
What is the number of nations that use English and Dutch?,easy,"SELECT COUNT(*) FROM (SELECT T1.Name FROM country AS T1 JOIN countrylanguage AS T2 ON T1.Code  =  T2.CountryCode WHERE T2.Language  =  ""English"" INTERSECT SELECT T1.Name FROM country AS T1 JOIN countrylanguage AS T2 ON T1.Code  =  T2.CountryCode WHERE T2.Language  =  ""Dutch"")",NULL,SELECT COUNT(*) FROM countrylanguage WHERE language = 'English' OR language = 'Dutch',0,0
What are the names of nations speak both English and French?,extra,"SELECT T1.Name FROM country AS T1 JOIN countrylanguage AS T2 ON T1.Code  =  T2.CountryCode WHERE T2.Language  =  ""English"" INTERSECT SELECT T1.Name FROM country AS T1 JOIN countrylanguage AS T2 ON T1.Code  =  T2.CountryCode WHERE T2.Language  =  ""French""",SELECT T1.name FROM country AS T1 JOIN countrylanguage AS T2 ON T1.code = T2.countrycode WHERE T2.language = 'English' INTERSECT SELECT T1.name FROM country AS T1 JOIN countrylanguage AS T2 ON T1.code = T2.countrycode WHERE T2.language = 'French',SELECT T1.name FROM country AS T1 INNER JOIN countrylanguage AS T2 ON T1.code = T2.countrycode WHERE T2.language = 'English' INTERSECT SELECT T1.name FROM country AS T1 INNER JOIN countrylanguage AS T2 ON T1.code = T2.countrycode WHERE T2.language = 'French',1,1
Give the names of nations that speak both English and French.,extra,"SELECT T1.Name FROM country AS T1 JOIN countrylanguage AS T2 ON T1.Code  =  T2.CountryCode WHERE T2.Language  =  ""English"" INTERSECT SELECT T1.Name FROM country AS T1 JOIN countrylanguage AS T2 ON T1.Code  =  T2.CountryCode WHERE T2.Language  =  ""French""",SELECT T1.name FROM country AS T1 JOIN countrylanguage AS T2 ON T1.code = T2.countrycode WHERE T2.language = 'English' INTERSECT SELECT T1.name FROM country AS T1 JOIN countrylanguage AS T2 ON T1.code = T2.countrycode WHERE T2.language = 'French',SELECT T1.name FROM country AS T1 INNER JOIN countrylanguage AS T2 ON T1.code = T2.countrycode WHERE T2.language = 'English' INTERSECT SELECT T1.name FROM country AS T1 INNER JOIN countrylanguage AS T2 ON T1.code = T2.countrycode WHERE T2.language = 'French',1,1
What are the names of nations where both English and French are official languages?,extra,"SELECT T1.Name FROM country AS T1 JOIN countrylanguage AS T2 ON T1.Code  =  T2.CountryCode WHERE T2.Language  =  ""English"" AND T2.IsOfficial  =  ""T"" INTERSECT SELECT T1.Name FROM country AS T1 JOIN countrylanguage AS T2 ON T1.Code  =  T2.CountryCode WHERE T2.Language  =  ""French"" AND T2.IsOfficial  =  ""T""",SELECT T1.name FROM country AS T1 JOIN countrylanguage AS T2 ON T1.code = T2.countrycode WHERE T2.language = 'English' AND T2.isofficial = 1 AND T2.countrycode IN ( SELECT T2.countrycode FROM country AS T1 JOIN countrylanguage AS T2 ON T1.code = T2.countrycode WHERE T2.language = 'French' AND T2.isofficial = 1 ) ,SELECT T1.name FROM country AS T1 INNER JOIN countrylanguage AS T2 ON T1.code = T2.countrycode WHERE T2.language = 'English' AND T2.isofficial = 1 INTERSECT SELECT T1.name FROM country AS T1 INNER JOIN countrylanguage AS T2 ON T1.code = T2.countrycode WHERE T2.language = 'French' AND T2.isofficial = 1,0,0
Give the names of countries with English and French as official languages.,extra,"SELECT T1.Name FROM country AS T1 JOIN countrylanguage AS T2 ON T1.Code  =  T2.CountryCode WHERE T2.Language  =  ""English"" AND T2.IsOfficial  =  ""T"" INTERSECT SELECT T1.Name FROM country AS T1 JOIN countrylanguage AS T2 ON T1.Code  =  T2.CountryCode WHERE T2.Language  =  ""French"" AND T2.IsOfficial  =  ""T""",SELECT T1.name FROM country AS T1 JOIN countrylanguage AS T2 ON T1.code = T2.countrycode WHERE T2.language = 'English' AND T2.isofficial = 1 AND T2.language = 'French' AND T2.isofficial = 1,SELECT T1.name FROM country AS T1 INNER JOIN countrylanguage AS T2 ON T1.code = T2.countrycode WHERE T2.language = 'English' AND T2.isofficial = 1 AND T2.language = 'French' AND T2.isofficial = 1,0,0
What is the number of distinct continents where Chinese is spoken?,medium,"SELECT COUNT( DISTINCT Continent) FROM country AS T1 JOIN countrylanguage AS T2 ON T1.Code  =  T2.CountryCode WHERE T2.Language  =  ""Chinese""","SELECT COUNT(DISTINCT T1.continent) FROM country AS T1 JOIN countrylanguage AS T2 ON T1.code = T2.countrycode WHERE T2.language = 'Chinese' AND T1.name IN ('China', 'Taiwan') AND T1.continent IN ('Asia', 'Oceania')",SELECT COUNT(DISTINCT T2.continent) FROM countrylanguage AS T1 INNER JOIN country AS T2 ON T1.countrycode = T2.code WHERE T1.language = 'Chinese',0,1
How many continents speak Chinese?,medium,"SELECT COUNT( DISTINCT Continent) FROM country AS T1 JOIN countrylanguage AS T2 ON T1.Code  =  T2.CountryCode WHERE T2.Language  =  ""Chinese""",SELECT COUNT(DISTINCT T2.continent) FROM countrylanguage AS T1 INNER JOIN country AS T2 ON T1.countrycode = T2.code WHERE T1.language = 'Chinese' AND T1.isofficial = 1,SELECT COUNT(DISTINCT T1.continent) FROM country AS T1 INNER JOIN countrylanguage AS T2 ON T1.code = T2.countrycode WHERE T2.language = 'Chinese',0,1
What are the regions that use English or Dutch?,hard,"SELECT DISTINCT T1.Region FROM country AS T1 JOIN countrylanguage AS T2 ON T1.Code  =  T2.CountryCode WHERE T2.Language  =  ""English"" OR T2.Language  =  ""Dutch""",SELECT DISTINCT T1.region FROM country AS T1 INNER JOIN countrylanguage AS T2 ON T1.code = T2.countrycode WHERE T2.language = 'English' OR T2.language = 'Dutch',SELECT T2.region FROM countrylanguage AS T1 INNER JOIN country AS T2 ON T1.countrycode = T2.code WHERE T1.language = 'English' OR T1.language = 'Dutch',1,1
Which regions speak Dutch or English?,hard,"SELECT DISTINCT T1.Region FROM country AS T1 JOIN countrylanguage AS T2 ON T1.Code  =  T2.CountryCode WHERE T2.Language  =  ""English"" OR T2.Language  =  ""Dutch""",SELECT T2.region FROM countrylanguage AS T1 JOIN country AS T2 ON T1.countrycode = T2.code WHERE T1.language = 'Dutch' OR T1.language = 'English',SELECT T2.region FROM countrylanguage AS T1 INNER JOIN country AS T2 ON T1.countrycode = T2.code WHERE T1.language = 'Dutch' OR T1.language = 'English',1,1
What are the countries where either English or Dutch is the official language ?,extra,"select t1.name from country as t1 join countrylanguage as t2 on t1.code  =  t2.countrycode where t2.language  =  ""english"" and isofficial  =  ""t"" union select t1.name from country as t1 join countrylanguage as t2 on t1.code  =  t2.countrycode where t2.language  =  ""dutch"" and isofficial  =  ""t""",SELECT T1.name FROM country AS T1 JOIN countrylanguage AS T2 ON T1.code = T2.countrycode WHERE T2.language = 'English' OR T2.language = 'Dutch' AND T2.isofficial = 1,SELECT T1.name FROM country AS T1 INNER JOIN countrylanguage AS T2 ON T1.code = T2.countrycode WHERE T2.language = 'English' OR T2.language = 'Dutch' AND T2.isofficial = 1,0,0
Which countries have either English or Dutch as an official language?,extra,"SELECT * FROM country AS T1 JOIN countrylanguage AS T2 ON T1.Code  =  T2.CountryCode WHERE T2.Language  =  ""English"" AND IsOfficial  =  ""T"" UNION SELECT * FROM country AS T1 JOIN countrylanguage AS T2 ON T1.Code  =  T2.CountryCode WHERE T2.Language  =  ""Dutch"" AND IsOfficial  =  ""T""",SELECT T1.name FROM country AS T1 JOIN countrylanguage AS T2 ON T1.code = T2.countrycode WHERE T2.language = 'English' OR T2.language = 'Dutch' AND T2.isofficial = 1,SELECT T1.name FROM country AS T1 INNER JOIN countrylanguage AS T2 ON T1.code = T2.countrycode WHERE T2.language = 'English' OR T2.language = 'Dutch' AND T2.isofficial = 1,0,0
Which language is the most popular on the Asian continent?,extra,"SELECT T2.Language FROM country AS T1 JOIN countrylanguage AS T2 ON T1.Code  =  T2.CountryCode WHERE T1.Continent  =  ""Asia"" GROUP BY T2.Language ORDER BY COUNT (*) DESC LIMIT 1",SELECT T2.language FROM country AS T1 INNER JOIN countrylanguage AS T2 ON T1.code = T2.countrycode INNER JOIN city AS T3 ON T1.code = T3.countrycode WHERE T1.continent = 'Asia' GROUP BY T2.language ORDER BY SUM(T2.percentage) DESC LIMIT 1,SELECT T2.language FROM country AS T1 INNER JOIN countrylanguage AS T2 ON T1.code = T2.countrycode WHERE T1.continent = 'Asia' ORDER BY T2.percentage DESC LIMIT 1,0,0
What is the language that is used by the largest number of Asian nations?,extra,"SELECT T2.Language FROM country AS T1 JOIN countrylanguage AS T2 ON T1.Code  =  T2.CountryCode WHERE T1.Continent  =  ""Asia"" GROUP BY T2.Language ORDER BY COUNT (*) DESC LIMIT 1",select the top language.  SQLite Query: SELECT T2.language FROM country AS T1 INNER JOIN countrylanguage AS T2 ON T1.code = T2.countrycode INNER JOIN city AS T3 ON T1.code = T3.countrycode WHERE T1.continent = 'Asia' GROUP BY T2.language ORDER BY COUNT(T1.code) DESC LIMIT 1,SELECT T2.language FROM country AS T1 INNER JOIN countrylanguage AS T2 ON T1.code = T2.countrycode WHERE T1.continent = 'Asia' GROUP BY T2.language ORDER BY SUM(T2.percentage) DESC LIMIT 1,0,1
Which languages are spoken by only one country in republic governments?,hard,"SELECT T2.Language FROM country AS T1 JOIN countrylanguage AS T2 ON T1.Code  =  T2.CountryCode WHERE T1.GovernmentForm  =  ""Republic"" GROUP BY T2.Language HAVING COUNT(*)  =  1",NULL,NULL,0,0
What languages are only used by a single country with a republic government?,hard,"SELECT T2.Language FROM country AS T1 JOIN countrylanguage AS T2 ON T1.Code  =  T2.CountryCode WHERE T1.GovernmentForm  =  ""Republic"" GROUP BY T2.Language HAVING COUNT(*)  =  1",SELECT T1.language FROM countrylanguage AS T1 JOIN country AS T2 ON T1.countrycode = T2.code WHERE T2.governmentform = 'republic' GROUP BY T1.language HAVING COUNT(T1.countrycode) = 1,SELECT T1.language FROM countrylanguage AS T1 INNER JOIN country AS T2 ON T1.countrycode = T2.code WHERE T2.governmentform = 'republic' GROUP BY T1.language HAVING COUNT(T1.countrycode) = 1,0,0
Find the city with the largest population that uses English.,extra,"SELECT T1.Name ,  T1.Population FROM city AS T1 JOIN countrylanguage AS T2 ON T1.CountryCode  =  T2.CountryCode WHERE T2.Language  =  ""English"" ORDER BY T1.Population DESC LIMIT 1",SELECT T1.name FROM city AS T1 JOIN countrylanguage AS T2 ON T1.countrycode = T2.countrycode WHERE T2.language = 'English' ORDER BY T1.population DESC LIMIT 1,"SELECT T1.name FROM city AS T1 INNER JOIN countrylanguage AS T2 ON T1.countrycode = T2.countrycode WHERE T2.language = 'English' ORDER BY T1.population DESC LIMIT 1  Step-by-Step Sub-Questions: . Which cities use English? 2. Among these cities, which has the largest population? 3. What is the name of this city?",0,0
What is the most populace city that speaks English?,extra,"SELECT T1.Name ,  T1.Population FROM city AS T1 JOIN countrylanguage AS T2 ON T1.CountryCode  =  T2.CountryCode WHERE T2.Language  =  ""English"" ORDER BY T1.Population DESC LIMIT 1",SELECT T1.name FROM city AS T1 JOIN countrylanguage AS T2 ON T1.countrycode = T2.countrycode WHERE T2.language = 'English' ORDER BY T1.population DESC LIMIT 1,"SELECT T1.name FROM city AS T1 INNER JOIN countrylanguage AS T2 ON T1.countrycode = T2.countrycode WHERE T2.language = 'English' ORDER BY T1.population DESC LIMIT 1  Step-by-Step Sub-Questions: . Which cities speak English? 2. Among these cities, which one has the highest population? 3. What is the name of this city?",0,0
"Find the name, population and expected life length of asian country with the largest area?",hard,"SELECT Name ,  Population ,  LifeExpectancy FROM country WHERE Continent  =  ""Asia"" ORDER BY SurfaceArea DESC LIMIT 1","SELECT T1.name , T1.population , T1.lifeexpectancy FROM country AS T1 WHERE T1.continent = 'Asia' ORDER BY T1.surfacearea DESC LIMIT 1","SELECT T1.name, T1.population, T1.lifeexpectancy FROM country AS T1 WHERE T1.continent = 'Asia' ORDER BY T1.surfacearea DESC LIMIT 1  Step-by-Step Sub-Questions:   ",1,0
"What are the name, population, and life expectancy of the largest Asian country by land?",hard,"SELECT Name ,  Population ,  LifeExpectancy FROM country WHERE Continent  =  ""Asia"" ORDER BY SurfaceArea DESC LIMIT 1","SELECT name, population, lifeexpectancy FROM country WHERE continent = 'Asia' ORDER BY surfacearea DESC LIMIT 1","SELECT name, population, lifeexpectancy FROM country WHERE continent = 'Asia' ORDER BY surfacearea DESC LIMIT 1",1,1
What is average life expectancy in the countries where English is not the official language?,extra,"SELECT avg(LifeExpectancy) FROM country WHERE Name NOT IN (SELECT T1.Name FROM country AS T1 JOIN countrylanguage AS T2 ON T1.Code  =  T2.CountryCode WHERE T2.Language  =  ""English"" AND T2.IsOfficial  =  ""T"")",SELECT AVG(T1.lifeexpectancy) FROM country AS T1 JOIN countrylanguage AS T2 ON T1.code = T2.countrycode WHERE T2.language != 'English' AND T2.isofficial = 0,"SELECT AVG(T1.lifeexpectancy) FROM country AS T1 INNER JOIN countrylanguage AS T2 ON T1.code = T2.countrycode WHERE T2.language = 'English' AND T2.isofficial = 0  Step-by-Step Sub-Questions: . What countries have English as an official language? 2. Among these countries, which ones do not have English as the official language? 3. What is the average life expectancy in these countries?",0,0
Give the mean life expectancy of countries in which English is not the official language.,extra,"SELECT avg(LifeExpectancy) FROM country WHERE Name NOT IN (SELECT T1.Name FROM country AS T1 JOIN countrylanguage AS T2 ON T1.Code  =  T2.CountryCode WHERE T2.Language  =  ""English"" AND T2.IsOfficial  =  ""T"")",SELECT AVG(T1.lifeexpectancy) FROM country AS T1 INNER JOIN countrylanguage AS T2 ON T1.code = T2.countrycode WHERE T2.language != 'English' AND T2.isofficial = 0,"SELECT AVG(T1.lifeexpectancy) FROM country AS T1 INNER JOIN countrylanguage AS T2 ON T1.code = T2.countrycode WHERE T2.language = 'English' AND T2.isofficial = 0  Step-by-Step Sub-Questions: . What countries have English as an official language? 2. Among these countries, which ones do not have English as the official language? 3. What is the life expectancy of countries that do not have English as the official language? 4. What is the average life expectancy of these countries?",0,0
What is the total number of people living in the nations that do not use English?,extra,"SELECT sum(Population) FROM country WHERE Name NOT IN (SELECT T1.Name FROM country AS T1 JOIN countrylanguage AS T2 ON T1.Code  =  T2.CountryCode WHERE T2.Language  =  ""English"")",NULL,SELECT SUM(T2.population) FROM country AS T1 INNER JOIN city AS T2 ON T1.code = T2.countrycode WHERE T1.code NOT IN ( SELECT countrycode FROM countrylanguage WHERE language = 'English' ),0,0
How many people live in countries that do not speak English?,extra,"SELECT sum(Population) FROM country WHERE Name NOT IN (SELECT T1.Name FROM country AS T1 JOIN countrylanguage AS T2 ON T1.Code  =  T2.CountryCode WHERE T2.Language  =  ""English"")",SELECT SUM(T3.population) FROM country AS T1 INNER JOIN countrylanguage AS T2 ON T1.code = T2.countrycode INNER JOIN city AS T3 ON T1.code = T3.countrycode WHERE T2.language != 'English',SELECT SUM(population) FROM country WHERE code NOT IN ( SELECT countrycode FROM countrylanguage WHERE language = 'English' ),0,1
What is the official language spoken in the country whose head of state is Beatrix?,medium,"SELECT T2.Language FROM country AS T1 JOIN countrylanguage AS T2 ON T1.Code  =  T2.CountryCode WHERE T1.HeadOfState  =  ""Beatrix"" AND T2.IsOfficial  =  ""T""",NULL,SELECT T2.language FROM country AS T1 INNER JOIN countrylanguage AS T2 ON T1.code = T2.countrycode WHERE T1.headofstate = 'Beatrix' AND T2.isofficial = 1,0,0
What is the official language used in the country the name of whose head of state is Beatrix.,medium,"SELECT T2.Language FROM country AS T1 JOIN countrylanguage AS T2 ON T1.Code  =  T2.CountryCode WHERE T1.HeadOfState  =  ""Beatrix"" AND T2.IsOfficial  =  ""T""",SELECT T3.language FROM country AS T1 JOIN countrylanguage AS T3 ON T1.code = T3.countrycode WHERE T1.headofstate = 'Beatrix' AND T3.isofficial = 1,SELECT T2.language FROM country AS T1 INNER JOIN countrylanguage AS T2 ON T1.code = T2.countrycode WHERE T1.headofstate = 'Beatrix' AND T2.isofficial = 1,0,0
What is the total number of unique official languages spoken in the countries that are founded before 1930?,medium,"SELECT count(DISTINCT T2.Language) FROM country AS T1 JOIN countrylanguage AS T2 ON T1.Code  =  T2.CountryCode WHERE  IndepYear  <  1930 AND T2.IsOfficial  =  ""T""",NULL,SELECT COUNT(DISTINCT T2.language) FROM country AS T1 INNER JOIN countrylanguage AS T2 ON T1.code = T2.countrycode WHERE T1.indepyear < 1930 AND T2.isofficial = 1,0,0
"For the countries founded before 1930, what is the total number of distinct official languages?",medium,"SELECT count(DISTINCT T2.Language) FROM country AS T1 JOIN countrylanguage AS T2 ON T1.Code  =  T2.CountryCode WHERE  IndepYear  <  1930 AND T2.IsOfficial  =  ""T""",NULL,SELECT COUNT(DISTINCT T2.language) FROM country AS T1 INNER JOIN countrylanguage AS T2 ON T1.code = T2.countrycode WHERE T1.indepyear < 1930 AND T2.isofficial = 1,0,0
What are the countries that have greater surface area than any country in Europe?,hard,"SELECT Name FROM country WHERE SurfaceArea  >  (SELECT min(SurfaceArea) FROM country WHERE Continent  =  ""Europe"")",SELECT name FROM country WHERE surfacearea > ( SELECT MAX(surfacearea) FROM country WHERE continent = 'Europe' ),SELECT name FROM country WHERE surfacearea > (SELECT MAX(surfacearea) FROM country WHERE continent = 'Europe'),0,0
Which countries have greater area than that of any country in Europe?,hard,"SELECT Name FROM country WHERE SurfaceArea  >  (SELECT min(SurfaceArea) FROM country WHERE Continent  =  ""Europe"")",SELECT name FROM country WHERE surfacearea  >  (SELECT max(surfacearea) FROM country WHERE continent  =  'Europe') ,SELECT name FROM country WHERE surfacearea > (SELECT MAX(surfacearea) FROM country WHERE continent = 'Europe'),0,0
What are the African countries that have a  population less than any country in Asia?,extra,"SELECT Name FROM country WHERE Continent  =  ""Africa""  AND population  <  (SELECT max(population) FROM country WHERE Continent  =  ""Asia"")",SELECT name FROM country WHERE continent = 'Africa' AND population < ( SELECT MIN(population) FROM country WHERE continent = 'Asia' ),SELECT name FROM country WHERE continent = 'Africa' AND population < (SELECT MIN(population) FROM country WHERE continent = 'Asia'),0,0
Which African countries have a smaller population than that of any country in Asia?,extra,"SELECT Name FROM country WHERE Continent  =  ""Africa""  AND population  <  (SELECT min(population) FROM country WHERE Continent  =  ""Asia"")",SELECT name FROM country WHERE continent = 'Africa' AND population < (   SELECT MAX(population)   FROM country   WHERE continent = 'Asia' ),SELECT name FROM country WHERE continent = 'Africa' AND population < (SELECT MIN(population) FROM country WHERE continent = 'Asia'),0,1
Which Asian countries have a population that is larger than any country in Africa?,extra,"SELECT Name FROM country WHERE Continent  =  ""Asia""  AND population  >  (SELECT max(population) FROM country WHERE Continent  =  ""Africa"")",SELECT name FROM country WHERE continent = 'Asia' AND population > (   SELECT MAX(population)   FROM country   WHERE continent = 'Africa' ),NULL,1,0
What are the Asian countries which have a population larger than that of any country in Africa?,extra,"SELECT Name FROM country WHERE Continent  =  ""Asia""  AND population  >  (SELECT min(population) FROM country WHERE Continent  =  ""Africa"")",SELECT name FROM country WHERE continent = 'Asia' AND population > ( SELECT MAX(population) FROM country WHERE continent = 'Africa' ),SELECT name FROM country WHERE continent = 'Asia' AND population > (SELECT MAX(population) FROM country WHERE continent = 'Africa'),0,0
What are the country codes for countries that do not speak English?,hard,"SELECT CountryCode FROM countrylanguage EXCEPT SELECT CountryCode FROM countrylanguage WHERE LANGUAGE  =  ""English""",SELECT code FROM country WHERE code NOT IN ( SELECT countrycode FROM countrylanguage WHERE language = 'English' ),SELECT code FROM country WHERE code NOT IN ( SELECT countrycode FROM countrylanguage WHERE language = 'English' ),0,0
Return the country codes for countries that do not speak English.,hard,"SELECT CountryCode FROM countrylanguage EXCEPT SELECT CountryCode FROM countrylanguage WHERE LANGUAGE  =  ""English""",SELECT code FROM country WHERE code NOT IN ( SELECT countrycode FROM countrylanguage WHERE language = 'English' ),SELECT code FROM country WHERE code NOT IN ( SELECT countrycode FROM countrylanguage WHERE language = 'English' ),0,0
What are the country codes of countries where people use languages other than English?,easy,"SELECT DISTINCT CountryCode FROM countrylanguage WHERE LANGUAGE != ""English""",SELECT countrycode FROM countrylanguage WHERE language != 'English',SELECT countrycode FROM countrylanguage WHERE language != 'English',1,1
Give the country codes for countries in which people speak langauges that are not English.,easy,"SELECT DISTINCT CountryCode FROM countrylanguage WHERE LANGUAGE != ""English""",SELECT countrycode FROM countrylanguage WHERE language != 'English',SELECT countrycode FROM countrylanguage WHERE language != 'English'  Step-by-Step Sub-Questions: 1. What countries have people speaking languages other than English? 2. How can we identify these countries using the given database schema? 3. What specific column in the database schema contains the country codes for these countries?,1,0
What are the codes of the countries that do not speak English and whose government forms are not Republic?,hard,"SELECT Code FROM country WHERE GovernmentForm != ""Republic"" EXCEPT SELECT CountryCode FROM countrylanguage WHERE LANGUAGE  =  ""English""",SELECT code FROM country WHERE code NOT IN ( SELECT countrycode FROM countrylanguage WHERE language = 'English' ) AND governmentform != 'Republic',SELECT code FROM country WHERE code NOT IN ( SELECT countrycode FROM countrylanguage WHERE language = 'English' ) AND governmentform != 'Republic',1,1
Return the codes of countries that do not speak English and do not have Republics for governments.,hard,"SELECT Code FROM country WHERE GovernmentForm != ""Republic"" EXCEPT SELECT CountryCode FROM countrylanguage WHERE LANGUAGE  =  ""English""",SELECT code FROM country WHERE code NOT IN ( SELECT countrycode FROM countrylanguage WHERE language = 'English' ) AND governmentform != 'Republic' ,SELECT code FROM country WHERE code NOT IN ( SELECT countrycode FROM countrylanguage WHERE language = 'English' ) AND governmentform != 'Republic',1,1
Which cities are in European countries where English is not the official language?,extra,SELECT DISTINCT T2.Name FROM country AS T1 JOIN city AS T2 ON T2.CountryCode  =  T1.Code WHERE T1.Continent  =  'Europe' AND T1.Name NOT IN (SELECT T3.Name FROM country AS T3 JOIN countrylanguage AS T4 ON T3.Code  =  T4.CountryCode WHERE T4.IsOfficial  =  'T' AND T4.Language  =  'English'),SELECT T1.name FROM city AS T1 JOIN country AS T2 ON T1.countrycode = T2.code JOIN countrylanguage AS T3 ON T2.code = T3.countrycode WHERE T2.continent = 'Europe' AND T3.language = 'English' AND T3.isofficial = 0,NULL,0,0
What are the names of cities in Europe for which English is not the official language?,extra,SELECT DISTINCT T2.Name FROM country AS T1 JOIN city AS T2 ON T2.CountryCode  =  T1.Code WHERE T1.Continent  =  'Europe' AND T1.Name NOT IN (SELECT T3.Name FROM country AS T3 JOIN countrylanguage AS T4 ON T3.Code  =  T4.CountryCode WHERE T4.IsOfficial  =  'T' AND T4.Language  =  'English'),SELECT T1.name FROM city AS T1 JOIN country AS T2 ON T1.countrycode = T2.code JOIN countrylanguage AS T3 ON T2.code = T3.countrycode WHERE T2.continent = 'Europe' AND T3.language = 'English' AND T3.isofficial = 0,SELECT T1.name FROM city AS T1 INNER JOIN country AS T2 ON T1.countrycode = T2.code INNER JOIN countrylanguage AS T3 ON T2.code = T3.countrycode WHERE T2.continent = 'Europe' AND T3.language = 'English' AND T3.isofficial = 0,0,0
Which unique cities are in Asian countries where Chinese is the official language ?,hard,"select distinct t3.name from country as t1 join countrylanguage as t2 on t1.code  =  t2.countrycode join city as t3 on t1.code  =  t3.countrycode where t2.isofficial  =  't' and t2.language  =  'chinese' and t1.continent  =  ""asia""",SELECT DISTINCT T1.name FROM city AS T1 JOIN country AS T2 ON T1.countrycode = T2.code JOIN countrylanguage AS T3 ON T2.code = T3.countrycode WHERE T2.continent = 'Asia' AND T3.language = 'Chinese' AND T3.isofficial = 1,SELECT DISTINCT T1.name FROM city AS T1 INNER JOIN country AS T2 ON T1.countrycode = T2.code INNER JOIN countrylanguage AS T3 ON T2.code = T3.countrycode WHERE T2.continent = 'Asia' AND T3.language = 'Chinese' AND T3.isofficial = 1,1,1
Return the different names of cities that are in Asia and for which Chinese is the official language.,hard,"SELECT DISTINCT T3.Name FROM country AS T1 JOIN countrylanguage AS T2 ON T1.Code  =  T2.CountryCode JOIN city AS T3 ON T1.Code  =  T3.CountryCode WHERE T2.IsOfficial  =  'T' AND T2.Language  =  'Chinese' AND T1.Continent  =  ""Asia""",SELECT DISTINCT T1.name FROM city AS T1 JOIN country AS T2 ON T1.countrycode = T2.code JOIN countrylanguage AS T3 ON T2.code = T3.countrycode WHERE T2.continent = 'Asia' AND T3.language = 'Chinese' AND T3.isofficial = 1,SELECT DISTINCT T1.name FROM city AS T1 INNER JOIN country AS T2 ON T1.countrycode = T2.code INNER JOIN countrylanguage AS T3 ON T2.code = T3.countrycode WHERE T2.continent = 'Asia' AND T3.language = 'Chinese' AND T3.isofficial = 1,0,0
"What are the name, independence year, and surface area of the country with the smallest population?",medium,"SELECT Name ,  SurfaceArea ,  IndepYear FROM country ORDER BY Population LIMIT 1","SELECT name, indepyear, surfacearea FROM country ORDER BY population ASC LIMIT 1","SELECT name, indepyear, surfacearea FROM country ORDER BY population ASC LIMIT 1",0,0
"Give the name, year of independence, and surface area of the country that has the lowest population.",medium,"SELECT Name ,  SurfaceArea ,  IndepYear FROM country ORDER BY Population LIMIT 1","SELECT name, indepyear, surfacearea FROM country ORDER BY population ASC LIMIT 1","SELECT T1.name, T1.indepyear, T1.surfacearea FROM country AS T1 ORDER BY T1.population ASC LIMIT 1  Step-by-Step Sub-Questions:   ",0,0
"What are the population, name and leader of the country with the largest area?",medium,"SELECT Name ,  population ,  HeadOfState FROM country ORDER BY SurfaceArea DESC LIMIT 1","SELECT T1.population, T1.name, T1.headofstate FROM country AS T1 ORDER BY T1.surfacearea DESC LIMIT 1","SELECT T1.population, T1.name, T1.headofstate FROM country AS T1 ORDER BY T1.surfacearea DESC LIMIT 1  Step-by-Step Sub-Questions:   ",0,0
"Give the name, population, and head of state for the country that has the largest area.",medium,"SELECT Name ,  population ,  HeadOfState FROM country ORDER BY SurfaceArea DESC LIMIT 1","SELECT name, population, headofstate FROM country ORDER BY surfacearea DESC LIMIT 1","SELECT T1.name, T1.population, T1.headofstate FROM country AS T1 ORDER BY T1.surfacearea DESC LIMIT 1  Step-by-Step Sub-Questions:   ",1,0
Return the country name and the numbers of languages spoken for each country that speaks at least 3 languages.,medium,"SELECT COUNT(T2.Language) ,  T1.Name FROM country AS T1 JOIN countrylanguage AS T2 ON T1.Code  =  T2.CountryCode GROUP BY T1.Name HAVING COUNT(*)  >  2","SELECT T1.name ,  COUNT(*) FROM country AS T1 JOIN countrylanguage AS T2 ON T1.code = T2.countrycode WHERE T2.percentage > 0 GROUP BY T1.name HAVING COUNT(*) >= 3","SELECT T1.name, COUNT(T2.language) FROM country AS T1 INNER JOIN countrylanguage AS T2 ON T1.code = T2.countrycode WHERE T2.percentage > 0 GROUP BY T1.name HAVING COUNT(T2.language) >= 3",0,0
"What are the names of countries that speak more than 2 languages, as well as how many languages they speak?",medium,"SELECT COUNT(T2.Language) ,  T1.Name FROM country AS T1 JOIN countrylanguage AS T2 ON T1.Code  =  T2.CountryCode GROUP BY T1.Name HAVING COUNT(*)  >  2","SELECT T1.name, COUNT(T2.language) FROM country AS T1 JOIN countrylanguage AS T2 ON T1.code = T2.countrycode GROUP BY T1.name HAVING COUNT(T2.language) > 2","SELECT T1.name, COUNT(T2.language) FROM country AS T1 INNER JOIN countrylanguage AS T2 ON T1.code = T2.countrycode GROUP BY T1.name HAVING COUNT(T2.language) > 2",0,0
Find the number of cities in each district whose population is greater than the average population of cities?,extra,"SELECT count(*) ,  District FROM city WHERE Population  >  (SELECT avg(Population) FROM city) GROUP BY District","SELECT T1.district, COUNT(T1.id) FROM city AS T1 WHERE T1.population > ( SELECT AVG(population) FROM city ) GROUP BY T1.district","SELECT T1.district, COUNT(T1.id) FROM city AS T1 WHERE T1.population > (SELECT AVG(population) FROM city) GROUP BY T1.district",0,0
How many cities in each district have a population that is above the average population across all cities?,extra,"SELECT count(*) ,  District FROM city WHERE Population  >  (SELECT avg(Population) FROM city) GROUP BY District","SELECT T1.district, COUNT(T1.id) FROM city AS T1 WHERE T1.population > ( SELECT AVG(population) FROM city ) GROUP BY T1.district","SELECT T1.district, COUNT(T1.id) FROM city AS T1 GROUP BY T1.district HAVING AVG(T1.population) < AVG(T1.population) OVER ()",0,0
Find the government form name and total population for each government form whose average life expectancy is longer than 72.,medium,"SELECT sum(Population) ,  GovernmentForm FROM country GROUP BY GovernmentForm HAVING avg(LifeExpectancy)  >  72","SELECT T1.governmentform ,  sum(T1.population) FROM country AS T1 JOIN countrylanguage AS T2 ON T1.code = T2.countrycode GROUP BY T1.governmentform HAVING avg(T1.lifeexpectancy) > 72","SELECT T1.governmentform, SUM(T1.population) FROM country AS T1 INNER JOIN countrylanguage AS T2 ON T1.code = T2.countrycode GROUP BY T1.governmentform HAVING AVG(T1.lifeexpectancy) > 72",0,0
What are the different government forms and what is the total population of each for government forms that have an average life expectancy greater than 72?,medium,"SELECT sum(Population) ,  GovernmentForm FROM country GROUP BY GovernmentForm HAVING avg(LifeExpectancy)  >  72","Select the government form and sum the population from the country table where the life expectancy is greater than 72, grouping by government form.  SQLite Query: SELECT governmentform, SUM(population) FROM country WHERE lifeexpectancy > 72 GROUP BY governmentform","SELECT T1.governmentform, SUM(T1.population) FROM country AS T1 INNER JOIN countrylanguage AS T2 ON T1.code = T2.countrycode GROUP BY T1.governmentform HAVING AVG(T1.lifeexpectancy) > 72",0,0
Find the average life expectancy and total population for each continent where the average life expectancy is shorter than 72?,medium,"SELECT sum(Population) ,  avg(LifeExpectancy) ,  Continent FROM country GROUP BY Continent HAVING avg(LifeExpectancy)  <  72","SELECT T1.continent, AVG(T1.lifeexpectancy) AS avg_life_expectancy, SUM(T1.population) AS total_population FROM country AS T1 GROUP BY T1.continent HAVING AVG(T1.lifeexpectancy) < 72","SELECT T1.continent, AVG(T1.lifeexpectancy), SUM(T1.population) FROM country AS T1 GROUP BY T1.continent HAVING AVG(T1.lifeexpectancy) < 72",0,0
"What are the different continents and the total popuation and average life expectancy corresponding to each, for continents that have an average life expectancy less than 72?",medium,"SELECT sum(Population) ,  avg(LifeExpectancy) ,  Continent FROM country GROUP BY Continent HAVING avg(LifeExpectancy)  <  72","SELECT T1.continent ,  sum(T1.population) ,  avg(T1.lifeexpectancy) FROM country AS T1 GROUP BY T1.continent HAVING avg(T1.lifeexpectancy) < 72","SELECT T1.continent, SUM(T1.population), AVG(T1.lifeexpectancy) FROM country AS T1 GROUP BY T1.continent HAVING AVG(T1.lifeexpectancy) < 72",0,0
What are the names and areas of countries with the top 5 largest area?,medium,"SELECT Name ,  SurfaceArea FROM country ORDER BY SurfaceArea DESC LIMIT 5","SELECT name, surfacearea FROM country ORDER BY surfacearea DESC LIMIT 5","SELECT name, surfacearea FROM country ORDER BY surfacearea DESC LIMIT 5",1,1
Return the names and surface areas of the 5 largest countries.,medium,"SELECT Name ,  SurfaceArea FROM country ORDER BY SurfaceArea DESC LIMIT 5","SELECT name, surfacearea FROM country ORDER BY surfacearea DESC LIMIT 5","SELECT name, surfacearea FROM country ORDER BY surfacearea DESC LIMIT 5  Step-by-Step Sub-Questions: . What countries are we interested in? 2. What information do we need to retrieve for these countries? 3. How should we sort the countries to get the largest ones first? 4. How many countries should we return? 5. What is the final SQL query to achieve this?",1,0
What are names of countries with the top 3 largest population?,medium,SELECT Name FROM country ORDER BY Population DESC LIMIT 3,SELECT name FROM country ORDER BY population DESC LIMIT 3,SELECT name FROM country ORDER BY population DESC LIMIT 3  Step-by-Step Sub-Questions: . What countries are in the database? 2. How can we sort these countries by population? 3. How can we limit the results to the top 3 countries? 4. What are the names of these countries?,1,0
Return the names of the 3 most populated countries.,medium,SELECT Name FROM country ORDER BY Population DESC LIMIT 3,SELECT name FROM country ORDER BY population DESC LIMIT 3,SELECT name FROM country ORDER BY population DESC LIMIT 3  Step-by-Step Sub-Questions: . What countries are in the database? 2. How can we determine the population of each country? 3. How do we sort the countries by their population in descending order? 4. How do we limit the result to the top 3 countries? 5. What is the final SQL query to retrieve the names of the 3 most populated countries?,1,0
What are the names of the nations with the 3 lowest populations?,medium,SELECT Name FROM country ORDER BY Population ASC LIMIT 3,SELECT name FROM country ORDER BY population ASC LIMIT 3,"SELECT name FROM country ORDER BY population ASC LIMIT 3  Step-by-Step Sub-Questions: . What countries are in the database? 2. Among these countries, which ones have the lowest populations? 3. How can we order the countries by their population in ascending order? 4. How can we limit the result to the top 3 countries? 5. What are the names of these countries?",1,0
Return the names of the 3 countries with the fewest people.,medium,SELECT Name FROM country ORDER BY Population ASC LIMIT 3,SELECT name FROM country ORDER BY population ASC LIMIT 3,SELECT name FROM country ORDER BY population ASC LIMIT 3  Step-by-Step Sub-Questions: . What countries are in the database? 2. How can we sort these countries by population? 3. How can we limit the result to the top 3 countries? 4. What is the column that contains the country names?,1,0
how many countries are in Asia?,easy,"SELECT count(*) FROM country WHERE continent  =  ""Asia""",SELECT count(*) FROM country WHERE continent = 'Asia',SELECT COUNT(*) FROM country WHERE continent = 'Asia',1,1
Count the number of countries in Asia.,easy,"SELECT count(*) FROM country WHERE continent  =  ""Asia""",SELECT COUNT(*) FROM country WHERE continent = 'Asia',SELECT COUNT(*) FROM country WHERE continent = 'Asia',1,1
What are the names of the countries that are in the continent of Europe and have a population of 80000?,medium,"SELECT Name FROM country WHERE continent  =  ""Europe"" AND Population  =  ""80000""",SELECT name FROM country WHERE continent = 'Europe' AND population = 80000,SELECT T1.name FROM country AS T1 WHERE T1.continent = 'Europe' AND T1.population = 80000,1,1
Give the names of countries that are in Europe and have a population equal to 80000.,medium,"SELECT Name FROM country WHERE continent  =  ""Europe"" AND Population  =  ""80000""",SELECT name FROM country WHERE continent = 'Europe' AND population = 80000,SELECT T1.name FROM country AS T1 WHERE T1.continent = 'Europe' AND T1.population = 80000,1,1
What is the total population and average area of countries in the continent of North America whose area is bigger than 3000 ?,hard,"select sum(population) ,  avg(surfacearea) from country where continent  =  ""north america"" and surfacearea  >  3000","SELECT sum(T1.population) ,  avg(T1.surfacearea) FROM country AS T1 WHERE T1.continent = 'North America' AND T1.surfacearea > 3000","SELECT sum(T1.population), avg(T1.surfacearea) FROM country AS T1 WHERE T1.continent = 'North America' AND T1.surfacearea > 3000",0,0
Give the total population and average surface area corresponding to countries in North America that have a surface area greater than 3000 .,hard,"select sum(population) ,  avg(surfacearea) from country where continent  =  ""north america"" and surfacearea  >  3000","SELECT sum(T1.population) ,  avg(T1.surfacearea) FROM country AS T1 WHERE T1.continent = 'North America' AND T1.surfacearea > 3000","SELECT sum(T1.population), avg(T1.surfacearea) FROM country AS T1 WHERE T1.continent = 'North America' AND T1.surfacearea > 3000",0,0
What are the cities whose population is between 160000 and 900000?,easy,SELECT name FROM city WHERE Population BETWEEN 160000 AND 900000,SELECT name FROM city WHERE population BETWEEN 160000 AND 900000,SELECT name FROM city WHERE population BETWEEN 160000 AND 900000,1,1
Return the names of cities that have a population between 160000 and 900000 .,easy,select name from city where population between 160000 and 900000,SELECT name FROM city WHERE population BETWEEN 160000 AND 900000,SELECT name FROM city WHERE population BETWEEN 160000 AND 900000,1,1
Which language is spoken by the largest number of countries?,hard,SELECT LANGUAGE FROM countrylanguage GROUP BY LANGUAGE ORDER BY count(*) DESC LIMIT 1,SELECT language FROM countrylanguage GROUP BY language ORDER BY COUNT(*) DESC LIMIT 1,SELECT T2.language FROM country AS T1 INNER JOIN countrylanguage AS T2 ON T1.code = T2.countrycode GROUP BY T2.language ORDER BY COUNT(T2.language) DESC LIMIT 1,1,1
Give the language that is spoken in the most countries.,hard,SELECT LANGUAGE FROM countrylanguage GROUP BY LANGUAGE ORDER BY count(*) DESC LIMIT 1,SELECT language FROM countrylanguage GROUP BY language ORDER BY COUNT(*) DESC LIMIT 1,SELECT T2.language FROM country AS T1 INNER JOIN countrylanguage AS T2 ON T1.code = T2.countrycode GROUP BY T2.language ORDER BY COUNT(T1.code) DESC LIMIT 1,1,1
What is the language spoken by the largest percentage of people in each country?,medium,"SELECT LANGUAGE ,  CountryCode ,  max(Percentage) FROM countrylanguage GROUP BY CountryCode","SELECT T1.name, T2.language, T2.percentage FROM country AS T1 JOIN countrylanguage AS T2 ON T1.code = T2.countrycode WHERE T2.percentage = ( SELECT MAX(percentage) FROM countrylanguage WHERE countrycode = T1.code ) GROUP BY T1.name","SELECT T1.name, T2.language, T2.percentage FROM country AS T1 INNER JOIN countrylanguage AS T2 ON T1.code = T2.countrycode WHERE T2.isofficial = 0 AND T2.percentage = ( SELECT MAX(percentage) FROM countrylanguage WHERE countrycode = T1.code ) GROUP BY T1.name",0,0
"What are the country codes of the different countries, and what are the languages spoken by the greatest percentage of people for each?",medium,"SELECT LANGUAGE ,  CountryCode ,  max(Percentage) FROM countrylanguage GROUP BY CountryCode","SELECT T1.code, T2.language FROM country AS T1 JOIN countrylanguage AS T2 ON T1.code = T2.countrycode WHERE T2.percentage = ( SELECT MAX(percentage) FROM countrylanguage WHERE countrycode = T1.code ) GROUP BY T1.code","SELECT T1.code, T2.language FROM country AS T1 INNER JOIN countrylanguage AS T2 ON T1.code = T2.countrycode WHERE T2.percentage = ( SELECT MAX(percentage) FROM countrylanguage WHERE countrycode = T1.code )",0,0
What is the total number of countries where Spanish is spoken by the largest percentage of people?,extra,"SELECT count(*) ,   max(Percentage) FROM countrylanguage WHERE LANGUAGE  =  ""Spanish"" GROUP BY CountryCode",SELECT COUNT(*) FROM countrylanguage WHERE language = 'Spanish' AND percentage = ( SELECT MAX(percentage) FROM countrylanguage WHERE language = 'Spanish' ) ,SELECT COUNT(T1.code) FROM country AS T1 INNER JOIN countrylanguage AS T2 ON T1.code = T2.countrycode WHERE T2.language = 'Spanish' AND T2.percentage = ( SELECT MAX(percentage) FROM countrylanguage WHERE language = 'Spanish' ),0,0
Count the number of countries for which Spanish is the predominantly spoken language.,extra,"SELECT count(*) ,   max(Percentage) FROM countrylanguage WHERE LANGUAGE  =  ""Spanish"" GROUP BY CountryCode",SELECT COUNT(*) FROM countrylanguage WHERE language = 'Spanish' AND percentage = ( SELECT MAX(percentage) FROM countrylanguage WHERE language = 'Spanish' ),SELECT COUNT(T1.code) FROM country AS T1 INNER JOIN countrylanguage AS T2 ON T1.code = T2.countrycode WHERE T2.language = 'Spanish' AND T2.percentage = (SELECT MAX(percentage) FROM countrylanguage WHERE language = 'Spanish'),0,0
What are the codes of countries where Spanish is spoken by the largest percentage of people?,medium,"SELECT CountryCode ,  max(Percentage) FROM countrylanguage WHERE LANGUAGE  =  ""Spanish"" GROUP BY CountryCode",NULL,SELECT T1.code FROM country AS T1 INNER JOIN countrylanguage AS T2 ON T1.code = T2.countrycode WHERE T2.language = 'Spanish' ORDER BY T2.percentage DESC LIMIT 1,0,0
Return the codes of countries for which Spanish is the predominantly spoken language.,medium,"SELECT CountryCode ,  max(Percentage) FROM countrylanguage WHERE LANGUAGE  =  ""Spanish"" GROUP BY CountryCode",SELECT countrycode FROM countrylanguage WHERE language = 'Spanish' AND percentage = ( SELECT MAX(percentage) FROM countrylanguage WHERE language = 'Spanish' ),SELECT countrycode FROM countrylanguage WHERE language = 'Spanish' AND percentage > 50,0,0
How many conductors are there?,easy,SELECT count(*) FROM conductor,SELECT COUNT(*) FROM conductor,SELECT COUNT(conductor_id) FROM conductor,1,1
Count the number of conductors.,easy,SELECT count(*) FROM conductor,SELECT COUNT(*) FROM conductor,SELECT COUNT(conductor_id) FROM conductor,1,1
List the names of conductors in ascending order of age.,easy,SELECT Name FROM conductor ORDER BY Age ASC,SELECT name FROM conductor ORDER BY age ASC,SELECT name FROM conductor ORDER BY age ASC,1,1
"What are the names of conductors, ordered by age?",easy,SELECT Name FROM conductor ORDER BY Age ASC,SELECT name FROM conductor ORDER BY age,SELECT name FROM conductor ORDER BY age,1,1
"What are the names of conductors whose nationalities are not ""USA""?",easy,SELECT Name FROM conductor WHERE Nationality != 'USA',SELECT name FROM conductor WHERE nationality != 'USA',SELECT name FROM conductor WHERE nationality != 'USA',1,1
"Return the names of conductors that do not have the nationality ""USA"".",easy,SELECT Name FROM conductor WHERE Nationality != 'USA',SELECT name FROM conductor WHERE nationality != 'USA',SELECT name FROM conductor WHERE nationality != 'USA',1,1
What are the record companies of orchestras in descending order of years in which they were founded?,easy,SELECT Record_Company FROM orchestra ORDER BY Year_of_Founded DESC,SELECT record_company FROM orchestra ORDER BY year_of_founded DESC,SELECT record_company FROM orchestra ORDER BY year_of_founded DESC,1,1
"Return the record companies of orchestras, sorted descending by the years in which they were founded.",easy,SELECT Record_Company FROM orchestra ORDER BY Year_of_Founded DESC,SELECT record_company FROM orchestra ORDER BY year_of_founded DESC,SELECT record_company FROM orchestra ORDER BY year_of_founded DESC,1,1
What is the average attendance of shows?,easy,SELECT avg(Attendance) FROM SHOW,SELECT AVG(attendance) FROM show,SELECT AVG(attendance) FROM show,1,1
Return the average attendance across all shows.,easy,SELECT avg(Attendance) FROM SHOW,SELECT AVG(attendance) FROM show,SELECT AVG(attendance) FROM show,1,1
"What are the maximum and minimum share of performances whose type is not ""Live final"".",medium,"SELECT max(SHARE) ,  min(SHARE) FROM performance WHERE TYPE != ""Live final""","SELECT max(share) ,  min(share) FROM performance WHERE type != 'Live final'","SELECT MAX(share), MIN(share) FROM performance WHERE type != 'Live final'",1,1
"Return the maximum and minimum shares for performances that do not have the type ""Live final"".",medium,"SELECT max(SHARE) ,  min(SHARE) FROM performance WHERE TYPE != ""Live final""","SELECT max(share), min(share) FROM performance WHERE type != 'Live final'","SELECT max(share), min(share) FROM performance WHERE type != 'Live final'",1,1
How many different nationalities do conductors have?,easy,SELECT count(DISTINCT Nationality) FROM conductor,SELECT COUNT(DISTINCT nationality) FROM conductor,SELECT COUNT(DISTINCT nationality) FROM conductor,1,1
Count the number of different nationalities of conductors.,easy,SELECT count(DISTINCT Nationality) FROM conductor,SELECT COUNT(DISTINCT nationality) FROM conductor,SELECT COUNT(DISTINCT nationality) FROM conductor  Step-by-Step Sub-Questions: 1. What information do we need to count? 2. How should we identify different nationalities? 3. What SQL function should we use to count distinct values? 4. From which table should we retrieve the data?,1,0
List names of conductors in descending order of years of work.,easy,SELECT Name FROM conductor ORDER BY Year_of_Work DESC,SELECT name FROM conductor ORDER BY year_of_work DESC,SELECT name FROM conductor ORDER BY year_of_work DESC,1,1
"What are the names of conductors, sorted descending by the number of years they have worked?",easy,SELECT Name FROM conductor ORDER BY Year_of_Work DESC,SELECT T1.name FROM conductor AS T1 ORDER BY T1.year_of_work DESC,SELECT T1.name FROM conductor AS T1 ORDER BY T1.year_of_work DESC  Step-by-Step Sub-Questions: 1. What are the names of the conductors? 2. How many years have each conductor worked? 3. Sort the conductors by the number of years they have worked in descending order.,1,0
List the name of the conductor with the most years of work.,medium,SELECT Name FROM conductor ORDER BY Year_of_Work DESC LIMIT 1,SELECT name FROM conductor ORDER BY year_of_work DESC LIMIT 1,SELECT T1.name FROM conductor AS T1 ORDER BY T1.year_of_work DESC LIMIT 1  Step-by-Step Sub-Questions: 1. What is the name of the conductor? 2. How many years of work does each conductor have? 3. Which conductor has the most years of work? 4. List the name of this conductor.,1,0
What is the name of the conductor who has worked the greatest number of years?,medium,SELECT Name FROM conductor ORDER BY Year_of_Work DESC LIMIT 1,SELECT name FROM conductor ORDER BY year_of_work DESC LIMIT 1,SELECT T1.name FROM conductor AS T1 INNER JOIN orchestra AS T2 ON T1.conductor_id = T2.conductor_id GROUP BY T1.name ORDER BY COUNT(T2.year_of_founded) DESC LIMIT 1,1,0
Show the names of conductors and the orchestras they have conducted.,medium,"SELECT T1.Name ,  T2.Orchestra FROM conductor AS T1 JOIN orchestra AS T2 ON T1.Conductor_ID  =  T2.Conductor_ID","SELECT T1.name ,  T2.orchestra FROM conductor AS T1 JOIN orchestra AS T2 ON T1.conductor_id  =  T2.conductor_id","SELECT T1.name, T2.orchestra FROM conductor AS T1 INNER JOIN orchestra AS T2 ON T1.conductor_id = T2.conductor_id  Step-by-Step Sub-Questions: 1. What are the names of the conductors? 2. What are the names of the orchestras? 3. How are conductors and orchestras related? 4. What is the relationship between conductors and the orchestras they have conducted? 5. How can we join the conductor and orchestra tables to get the required information?",1,0
What are the names of conductors as well as the corresonding orchestras that they have conducted?,medium,"SELECT T1.Name ,  T2.Orchestra FROM conductor AS T1 JOIN orchestra AS T2 ON T1.Conductor_ID  =  T2.Conductor_ID","SELECT T1.name ,  T2.orchestra FROM conductor AS T1 JOIN orchestra AS T2 ON T1.conductor_id  =  T2.conductor_id","SELECT T1.name, T2.orchestra FROM conductor AS T1 INNER JOIN orchestra AS T2 ON T1.conductor_id = T2.conductor_id  Step-by-Step Sub-Questions: . What are the names of the conductors? 2. What are the names of the orchestras? 3. How are conductors and orchestras related? 4. How can we join the conductor and orchestra tables to get the required information? 5. What columns should we select from the joined tables?",1,0
Show the names of conductors that have conducted more than one orchestras.,medium,SELECT T1.Name FROM conductor AS T1 JOIN orchestra AS T2 ON T1.Conductor_ID  =  T2.Conductor_ID GROUP BY T2.Conductor_ID HAVING COUNT(*)  >  1,SELECT T1.name FROM conductor AS T1 JOIN orchestra AS T2 ON T1.conductor_id = T2.conductor_id GROUP BY T1.name HAVING COUNT(DISTINCT T2.orchestra_id) > 1,SELECT T1.name FROM conductor AS T1 INNER JOIN orchestra AS T2 ON T1.conductor_id = T2.conductor_id GROUP BY T1.name HAVING COUNT(T2.orchestra_id) > 1,1,1
What are the names of conductors who have conducted at more than one orchestra?,medium,SELECT T1.Name FROM conductor AS T1 JOIN orchestra AS T2 ON T1.Conductor_ID  =  T2.Conductor_ID GROUP BY T2.Conductor_ID HAVING COUNT(*)  >  1,SELECT T1.name FROM conductor AS T1 JOIN orchestra AS T2 ON T1.conductor_id = T2.conductor_id GROUP BY T1.name HAVING COUNT(DISTINCT T2.orchestra_id) > 1,SELECT T1.name FROM conductor AS T1 INNER JOIN orchestra AS T2 ON T1.conductor_id = T2.conductor_id GROUP BY T1.name HAVING COUNT(DISTINCT T2.orchestra_id) > 1,1,1
Show the name of the conductor that has conducted the most number of orchestras.,extra,SELECT T1.Name FROM conductor AS T1 JOIN orchestra AS T2 ON T1.Conductor_ID  =  T2.Conductor_ID GROUP BY T2.Conductor_ID ORDER BY COUNT(*) DESC LIMIT 1,SELECT T1.name FROM conductor AS T1 JOIN orchestra AS T2 ON T1.conductor_id = T2.conductor_id GROUP BY T1.name ORDER BY COUNT(*) DESC LIMIT 1,SELECT T1.name FROM conductor AS T1 INNER JOIN orchestra AS T2 ON T1.conductor_id = T2.conductor_id GROUP BY T1.name ORDER BY COUNT(*) DESC LIMIT 1,0,0
What is the name of the conductor who has conducted the most orchestras?,extra,SELECT T1.Name FROM conductor AS T1 JOIN orchestra AS T2 ON T1.Conductor_ID  =  T2.Conductor_ID GROUP BY T2.Conductor_ID ORDER BY COUNT(*) DESC LIMIT 1,SELECT T1.name FROM conductor AS T1 JOIN orchestra AS T2 ON T1.conductor_id = T2.conductor_id GROUP BY T1.name ORDER BY COUNT(T2.orchestra_id) DESC LIMIT 1,SELECT T1.name FROM conductor AS T1 INNER JOIN orchestra AS T2 ON T1.conductor_id = T2.conductor_id GROUP BY T1.name ORDER BY COUNT(*) DESC LIMIT 1,0,0
Please show the name of the conductor that has conducted orchestras founded after 2008.,medium,SELECT T1.Name FROM conductor AS T1 JOIN orchestra AS T2 ON T1.Conductor_ID  =  T2.Conductor_ID WHERE Year_of_Founded  >  2008,SELECT T1.name FROM conductor AS T1 JOIN orchestra AS T2 ON T1.conductor_id = T2.conductor_id WHERE T2.year_of_founded > 2008,SELECT T1.name FROM conductor AS T1 INNER JOIN orchestra AS T2 ON T1.conductor_id = T2.conductor_id WHERE T2.year_of_founded > 2008,1,1
What are the names of conductors who have conducted orchestras founded after the year 2008?,medium,SELECT T1.Name FROM conductor AS T1 JOIN orchestra AS T2 ON T1.Conductor_ID  =  T2.Conductor_ID WHERE Year_of_Founded  >  2008,SELECT T1.name FROM conductor AS T1 JOIN orchestra AS T2 ON T1.conductor_id = T2.conductor_id WHERE T2.year_of_founded > 2008,SELECT T1.name FROM conductor AS T1 INNER JOIN orchestra AS T2 ON T1.conductor_id = T2.conductor_id WHERE T2.year_of_founded > 2008,1,1
Please show the different record companies and the corresponding number of orchestras.,medium,"SELECT Record_Company ,  COUNT(*) FROM orchestra GROUP BY Record_Company","SELECT record_company ,  COUNT(*) FROM orchestra GROUP BY record_company","SELECT record_company ,  COUNT(*) FROM orchestra GROUP BY record_company  Step-by-Step Sub-Questions: 1. What record companies are there? 2. How many orchestras does each record company have? 3. Show the record companies and the number of orchestras they have.",1,0
How many orchestras does each record company manage?,medium,"SELECT Record_Company ,  COUNT(*) FROM orchestra GROUP BY Record_Company","SELECT record_company, COUNT(*) FROM orchestra GROUP BY record_company","SELECT T2.record_company, COUNT(T1.orchestra_id) FROM orchestra AS T1 INNER JOIN conductor AS T2 ON T1.conductor_id = T2.conductor_id GROUP BY T2.record_company",1,0
Please show the record formats of orchestras in ascending order of count.,medium,SELECT Major_Record_Format FROM orchestra GROUP BY Major_Record_Format ORDER BY COUNT(*) ASC,SELECT major_record_format FROM orchestra GROUP BY major_record_format ORDER BY COUNT(*) ASC,SELECT major_record_format FROM orchestra GROUP BY major_record_format ORDER BY COUNT(*) ASC,1,1
"What are the major record formats of orchestras, sorted by their frequency?",medium,SELECT Major_Record_Format FROM orchestra GROUP BY Major_Record_Format ORDER BY COUNT(*) ASC,SELECT major_record_format FROM orchestra GROUP BY major_record_format ORDER BY COUNT(*) DESC,SELECT major_record_format FROM orchestra GROUP BY major_record_format ORDER BY COUNT(*) DESC,1,1
List the record company shared by the most number of orchestras.,hard,SELECT Record_Company FROM orchestra GROUP BY Record_Company ORDER BY COUNT(*) DESC LIMIT 1,SELECT record_company FROM orchestra GROUP BY record_company ORDER BY COUNT(*) DESC LIMIT 1,SELECT T1.record_company FROM orchestra AS T1 INNER JOIN performance AS T2 ON T1.orchestra_id = T2.orchestra_id GROUP BY T1.record_company ORDER BY COUNT(*) DESC LIMIT 1,1,1
What is the record company used by the greatest number of orchestras?,hard,SELECT Record_Company FROM orchestra GROUP BY Record_Company ORDER BY COUNT(*) DESC LIMIT 1,SELECT record_company FROM orchestra GROUP BY record_company ORDER BY COUNT(*) DESC LIMIT 1,SELECT record_company FROM orchestra GROUP BY record_company ORDER BY COUNT(*) DESC LIMIT 1,1,1
List the names of orchestras that have no performance.,hard,SELECT Orchestra FROM orchestra WHERE Orchestra_ID NOT IN (SELECT Orchestra_ID FROM performance),SELECT orchestra FROM orchestra WHERE orchestra_id NOT IN ( SELECT orchestra_id FROM performance ) ,SELECT orchestra FROM orchestra WHERE orchestra_id NOT IN (SELECT orchestra_id FROM performance),1,1
What are the orchestras that do not have any performances?,hard,SELECT Orchestra FROM orchestra WHERE Orchestra_ID NOT IN (SELECT Orchestra_ID FROM performance),SELECT orchestra FROM orchestra WHERE orchestra_id NOT IN ( SELECT orchestra_id FROM performance ) ,SELECT orchestra FROM orchestra WHERE orchestra_id NOT IN (SELECT orchestra_id FROM performance),1,1
Show the record companies shared by orchestras founded before 2003 and after 2003.,hard,SELECT Record_Company FROM orchestra WHERE Year_of_Founded  <  2003 INTERSECT SELECT Record_Company FROM orchestra WHERE Year_of_Founded  >  2003,SELECT record_company FROM orchestra WHERE year_of_founded < 2003 INTERSECT SELECT record_company FROM orchestra WHERE year_of_founded > 2003,SELECT T1.record_company FROM orchestra AS T1 WHERE T1.year_of_founded < 2003 INTERSECT SELECT T1.record_company FROM orchestra AS T1 WHERE T1.year_of_founded > 2003,1,1
What are the record companies that are used by both orchestras founded before 2003 and those founded after 2003?,hard,SELECT Record_Company FROM orchestra WHERE Year_of_Founded  <  2003 INTERSECT SELECT Record_Company FROM orchestra WHERE Year_of_Founded  >  2003,SELECT record_company FROM orchestra WHERE year_of_founded < 2003 INTERSECT SELECT record_company FROM orchestra WHERE year_of_founded > 2003,SELECT record_company FROM orchestra WHERE year_of_founded < 2003 INTERSECT SELECT record_company FROM orchestra WHERE year_of_founded > 2003,1,1
"Find the number of orchestras whose record format is ""CD"" or ""DVD"".",medium,"SELECT COUNT(*) FROM orchestra WHERE Major_Record_Format  =  ""CD"" OR Major_Record_Format  =  ""DVD""","SELECT COUNT(*) FROM orchestra WHERE major_record_format IN ('CD', 'DVD')","SELECT COUNT(*) FROM orchestra WHERE major_record_format IN ('CD', 'DVD')",1,1
Count the number of orchestras that have CD or DVD as their record format.,medium,"SELECT COUNT(*) FROM orchestra WHERE Major_Record_Format  =  ""CD"" OR Major_Record_Format  =  ""DVD""","SELECT COUNT(*) FROM orchestra WHERE major_record_format IN ('CD', 'DVD')","SELECT COUNT(*) FROM orchestra WHERE major_record_format IN ('CD', 'DVD')",1,1
Show the years in which orchestras that have given more than one performance are founded.,medium,SELECT Year_of_Founded FROM orchestra AS T1 JOIN performance AS T2 ON T1.Orchestra_ID  =  T2.Orchestra_ID GROUP BY T2.Orchestra_ID HAVING COUNT(*)  >  1,SELECT T1.year_of_founded FROM orchestra AS T1 JOIN performance AS T2 ON T1.orchestra_id = T2.orchestra_id GROUP BY T1.orchestra_id HAVING COUNT(T2.performance_id) > 1,SELECT T2.year_of_founded FROM performance AS T1 INNER JOIN orchestra AS T2 ON T1.orchestra_id = T2.orchestra_id GROUP BY T2.orchestra_id HAVING COUNT(T1.performance_id) > 1,1,1
What are years of founding for orchestras that have had more than a single performance?,medium,SELECT Year_of_Founded FROM orchestra AS T1 JOIN performance AS T2 ON T1.Orchestra_ID  =  T2.Orchestra_ID GROUP BY T2.Orchestra_ID HAVING COUNT(*)  >  1,SELECT T1.year_of_founded FROM orchestra AS T1 JOIN performance AS T2 ON T1.orchestra_id = T2.orchestra_id GROUP BY T1.orchestra_id HAVING COUNT(T2.performance_id) > 1,SELECT T2.year_of_founded FROM performance AS T1 INNER JOIN orchestra AS T2 ON T1.orchestra_id = T2.orchestra_id GROUP BY T2.orchestra_id HAVING COUNT(T1.performance_id) > 1,1,1
How many high schoolers are there?,easy,SELECT count(*) FROM Highschooler,SELECT count(*) FROM highschooler,SELECT count(*) FROM highschooler  Step-by-Step Sub-Questions: 1. What table contains information about high schoolers? 2. How can we count the number of rows in this table to find the total number of high schoolers?,1,0
Count the number of high schoolers.,easy,SELECT count(*) FROM Highschooler,SELECT count(*) FROM highschooler,SELECT COUNT(*) FROM highschooler  Step-by-Step Sub-Questions: 1. What table contains information about high schoolers? 2. How many rows are in this table? 3. What is the total count of high schoolers?,1,0
Show the names and grades of each high schooler.,medium,"SELECT name ,  grade FROM Highschooler","SELECT name ,  grade FROM highschooler","SELECT name, grade FROM highschooler",1,1
What are the names and grades for each high schooler?,medium,"SELECT name ,  grade FROM Highschooler","SELECT name ,  grade FROM highschooler","SELECT name, grade FROM highschooler",1,1
Show all the grades of the high schoolers.,easy,SELECT grade FROM Highschooler,SELECT DISTINCT grade FROM highschooler,SELECT DISTINCT grade FROM highschooler  Step-by-Step Sub-Questions: 1. What table contains information about high schoolers? 2. What column in the high schooler table contains the grade information? 3. How can we ensure that each grade is listed only once?,1,0
What is the grade of each high schooler?,easy,SELECT grade FROM Highschooler,SELECT grade FROM highschooler,SELECT grade FROM highschooler  Step-by-Step Sub-Questions: 1. What table contains information about high schoolers? 2. What column in this table contains the grade of each high schooler?,1,0
What grade is Kyle in?,easy,"SELECT grade FROM Highschooler WHERE name  =  ""Kyle""",SELECT grade FROM highschooler WHERE name = 'Kyle',SELECT grade FROM highschooler WHERE name = 'Kyle',1,1
Return the grade for the high schooler named Kyle.,easy,"SELECT grade FROM Highschooler WHERE name  =  ""Kyle""",SELECT grade FROM highschooler WHERE name = 'Kyle',SELECT grade FROM highschooler WHERE name = 'Kyle',1,1
Show the names of all high schoolers in grade 10.,easy,SELECT name FROM Highschooler WHERE grade  =  10,SELECT name FROM highschooler WHERE grade = 10,SELECT name FROM highschooler WHERE grade = 10,1,1
What are the names of all high schoolers in grade 10?,easy,SELECT name FROM Highschooler WHERE grade  =  10,SELECT name FROM highschooler WHERE grade = 10,SELECT name FROM highschooler WHERE grade = 10,1,1
Show the ID of the high schooler named Kyle.,easy,"SELECT ID FROM Highschooler WHERE name  =  ""Kyle""",SELECT id FROM highschooler WHERE name = 'Kyle',SELECT id FROM highschooler WHERE name = 'Kyle',1,1
What is Kyle's id?,easy,"SELECT ID FROM Highschooler WHERE name  =  ""Kyle""",NULL,SELECT id FROM highschooler WHERE name = 'Kyle',0,1
How many high schoolers are there in grade 9 or 10?,medium,SELECT count(*) FROM Highschooler WHERE grade  =  9 OR grade  =  10,Select count(*) from highschooler where grade = 9 or grade = 10,"SELECT COUNT(*) FROM highschooler WHERE grade IN (9, 10)",1,1
Count the number of high schoolers in grades 9 or 10.,medium,SELECT count(*) FROM Highschooler WHERE grade  =  9 OR grade  =  10,"SELECT count(*) FROM highschooler WHERE grade IN (9, 10)","SELECT COUNT(*) FROM highschooler WHERE grade IN (9, 10)",1,1
Show the number of high schoolers for each grade.,medium,"SELECT grade ,  count(*) FROM Highschooler GROUP BY grade","SELECT grade ,  count(*) FROM highschooler GROUP BY grade","SELECT grade ,  count(*) FROM highschooler GROUP BY grade",1,1
How many high schoolers are in each grade?,medium,"SELECT grade ,  count(*) FROM Highschooler GROUP BY grade","SELECT grade, COUNT(*) FROM highschooler GROUP BY grade","SELECT grade, COUNT(*) FROM highschooler GROUP BY grade",1,1
Which grade has the most high schoolers?,hard,SELECT grade FROM Highschooler GROUP BY grade ORDER BY count(*) DESC LIMIT 1,SELECT grade FROM highschooler GROUP BY grade ORDER BY COUNT(*) DESC LIMIT 1,SELECT grade FROM highschooler GROUP BY grade ORDER BY count(*) DESC LIMIT 1  Step-by-Step Sub-Questions: 1. What grades are there in the highschooler table? 2. How many high schoolers are in each grade? 3. Which grade has the highest number of high schoolers?,1,0
Return the grade that has the greatest number of high schoolers.,hard,SELECT grade FROM Highschooler GROUP BY grade ORDER BY count(*) DESC LIMIT 1,SELECT grade FROM highschooler GROUP BY grade ORDER BY count(*) DESC LIMIT 1,SELECT grade FROM highschooler GROUP BY grade ORDER BY count(*) DESC LIMIT 1  Step-by-Step Sub-Questions: 1. What grades are there in the highschooler table? 2. How many high schoolers are in each grade? 3. Which grade has the highest number of high schoolers? 4. Return the grade with the greatest number of high schoolers.,1,0
Show me all grades that have at least 4 students.,easy,SELECT grade FROM Highschooler GROUP BY grade HAVING count(*)  >=  4,SELECT grade FROM highschooler GROUP BY grade HAVING count(*) >= 4,SELECT grade FROM highschooler GROUP BY grade HAVING COUNT(*) >= 4,1,1
Which grades have 4 or more high schoolers?,easy,SELECT grade FROM Highschooler GROUP BY grade HAVING count(*)  >=  4,SELECT grade FROM highschooler GROUP BY grade HAVING COUNT(*) >= 4,SELECT grade FROM highschooler GROUP BY grade HAVING COUNT(*) >= 4  Step-by-Step Sub-Questions: 1. What are the grades of all high schoolers? 2. How many high schoolers are in each grade? 3. Which grades have 4 or more high schoolers?,1,0
Show the student IDs and numbers of friends corresponding to each.,medium,"SELECT student_id ,  count(*) FROM Friend GROUP BY student_id","SELECT T1.student_id ,  count(*) FROM friend AS T1 JOIN friend AS T2 ON T1.student_id  =  T2.friend_id AND T1.friend_id  =  T2.student_id GROUP BY T1.student_id","SELECT T1.student_id ,  COUNT(*) FROM friend AS T1 GROUP BY T1.student_id  Step-by-Step Sub-Questions: 1. What is the table that contains student IDs and their friends? 2. What columns do we need to select from this table? 3. How should we group the results to get the count of friends for each student? 4. What function should we use to count the number of friends for each student?",0,0
How many friends does each student have?,medium,"SELECT student_id ,  count(*) FROM Friend GROUP BY student_id","SELECT student_id, COUNT(friend_id) AS number_of_friends FROM friend GROUP BY student_id","SELECT T1.student_id, COUNT(T2.friend_id) FROM friend AS T1 INNER JOIN friend AS T2 ON T1.student_id = T2.friend_id WHERE T1.student_id < T2.student_id GROUP BY T1.student_id",1,0
Show the names of high school students and their corresponding number of friends.,medium,"SELECT T2.name ,  count(*) FROM Friend AS T1 JOIN Highschooler AS T2 ON T1.student_id  =  T2.id GROUP BY T1.student_id","SELECT T1.name ,  count(*) FROM highschooler AS T1 JOIN friend AS T2 ON T1.id  =  T2.student_id GROUP BY T1.id","SELECT T1.name ,  COUNT(*) FROM highschooler AS T1 JOIN friend AS T2 ON T1.id = T2.student_id GROUP BY T1.id",1,1
What are the names of the high schoolers and how many friends does each have?,medium,"SELECT T2.name ,  count(*) FROM Friend AS T1 JOIN Highschooler AS T2 ON T1.student_id  =  T2.id GROUP BY T1.student_id","SELECT T1.name ,  count(*) FROM highschooler AS T1 JOIN friend AS T2 ON T1.id  =  T2.student_id GROUP BY T1.id","SELECT T1.name ,  count(*) FROM highschooler AS T1 JOIN friend AS T2 ON T1.id = T2.student_id GROUP BY T1.id",1,1
What is the name of the high schooler who has the greatest number of friends?,extra,SELECT T2.name FROM Friend AS T1 JOIN Highschooler AS T2 ON T1.student_id  =  T2.id GROUP BY T1.student_id ORDER BY count(*) DESC LIMIT 1,SELECT T1.name FROM highschooler AS T1 JOIN friend AS T2 ON T1.id = T2.student_id GROUP BY T1.id ORDER BY COUNT(*) DESC LIMIT 1,SELECT T1.name FROM highschooler AS T1 JOIN friend AS T2 ON T1.id = T2.student_id GROUP BY T1.id ORDER BY count(*) DESC LIMIT 1  Step-by-Step Sub-Questions: 1. Which high schoolers have friends? 2. How many friends does each high schooler have? 3. Which high schooler has the greatest number of friends? 4. What is the name of this high schooler?,1,0
Return the name of the high school student with the most friends.,extra,SELECT T2.name FROM Friend AS T1 JOIN Highschooler AS T2 ON T1.student_id  =  T2.id GROUP BY T1.student_id ORDER BY count(*) DESC LIMIT 1,SELECT T1.name FROM highschooler AS T1 JOIN friend AS T2 ON T1.id = T2.student_id GROUP BY T1.id ORDER BY COUNT(*) DESC LIMIT 1,SELECT T1.name FROM highschooler AS T1 JOIN friend AS T2 ON T1.id = T2.student_id GROUP BY T1.id ORDER BY count(*) DESC LIMIT 1  Step-by-Step Sub-Questions: 1. What is the name of each high school student? 2. How many friends does each student have? 3. Which student has the most friends? 4. Return the name of the student with the most friends.,1,0
Show the names of high schoolers who have at least 3 friends.,medium,SELECT T2.name FROM Friend AS T1 JOIN Highschooler AS T2 ON T1.student_id  =  T2.id GROUP BY T1.student_id HAVING count(*)  >=  3,SELECT T1.name FROM highschooler AS T1 JOIN friend AS T2 ON T1.id = T2.student_id GROUP BY T1.id HAVING COUNT(*) >= 3,SELECT T1.name FROM highschooler AS T1 JOIN friend AS T2 ON T1.id = T2.student_id GROUP BY T1.id HAVING COUNT(*) >= 3,1,1
What are the names of high schoolers who have 3 or more friends?,medium,SELECT T2.name FROM Friend AS T1 JOIN Highschooler AS T2 ON T1.student_id  =  T2.id GROUP BY T1.student_id HAVING count(*)  >=  3,SELECT T1.name FROM highschooler AS T1 JOIN friend AS T2 ON T1.id = T2.student_id GROUP BY T1.id HAVING COUNT(*) >= 3,SELECT T1.name FROM highschooler AS T1 JOIN friend AS T2 ON T1.id = T2.student_id GROUP BY T1.id HAVING COUNT(*) >= 3,1,1
Show the names of all of the high schooler Kyle's friends.,hard,"SELECT T3.name FROM Friend AS T1 JOIN Highschooler AS T2 ON T1.student_id  =  T2.id JOIN Highschooler AS T3 ON T1.friend_id  =  T3.id WHERE T2.name  =  ""Kyle""",SELECT T2.name FROM friend AS T1 JOIN highschooler AS T2 ON T1.student_id = T2.id WHERE T1.friend_id = (SELECT id FROM highschooler WHERE name = 'Kyle') AND T2.id != (SELECT id FROM highschooler WHERE name = 'Kyle'),SELECT T2.name FROM highschooler AS T1 JOIN friend AS T2 ON T1.id = T2.student_id WHERE T1.name = 'Kyle' AND T2.friend_id IN (SELECT T3.id FROM highschooler AS T3 WHERE T3.name = 'Kyle'),0,0
Return the names of friends of the high school student Kyle.,hard,"SELECT T3.name FROM Friend AS T1 JOIN Highschooler AS T2 ON T1.student_id  =  T2.id JOIN Highschooler AS T3 ON T1.friend_id  =  T3.id WHERE T2.name  =  ""Kyle""",SELECT T2.name FROM friend AS T1 JOIN highschooler AS T2 ON T1.student_id = T2.id WHERE T1.friend_id = (SELECT id FROM highschooler WHERE name = 'Kyle') AND T2.grade = 9,SELECT T2.name FROM highschooler AS T1 JOIN friend AS T2 ON T1.id = T2.student_id WHERE T1.name = 'Kyle',0,0
How many friends does the high school student Kyle have?,medium,"SELECT count(*) FROM Friend AS T1 JOIN Highschooler AS T2 ON T1.student_id  =  T2.id WHERE T2.name  =  ""Kyle""",NULL,SELECT COUNT(*) FROM friend AS T1 JOIN highschooler AS T2 ON T1.student_id = T2.id WHERE T2.name = 'Kyle',0,1
Count the number of friends Kyle has.,medium,"SELECT count(*) FROM Friend AS T1 JOIN Highschooler AS T2 ON T1.student_id  =  T2.id WHERE T2.name  =  ""Kyle""",SELECT count(*) FROM friend AS T1 JOIN highschooler AS T2 ON T1.student_id = T2.id WHERE T2.name = 'Kyle',SELECT COUNT(*) FROM friend AS T1 JOIN highschooler AS T2 ON T1.student_id = T2.id WHERE T2.name = 'Kyle',1,1
Show ids of all students who do not have any friends.,hard,SELECT id FROM Highschooler EXCEPT SELECT student_id FROM Friend,SELECT id FROM highschooler WHERE id NOT IN (SELECT student_id FROM friend),SELECT id FROM highschooler WHERE id NOT IN (SELECT student_id FROM friend)  Step-by-Step Sub-Questions: 1. What are the ids of all students who have friends? 2. Which students do not have any friends? 3. Show the ids of all students who do not have any friends.,1,0
What are the ids of high school students who do not have friends?,hard,SELECT id FROM Highschooler EXCEPT SELECT student_id FROM Friend,SELECT id FROM highschooler WHERE id NOT IN (SELECT student_id FROM friend),SELECT id FROM highschooler WHERE id NOT IN (SELECT student_id FROM friend),1,1
Show names of all high school students who do not have any friends.,hard,SELECT name FROM Highschooler EXCEPT SELECT T2.name FROM Friend AS T1 JOIN Highschooler AS T2 ON T1.student_id  =  T2.id,SELECT name FROM highschooler WHERE id NOT IN ( SELECT student_id FROM friend ),SELECT name FROM highschooler WHERE id NOT IN (SELECT student_id FROM friend)  Step-by-Step Sub-Questions: 1. What are the names of all high school students? 2. Which students have friends? 3. Which students do not have friends? 4. Show the names of students who do not have friends.,1,0
What are the names of students who have no friends?,hard,SELECT name FROM Highschooler EXCEPT SELECT T2.name FROM Friend AS T1 JOIN Highschooler AS T2 ON T1.student_id  =  T2.id,SELECT name FROM highschooler WHERE id NOT IN (SELECT student_id FROM friend),SELECT name FROM highschooler WHERE id NOT IN (SELECT student_id FROM friend)  Step-by-Step Sub-Questions: 1. What are the names of all students? 2. Which students have friends? 3. Which students do not have friends? 4. What are the names of students who do not have friends?,1,0
Show the ids of high schoolers who have friends and are also liked by someone else.,hard,SELECT student_id FROM Friend INTERSECT SELECT liked_id FROM Likes,SELECT T1.id FROM highschooler AS T1 JOIN friend AS T2 ON T1.id = T2.student_id JOIN likes AS T3 ON T1.id = T3.student_id,SELECT T1.id FROM highschooler AS T1 JOIN friend AS T2 ON T1.id = T2.student_id JOIN likes AS T3 ON T1.id = T3.student_id  Step-by-Step Sub-Questions: 1. Identify high schoolers who have friends. 2. Identify high schoolers who are liked by someone else. 3. Find the intersection of the two groups identified in steps 1 and 2. 4. Show the ids of these high schoolers.,0,0
What are the ids of students who both have friends and are liked?,hard,SELECT student_id FROM Friend INTERSECT SELECT liked_id FROM Likes,SELECT student_id FROM friend INTERSECT SELECT student_id FROM likes,SELECT student_id FROM friend INTERSECT SELECT student_id FROM likes  Step-by-Step Sub-Questions: 1. What are the ids of students who have friends? 2. What are the ids of students who are liked? 3. Which students have both friends and are liked?,0,0
Show name of all students who have some friends and also are liked by someone else.,hard,SELECT T2.name FROM Friend AS T1 JOIN Highschooler AS T2 ON T1.student_id  =  T2.id INTERSECT SELECT T2.name FROM Likes AS T1 JOIN Highschooler AS T2 ON T1.liked_id  =  T2.id,SELECT T1.name FROM highschooler AS T1 JOIN friend AS T2 ON T1.id = T2.student_id JOIN likes AS T3 ON T1.id = T3.student_id,SELECT T1.name FROM highschooler AS T1 JOIN friend AS T2 ON T1.id = T2.student_id JOIN likes AS T3 ON T1.id = T3.student_id  Step-by-Step Sub-Questions: 1. Identify students who have friends. 2. Identify students who are liked by someone else. 3. Find the intersection of students from steps 1 and 2. 4. Retrieve the names of these students.,0,0
What are the names of high schoolers who both have friends and are liked?,hard,SELECT T2.name FROM Friend AS T1 JOIN Highschooler AS T2 ON T1.student_id  =  T2.id INTERSECT SELECT T2.name FROM Likes AS T1 JOIN Highschooler AS T2 ON T1.liked_id  =  T2.id,SELECT T1.name FROM highschooler AS T1 JOIN friend AS T2 ON T1.id = T2.student_id JOIN likes AS T3 ON T1.id = T3.student_id,SELECT T1.name FROM highschooler AS T1 WHERE T1.id IN (SELECT T2.student_id FROM friend AS T2) AND T1.id IN (SELECT T3.student_id FROM likes AS T3),0,0
Count the number of likes for each student id.,medium,"SELECT student_id ,  count(*) FROM Likes GROUP BY student_id","SELECT student_id, COUNT(*) FROM likes GROUP BY student_id","SELECT student_id, COUNT(*) FROM likes GROUP BY student_id",1,1
How many likes correspond to each student id?,medium,"SELECT student_id ,  count(*) FROM Likes GROUP BY student_id","SELECT student_id, COUNT(*) FROM likes GROUP BY student_id","SELECT student_id, COUNT(*) FROM likes GROUP BY student_id",1,1
"Show the names of high schoolers who have likes, and numbers of likes for each.",medium,"SELECT T2.name ,  count(*) FROM Likes AS T1 JOIN Highschooler AS T2 ON T1.student_id  =  T2.id GROUP BY T1.student_id","SELECT T1.name ,  count(*) FROM highschooler AS T1 JOIN likes AS T2 ON T1.id  =  T2.student_id GROUP BY T1.id","SELECT T1.name ,  COUNT(*) FROM highschooler AS T1 JOIN likes AS T2 ON T1.id = T2.student_id GROUP BY T1.id",1,1
"What are the names of high schoolers who have likes, and how many likes does each have?",medium,"SELECT T2.name ,  count(*) FROM Likes AS T1 JOIN Highschooler AS T2 ON T1.student_id  =  T2.id GROUP BY T1.student_id","Select the name of the high schooler and the count of their likes from the highschooler table, joining with the likes table on the student_id column, grouping by the student_id.  SQLite Query: : Select T1.name, count(*) from highschooler AS T1 JOIN likes AS T2 ON T1.id = T2.student_id GROUP BY T2.student_id","SELECT T1.name, COUNT(T2.liked_id) FROM highschooler AS T1 JOIN likes AS T2 ON T1.id = T2.student_id GROUP BY T1.id",0,1
What is the name of the high schooler who has the greatest number of likes?,extra,SELECT T2.name FROM Likes AS T1 JOIN Highschooler AS T2 ON T1.student_id  =  T2.id GROUP BY T1.student_id ORDER BY count(*) DESC LIMIT 1,SELECT T1.name FROM highschooler AS T1 JOIN likes AS T2 ON T1.id = T2.student_id GROUP BY T1.id ORDER BY COUNT(*) DESC LIMIT 1,SELECT T1.name FROM highschooler AS T1 JOIN likes AS T2 ON T1.id = T2.student_id GROUP BY T1.id ORDER BY count(*) DESC LIMIT 1,1,1
Give the name of the student with the most likes.,extra,SELECT T2.name FROM Likes AS T1 JOIN Highschooler AS T2 ON T1.student_id  =  T2.id GROUP BY T1.student_id ORDER BY count(*) DESC LIMIT 1,SELECT T1.name FROM highschooler AS T1 JOIN likes AS T2 ON T1.id = T2.student_id GROUP BY T1.id ORDER BY count(*) DESC LIMIT 1,SELECT T1.name FROM highschooler AS T1 JOIN likes AS T2 ON T1.id = T2.student_id GROUP BY T1.id ORDER BY COUNT(*) DESC LIMIT 1  Step-by-Step Sub-Questions: 1. Which students have the most likes? 2. How many likes does each of these students have? 3. What are the names of these students? 4. Which student has the highest number of likes? 5. What is the name of this student?,1,0
Show the names of students who have at least 2 likes.,medium,SELECT T2.name FROM Likes AS T1 JOIN Highschooler AS T2 ON T1.student_id  =  T2.id GROUP BY T1.student_id HAVING count(*)  >=  2,SELECT T1.name FROM highschooler AS T1 JOIN likes AS T2 ON T1.id = T2.student_id GROUP BY T1.id HAVING COUNT(*) >= 2,SELECT T1.name FROM highschooler AS T1 JOIN likes AS T2 ON T1.id = T2.student_id GROUP BY T1.id HAVING COUNT(*) >= 2,1,1
What are the names of students who have 2 or more likes?,medium,SELECT T2.name FROM Likes AS T1 JOIN Highschooler AS T2 ON T1.student_id  =  T2.id GROUP BY T1.student_id HAVING count(*)  >=  2,Select T1.name FROM highschooler AS T1 JOIN likes AS T2 ON T1.id = T2.student_id GROUP BY T1.id HAVING COUNT(*) >= 2,SELECT T1.name FROM highschooler AS T1 JOIN likes AS T2 ON T1.id = T2.student_id GROUP BY T1.id HAVING COUNT(*) >= 2,1,1
Show the names of students who have a grade higher than 5 and have at least 2 friends.,hard,SELECT T2.name FROM Friend AS T1 JOIN Highschooler AS T2 ON T1.student_id  =  T2.id WHERE T2.grade  >  5 GROUP BY T1.student_id HAVING count(*)  >=  2,SELECT T1.name FROM highschooler AS T1 JOIN friend AS T2 ON T1.id = T2.student_id WHERE T1.grade > 5 GROUP BY T1.id HAVING COUNT(T2.friend_id) >= 2,SELECT T1.name FROM highschooler AS T1 JOIN friend AS T2 ON T1.id = T2.student_id GROUP BY T1.id HAVING COUNT(*) >= 2 AND T1.grade > 5,1,1
What are the names of high schoolers who have a grade of over 5 and have 2 or more friends?,hard,SELECT T2.name FROM Friend AS T1 JOIN Highschooler AS T2 ON T1.student_id  =  T2.id WHERE T2.grade  >  5 GROUP BY T1.student_id HAVING count(*)  >=  2,SELECT T1.name FROM highschooler AS T1 JOIN friend AS T2 ON T1.id = T2.student_id WHERE T1.grade > 5 GROUP BY T1.id HAVING COUNT(*) >= 2,SELECT T1.name FROM highschooler AS T1 JOIN friend AS T2 ON T1.id = T2.student_id WHERE T1.grade > 5 GROUP BY T1.id HAVING COUNT(*) >= 2,1,1
How many likes does Kyle have?,medium,"SELECT count(*) FROM Likes AS T1 JOIN Highschooler AS T2 ON T1.student_id  =  T2.id WHERE T2.name  =  ""Kyle""",NULL,SELECT count(*) FROM likes AS T1 JOIN highschooler AS T2 ON T1.student_id = T2.id WHERE T2.name = 'Kyle',0,1
Return the number of likes that the high schooler named Kyle has.,medium,"SELECT count(*) FROM Likes AS T1 JOIN Highschooler AS T2 ON T1.student_id  =  T2.id WHERE T2.name  =  ""Kyle""",SELECT count(*) FROM likes AS T1 JOIN highschooler AS T2 ON T1.student_id = T2.id WHERE T2.name = 'Kyle',SELECT COUNT(*) FROM likes AS T1 JOIN highschooler AS T2 ON T1.student_id = T2.id WHERE T2.name = 'Kyle',1,1
Find the average grade of all students who have some friends.,hard,SELECT avg(grade) FROM Highschooler WHERE id IN (SELECT T1.student_id FROM Friend AS T1 JOIN Highschooler AS T2 ON T1.student_id  =  T2.id),SELECT avg(T1.grade) FROM highschooler AS T1 JOIN friend AS T2 ON T1.id = T2.student_id,SELECT AVG(T1.grade) FROM highschooler AS T1 JOIN friend AS T2 ON T1.id = T2.student_id  Step-by-Step Sub-Questions: 1. Which students have friends? 2. What is the average grade of these students?,0,0
What is the average grade of students who have friends?,hard,SELECT avg(grade) FROM Highschooler WHERE id IN (SELECT T1.student_id FROM Friend AS T1 JOIN Highschooler AS T2 ON T1.student_id  =  T2.id),SELECT AVG(T1.grade) FROM highschooler AS T1 JOIN friend AS T2 ON T1.id = T2.student_id,SELECT AVG(T1.grade) FROM highschooler AS T1 JOIN friend AS T2 ON T1.id = T2.student_id  Step-by-Step Sub-Questions: 1. Which students have friends? 2. What is the average grade of these students?,0,0
Find the minimum grade of students who have no friends.,extra,SELECT min(grade) FROM Highschooler WHERE id NOT IN (SELECT T1.student_id FROM Friend AS T1 JOIN Highschooler AS T2 ON T1.student_id  =  T2.id),SELECT min(grade) FROM highschooler WHERE id NOT IN ( SELECT student_id FROM friend ),SELECT MIN(grade) FROM highschooler WHERE id NOT IN (SELECT student_id FROM friend)  Step-by-Step Sub-Questions: 1. What students have no friends? 2. What is the minimum grade of these students?,1,0
What is the lowest grade of students who do not have any friends?,extra,SELECT min(grade) FROM Highschooler WHERE id NOT IN (SELECT T1.student_id FROM Friend AS T1 JOIN Highschooler AS T2 ON T1.student_id  =  T2.id),SELECT min(grade) FROM highschooler WHERE id NOT IN ( SELECT student_id FROM friend ) ,SELECT MIN(grade) FROM highschooler WHERE id NOT IN (SELECT student_id FROM friend),1,1
Which states have both owners and professionals living there?,hard,SELECT state FROM Owners INTERSECT SELECT state FROM Professionals,NULL,SELECT state FROM owners WHERE state IN (SELECT state FROM professionals),0,1
Find the states where both owners and professionals live.,hard,SELECT state FROM Owners INTERSECT SELECT state FROM Professionals,SELECT state FROM owners INTERSECT SELECT state FROM professionals,SELECT DISTINCT T1.state FROM owners AS T1 INNER JOIN professionals AS T2 ON T1.state = T2.state  Step-by-Step Sub-Questions: 1. What states do owners live in? 2. What states do professionals live in? 3. Which states are common to both owners and professionals?,1,0
What is the average age of the dogs who have gone through any treatments?,hard,SELECT avg(age) FROM Dogs WHERE dog_id IN ( SELECT dog_id FROM Treatments ),SELECT AVG(age) FROM dogs WHERE dog_id IN (SELECT dog_id FROM treatments),SELECT AVG(T1.age) FROM dogs AS T1 INNER JOIN treatments AS T2 ON T1.dog_id = T2.dog_id  Step-by-Step Sub-Questions: . What dogs have gone through any treatments? 2. What is the average age of these dogs?,1,0
Find the average age of the dogs who went through treatments.,hard,SELECT avg(age) FROM Dogs WHERE dog_id IN ( SELECT dog_id FROM Treatments ),SELECT AVG(age) FROM dogs WHERE dog_id IN (SELECT dog_id FROM treatments),SELECT AVG(T1.age) FROM dogs AS T1 INNER JOIN treatments AS T2 ON T1.dog_id = T2.dog_id  Step-by-Step Sub-Questions: . What dogs have gone through treatments? 2. What is the age of each of these dogs? 3. How do we calculate the average age of these dogs?,1,0
"Which professionals live in the state of Indiana or have done treatment on more than 2 treatments? List his or her id, last name and cell phone.",extra,"SELECT professional_id ,  last_name ,  cell_number FROM Professionals WHERE state  =  'Indiana' UNION SELECT T1.professional_id ,  T1.last_name ,  T1.cell_number FROM Professionals AS T1 JOIN Treatments AS T2 ON T1.professional_id  =  T2.professional_id GROUP BY T1.professional_id HAVING count(*)  >  2","Select professional_id, last_name, cell_number from professionals where state = 'Indiana' or professional_id in (select professional_id from treatments group by professional_id having count(*) > 2)","SELECT T1.professional_id, T1.last_name, T1.cell_number FROM professionals AS T1 INNER JOIN treatments AS T2 ON T1.professional_id = T2.professional_id WHERE T1.state = 'Indiana' OR T2.professional_id IN (SELECT professional_id FROM treatments GROUP BY professional_id HAVING COUNT(treatment_id) > 2)",1,0
"Find the id, last name and cell phone of the professionals who live in the state of Indiana or have performed more than two treatments.",extra,"SELECT professional_id ,  last_name ,  cell_number FROM Professionals WHERE state  =  'Indiana' UNION SELECT T1.professional_id ,  T1.last_name ,  T1.cell_number FROM Professionals AS T1 JOIN Treatments AS T2 ON T1.professional_id  =  T2.professional_id GROUP BY T1.professional_id HAVING count(*)  >  2","SELECT professional_id, last_name, cell_number FROM professionals WHERE state = 'Indiana' UNION SELECT professional_id, last_name, cell_number FROM professionals WHERE professional_id IN ( SELECT professional_id FROM treatments GROUP BY professional_id HAVING COUNT(professional_id) > 2 ) ",NULL,1,0
Which dogs have not cost their owner more than 1000 for treatment ? List the dog names .,hard,select name from dogs where dog_id not in ( select dog_id from treatments group by dog_id having sum(cost_of_treatment)  >  1000 ),"Select the dog names from the dogs table where the dog_id is not in the treatments table with a cost_of_treatment greater than 1000. To optimize the query, use a subquery with a GROUP BY and HAVING clause to first identify the dog_ids that meet the cost condition, and then exclude these from the main query.  SQLite Query: ",NULL,0,0
What are the names of the dogs for which the owner has not spend more than 1000 for treatment ?,hard,select name from dogs where dog_id not in ( select dog_id from treatments group by dog_id having sum(cost_of_treatment)  >  1000 ),"Select the names of the dogs for which the owner has not spent more than 1000 for treatment. To achieve this, we need to join the dogs table with the treatments table on the dog_id column. ",SELECT T2.name FROM treatments AS T1 INNER JOIN dogs AS T2 ON T1.dog_id = T2.dog_id INNER JOIN owners AS T3 ON T2.owner_id = T3.owner_id WHERE T3.owner_id IN (SELECT T3.owner_id FROM treatments AS T1 INNER JOIN dogs AS T2 ON T1.dog_id = T2.dog_id WHERE T1.cost_of_treatment > 1000 GROUP BY T3.owner_id HAVING COUNT(*) > 0) GROUP BY T2.name,0,0
Which first names are used for professionals or owners but are not used as dog names?,hard,SELECT first_name FROM Professionals UNION SELECT first_name FROM Owners EXCEPT SELECT name FROM Dogs,Select first names from professionals or owners that are not in the list of dog names.  SQLite Query: : Select DISTINCT first_name FROM professionals UNION SELECT DISTINCT first_name FROM owners EXCEPT SELECT DISTINCT name FROM dogs,NULL,0,0
Find the first names that are used for professionals or owners but are not used as dog names.,hard,SELECT first_name FROM Professionals UNION SELECT first_name FROM Owners EXCEPT SELECT name FROM Dogs,Select first names from professionals and owners that are not in the list of dog names.  SQLite Query: : Select first_name from professionals where first_name not in (Select first_name from dogs) union select first_name from owners where first_name not in (Select first_name from dogs),NULL,0,0
"Which professional did not operate any treatment on dogs? List the professional's id, role and email.",extra,"SELECT professional_id ,  role_code ,  email_address FROM Professionals EXCEPT SELECT T1.professional_id ,  T1.role_code ,  T1.email_address FROM Professionals AS T1 JOIN Treatments AS T2 ON T1.professional_id  =  T2.professional_id","Select professional_id, role_code, email_address from professionals where professional_id not in (select professional_id from treatments)","SELECT professional_id, role_code, email_address FROM professionals WHERE professional_id NOT IN (SELECT professional_id FROM treatments)",1,1
"Give me the id, role and email of the professionals who did not perform any treatment on dogs.",extra,"SELECT professional_id ,  role_code ,  email_address FROM Professionals EXCEPT SELECT T1.professional_id ,  T1.role_code ,  T1.email_address FROM Professionals AS T1 JOIN Treatments AS T2 ON T1.professional_id  =  T2.professional_id","SELECT professional_id, role_code, email_address FROM professionals WHERE professional_id NOT IN ( SELECT professional_id FROM treatments ) ",NULL,1,0
"Which owner owns the most dogs? List the owner id, first name and last name.",extra,"SELECT T1.owner_id ,  T2.first_name ,  T2.last_name FROM Dogs AS T1 JOIN Owners AS T2 ON T1.owner_id  =  T2.owner_id GROUP BY T1.owner_id ORDER BY count(*) DESC LIMIT 1","Select the owner_id, first_name, and last_name from the owners table where the owner_id is in the subquery that counts the number of dogs for each owner and orders the results in descending order by the count, limiting the result to the top 1 owner.  SQLite Query:                                                                                                                 e ","SELECT T1.owner_id, T1.first_name, T1.last_name FROM owners AS T1 INNER JOIN dogs AS T2 ON T1.owner_id = T2.owner_id GROUP BY T1.owner_id ORDER BY COUNT(*) DESC LIMIT 1",0,1
"Return the owner id, first name and last name of the owner who has the most dogs.",extra,"SELECT T1.owner_id ,  T2.first_name ,  T2.last_name FROM Dogs AS T1 JOIN Owners AS T2 ON T1.owner_id  =  T2.owner_id GROUP BY T1.owner_id ORDER BY count(*) DESC LIMIT 1","SELECT T1.owner_id, T1.first_name, T1.last_name FROM owners AS T1 JOIN dogs AS T2 ON T1.owner_id = T2.owner_id GROUP BY T1.owner_id ORDER BY COUNT(*) DESC LIMIT 1","SELECT T1.owner_id, T1.first_name, T1.last_name FROM owners AS T1 INNER JOIN dogs AS T2 ON T1.owner_id = T2.owner_id GROUP BY T1.owner_id ORDER BY COUNT(*) DESC LIMIT 1",1,1
"Which professionals have done at least two treatments? List the professional's id, role, and first name.",medium,"SELECT T1.professional_id ,  T1.role_code ,  T1.first_name FROM Professionals AS T1 JOIN Treatments AS T2 ON T1.professional_id  =  T2.professional_id GROUP BY T1.professional_id HAVING count(*)  >=  2","Select professional_id, role_code, first_name from professionals where professional_id in (select professional_id from treatments group by professional_id having count(*) >= 2)","SELECT T1.professional_id, T1.role_code, T1.first_name FROM professionals AS T1 INNER JOIN treatments AS T2 ON T1.professional_id = T2.professional_id GROUP BY T1.professional_id HAVING COUNT(T2.treatment_id) >= 2",1,1
"What are the id, role, and first name of the professionals who have performed two or more treatments?",medium,"SELECT T1.professional_id ,  T1.role_code ,  T1.first_name FROM Professionals AS T1 JOIN Treatments AS T2 ON T1.professional_id  =  T2.professional_id GROUP BY T1.professional_id HAVING count(*)  >=  2","SELECT professional_id, role_code, first_name FROM professionals WHERE professional_id IN ( SELECT professional_id FROM treatments GROUP BY professional_id HAVING COUNT(*) >= 2 ) ","SELECT T1.professional_id, T1.role_code, T1.first_name FROM professionals AS T1 INNER JOIN treatments AS T2 ON T1.professional_id = T2.professional_id GROUP BY T1.professional_id HAVING COUNT(T2.treatment_id) >= 2",1,1
What is the name of the breed with the most dogs?,extra,SELECT T1.breed_name FROM Breeds AS T1 JOIN Dogs AS T2 ON T1.breed_code  =  T2.breed_code GROUP BY T1.breed_name ORDER BY count(*) DESC LIMIT 1,SELECT breed_name FROM breeds WHERE breed_code = (SELECT breed_code FROM dogs GROUP BY breed_code ORDER BY COUNT(*) DESC LIMIT 1),SELECT T1.breed_name FROM breeds AS T1 INNER JOIN dogs AS T2 ON T1.breed_code = T2.breed_code GROUP BY T1.breed_name ORDER BY COUNT(*) DESC LIMIT 1,1,1
Which breed do the most dogs have? Give me the breed name.,extra,SELECT T1.breed_name FROM Breeds AS T1 JOIN Dogs AS T2 ON T1.breed_code  =  T2.breed_code GROUP BY T1.breed_name ORDER BY count(*) DESC LIMIT 1,SELECT breed_name FROM breeds WHERE breed_code = (SELECT breed_code FROM dogs GROUP BY breed_code ORDER BY COUNT(*) DESC LIMIT 1),SELECT T1.breed_name FROM breeds AS T1 INNER JOIN dogs AS T2 ON T1.breed_code = T2.breed_code GROUP BY T1.breed_name ORDER BY COUNT(*) DESC LIMIT 1,1,1
Which owner has paid for the most treatments on his or her dogs? List the owner id and last name.,extra,"SELECT T1.owner_id ,  T1.last_name FROM Owners AS T1 JOIN Dogs AS T2 ON T1.owner_id  =  T2.owner_id JOIN Treatments AS T3 ON T2.dog_id  =  T3.dog_id GROUP BY T1.owner_id ORDER BY count(*) DESC LIMIT 1","Select the owner_id and last_name from the owners table where the owner_id is in the subquery that selects the owner_id from the dogs table where the dog_id is in the subquery that selects the dog_id from the treatments table where the treatment_id is in the subquery that selects the treatment_id from the charges table where the charge_type is 'treatment' and the charge_amount is greater than 0. Group the results by owner_id and last_name and order the results by the count of treatment_id in descending order. Limit the results to 1.  SQLite Query: sql SELECT owner_id, last_name  FROM owners  WHERE owner_id IN (     SELECT owner_id      FROM dogs      WHERE dog_id IN (         SELECT dog_id          FROM treatments          WHERE treatment_id IN (             SELECT treatment_id              FROM charges              WHERE charge_type = 'treatment' AND charge_amount > 0         )     ) )  GROUP BY owner_id, last_name  ORDER BY COUNT(treatment_id) DESC  LIMIT 1","SELECT T1.owner_id, T1.last_name FROM owners AS T1 INNER JOIN dogs AS T2 ON T1.owner_id = T2.owner_id INNER JOIN treatments AS T3 ON T2.dog_id = T3.dog_id GROUP BY T1.owner_id, T1.last_name ORDER BY COUNT(T3.treatment_id) DESC LIMIT 1",0,1
Tell me the owner id and last name of the owner who spent the most on treatments of his or her dogs.,extra,"SELECT T1.owner_id ,  T1.last_name FROM Owners AS T1 JOIN Dogs AS T2 ON T1.owner_id  =  T2.owner_id JOIN Treatments AS T3 ON T2.dog_id  =  T3.dog_id GROUP BY T1.owner_id ORDER BY count(*) DESC LIMIT 1","SELECT T1.owner_id, T1.last_name FROM owners AS T1 JOIN dogs AS T2 ON T1.owner_id = T2.owner_id JOIN treatments AS T3 ON T2.dog_id = T3.dog_id GROUP BY T1.owner_id, T1.last_name ORDER BY SUM(T3.cost_of_treatment) DESC LIMIT 1",NULL,0,0
What is the description of the treatment type that costs the least money in total?,extra,SELECT T1.treatment_type_description FROM Treatment_types AS T1 JOIN Treatments AS T2 ON T1.treatment_type_code  =  T2.treatment_type_code GROUP BY T1.treatment_type_code ORDER BY sum(cost_of_treatment) ASC LIMIT 1,SELECT T1.treatment_type_description FROM treatment_types AS T1 JOIN treatments AS T2 ON T1.treatment_type_code = T2.treatment_type_code GROUP BY T1.treatment_type_description ORDER BY SUM(T2.cost_of_treatment) ASC LIMIT 1,NULL,1,0
Give me the description of the treatment type whose total cost is the lowest.,extra,SELECT T1.treatment_type_description FROM Treatment_types AS T1 JOIN Treatments AS T2 ON T1.treatment_type_code  =  T2.treatment_type_code GROUP BY T1.treatment_type_code ORDER BY sum(cost_of_treatment) ASC LIMIT 1,SELECT T1.treatment_type_description FROM treatment_types AS T1 JOIN treatments AS T2 ON T1.treatment_type_code = T2.treatment_type_code GROUP BY T1.treatment_type_description ORDER BY SUM(T2.cost_of_treatment) ASC LIMIT 1,NULL,1,0
Which owner has paid the largest amount of money in total for their dogs? Show the owner id and zip code.,extra,"SELECT T1.owner_id ,  T1.zip_code FROM Owners AS T1 JOIN Dogs AS T2 ON T1.owner_id  =  T2.owner_id JOIN Treatments AS T3 ON T2.dog_id  =  T3.dog_id GROUP BY T1.owner_id ORDER BY sum(T3.cost_of_treatment) DESC LIMIT 1","SELECT T1.owner_id, T1.zip_code FROM owners AS T1 JOIN dogs AS T2 ON T1.owner_id = T2.owner_id JOIN charges AS T3 ON T2.dog_id = T3.dog_id GROUP BY T1.owner_id, T1.zip_code ORDER BY SUM(T3.charge_amount) DESC LIMIT 1",NULL,0,0
Find the owner id and zip code of the owner who spent the most money in total for his or her dogs.,extra,"SELECT T1.owner_id ,  T1.zip_code FROM Owners AS T1 JOIN Dogs AS T2 ON T1.owner_id  =  T2.owner_id JOIN Treatments AS T3 ON T2.dog_id  =  T3.dog_id GROUP BY T1.owner_id ORDER BY sum(T3.cost_of_treatment) DESC LIMIT 1","SELECT T1.owner_id, T1.zip_code FROM owners AS T1 JOIN dogs AS T2 ON T1.owner_id = T2.owner_id JOIN treatments AS T3 ON T2.dog_id = T3.dog_id GROUP BY T1.owner_id, T1.zip_code ORDER BY SUM(T3.cost_of_treatment) DESC LIMIT 1",NULL,1,0
Which professionals have done at least two types of treatments? List the professional id and cell phone.,medium,"SELECT T1.professional_id ,  T1.cell_number FROM Professionals AS T1 JOIN Treatments AS T2 ON T1.professional_id  =  T2.professional_id GROUP BY T1.professional_id HAVING count(*)  >=  2","Select professional_id, cell_number from professionals where professional_id in (select professional_id from treatments group by professional_id having count(DISTINCT treatment_type_code) >= 2)","SELECT T1.professional_id, T1.cell_number FROM professionals AS T1 INNER JOIN treatments AS T2 ON T1.professional_id = T2.professional_id GROUP BY T1.professional_id HAVING COUNT(DISTINCT T2.treatment_type_code) >= 2",0,0
Find the id and cell phone of the professionals who operate two or more types of treatments.,medium,"SELECT T1.professional_id ,  T1.cell_number FROM Professionals AS T1 JOIN Treatments AS T2 ON T1.professional_id  =  T2.professional_id GROUP BY T1.professional_id HAVING count(*)  >=  2","SELECT professional_id, cell_number FROM professionals WHERE professional_id IN ( SELECT professional_id FROM treatments GROUP BY professional_id HAVING COUNT(DISTINCT treatment_type_code) >= 2 ) ","SELECT T1.professional_id, T1.cell_number FROM professionals AS T1 INNER JOIN treatments AS T2 ON T1.professional_id = T2.professional_id GROUP BY T1.professional_id HAVING COUNT(DISTINCT T2.treatment_type_code) >= 2",0,0
What are the first name and last name of the professionals who have done treatment with cost below average?,extra,"SELECT DISTINCT T1.first_name ,  T1.last_name FROM Professionals AS T1 JOIN Treatments AS T2 WHERE cost_of_treatment  <  ( SELECT avg(cost_of_treatment) FROM Treatments )","SELECT first_name, last_name FROM professionals WHERE professional_id IN ( SELECT professional_id FROM treatments WHERE cost_of_treatment < ( SELECT AVG(cost_of_treatment) FROM treatments ) ) ","SELECT T2.first_name, T2.last_name FROM treatments AS T1 INNER JOIN professionals AS T2 ON T1.professional_id = T2.professional_id WHERE T1.cost_of_treatment < (SELECT AVG(cost_of_treatment) FROM treatments)",0,0
Which professionals have operated a treatment that costs less than the average? Give me theor first names and last names.,extra,"SELECT DISTINCT T1.first_name ,  T1.last_name FROM Professionals AS T1 JOIN Treatments AS T2 WHERE cost_of_treatment  <  ( SELECT avg(cost_of_treatment) FROM Treatments )",Select the first_name and last_name from the professionals table where the professional_id is in the treatments table and the cost_of_treatment is less than the average cost_of_treatment from the treatments table.  SQLite Query:                                                                                                                                        e   e  e e e e e e e e e e e e e e e e e e e e e e e e e e e e e e e e e e e e e e e e e e e e e e e e e e e e e e e e e e e e e e e e e e e e e e e e e e e e e e e e e e e e e e e e e e e e e e e e e e e e e e e e e e e e e e e e e e e e e e e e e e e e e e e e e e e e e e e e e e e,"SELECT T1.first_name, T1.last_name FROM professionals AS T1 INNER JOIN treatments AS T2 ON T1.professional_id = T2.professional_id WHERE T2.cost_of_treatment < (SELECT AVG(cost_of_treatment) FROM treatments)",0,0
"List the date of each treatment, together with the first name of the professional who operated it.",medium,"SELECT T1.date_of_treatment ,  T2.first_name FROM Treatments AS T1 JOIN Professionals AS T2 ON T1.professional_id  =  T2.professional_id","SELECT T1.date_of_treatment, T2.first_name FROM treatments AS T1 JOIN professionals AS T2 ON T1.professional_id = T2.professional_id","SELECT T2.date_of_treatment, T1.first_name FROM professionals AS T1 INNER JOIN treatments AS T2 ON T1.professional_id = T2.professional_id  Step-by-Step Sub-Questions: . What information do we need to retrieve? 2. From which tables do we need to retrieve this information? 3. How do we join these tables to get the required information? 4. What columns should we select from each table? 5. What is the final SQL query?",1,0
What are the date and the operating professional's first name of each treatment?,medium,"SELECT T1.date_of_treatment ,  T2.first_name FROM Treatments AS T1 JOIN Professionals AS T2 ON T1.professional_id  =  T2.professional_id","SELECT T1.date_of_treatment, T2.first_name FROM treatments AS T1 JOIN professionals AS T2 ON T1.professional_id = T2.professional_id","SELECT T1.date_of_treatment, T2.first_name FROM treatments AS T1 INNER JOIN professionals AS T2 ON T1.professional_id = T2.professional_id  Step-by-Step Sub-Questions: . What treatments are there? 2. For each treatment, what is the date of treatment? 3. Which professionals are involved in these treatments? 4. What is the first name of each professional? 5. How can we combine the treatment dates and professional first names?",1,0
List the cost of each treatment and the corresponding treatment type description.,medium,"SELECT T1.cost_of_treatment ,  T2.treatment_type_description FROM Treatments AS T1 JOIN treatment_types AS T2 ON T1.treatment_type_code  =  T2.treatment_type_code","SELECT T1.cost_of_treatment, T2.treatment_type_description FROM treatments AS T1 JOIN treatment_types AS T2 ON T1.treatment_type_code = T2.treatment_type_code","SELECT T2.cost_of_treatment, T3.treatment_type_description FROM treatments AS T2 INNER JOIN treatment_types AS T3 ON T2.treatment_type_code = T3.treatment_type_code  Step-by-Step Sub-Questions: . What table contains the cost of each treatment? 2. What table contains the treatment type descriptions? 3. How can we join these two tables to get the treatment type descriptions along with the treatment costs? 4. What columns should we select from the joined tables to get the desired output?",1,0
What are the cost and treatment type description of each treatment?,medium,"SELECT T1.cost_of_treatment ,  T2.treatment_type_description FROM Treatments AS T1 JOIN treatment_types AS T2 ON T1.treatment_type_code  =  T2.treatment_type_code","SELECT T1.cost_of_treatment, T2.treatment_type_description FROM treatments AS T1 JOIN treatment_types AS T2 ON T1.treatment_type_code = T2.treatment_type_code","SELECT T1.cost_of_treatment, T2.treatment_type_description FROM treatments AS T1 INNER JOIN treatment_types AS T2 ON T1.treatment_type_code = T2.treatment_type_code  Step-by-Step Sub-Questions: . What information do we need to retrieve? 2. Which table contains the cost of each treatment? 3. Which table contains the treatment type descriptions? 4. How can we join these two tables to get the required information? 5. What columns should we select from each table?",1,0
"List each owner's first name, last name, and the size of his for her dog.",medium,"SELECT T1.first_name ,  T1.last_name ,  T2.size_code FROM Owners AS T1 JOIN Dogs AS T2 ON T1.owner_id  =  T2.owner_id","SELECT T1.first_name, T1.last_name, T3.size_description FROM owners AS T1 JOIN dogs AS T2 ON T1.owner_id = T2.owner_id JOIN sizes AS T3 ON T2.size_code = T3.size_code","SELECT T1.first_name, T1.last_name, T3.size_description FROM owners AS T1 INNER JOIN dogs AS T2 ON T1.owner_id = T2.owner_id INNER JOIN sizes AS T3 ON T2.size_code = T3.size_code",0,0
"What are each owner's first name, last name, and the size of their dog?",medium,"SELECT T1.first_name ,  T1.last_name ,  T2.size_code FROM Owners AS T1 JOIN Dogs AS T2 ON T1.owner_id  =  T2.owner_id","Select the first name, last name, and size description from the owners and sizes tables, joining them on the owner_id and size_code columns.  SQLite Query:                                                                                                                                                                                                                                                                                             ","SELECT T1.first_name, T1.last_name, T3.size_description FROM owners AS T1 INNER JOIN dogs AS T2 ON T1.owner_id = T2.owner_id INNER JOIN sizes AS T3 ON T2.size_code = T3.size_code  Step-by-Step Sub-Questions: . What owners are there? 2. What dogs belong to each owner? 3. What is the size of each dog? 4. What are the first and last names of each owner? 5. What is the size description for each dog size code? 6. How can we combine this information to get the desired output?",0,0
List pairs of the owner's first name and the dogs's name.,medium,"SELECT T1.first_name ,  T2.name FROM Owners AS T1 JOIN Dogs AS T2 ON T1.owner_id  =  T2.owner_id","SELECT T1.first_name ,  T2.name FROM owners AS T1 JOIN dogs AS T2 ON T1.owner_id = T2.owner_id","SELECT T1.first_name, T2.name FROM owners AS T1 INNER JOIN dogs AS T2 ON T1.owner_id = T2.owner_id  Step-by-Step Sub-Questions: . What are the tables involved in this query? 2. What is the relationship between the tables? 3. What information are we trying to retrieve? 4. How do we join the tables to get the required information? 5. What is the final output we expect?",1,0
What are each owner's first name and their dogs's name?,medium,"SELECT T1.first_name ,  T2.name FROM Owners AS T1 JOIN Dogs AS T2 ON T1.owner_id  =  T2.owner_id","Select T1.first_name, T2.name FROM owners AS T1 JOIN dogs AS T2 ON T1.owner_id = T2.owner_id","SELECT T1.first_name, T2.name FROM owners AS T1 INNER JOIN dogs AS T2 ON T1.owner_id = T2.owner_id",1,1
List the names of the dogs of the rarest breed and the treatment dates of them.,extra,"SELECT T1.name ,  T2.date_of_treatment FROM Dogs AS T1 JOIN Treatments AS T2 ON T1.dog_id  =  T2.dog_id WHERE T1.breed_code  =  ( SELECT breed_code FROM Dogs GROUP BY breed_code ORDER BY count(*) ASC LIMIT 1 )","SELECT T1.name, T2.date_of_treatment FROM dogs AS T1 JOIN treatments AS T2 ON T1.dog_id = T2.dog_id WHERE T1.breed_code IN ( SELECT breed_code FROM dogs GROUP BY breed_code ORDER BY count(*) ASC LIMIT 1 ) ORDER BY T2.date_of_treatment DESC LIMIT 1",NULL,0,0
Which dogs are of the rarest breed? Show their names and treatment dates.,extra,"SELECT T1.name ,  T2.date_of_treatment FROM Dogs AS T1 JOIN Treatments AS T2 ON T1.dog_id  =  T2.dog_id WHERE T1.breed_code  =  ( SELECT breed_code FROM Dogs GROUP BY breed_code ORDER BY count(*) ASC LIMIT 1 )",NULL,"SELECT T1.name, T3.date_of_treatment FROM dogs AS T1 INNER JOIN treatments AS T3 ON T1.dog_id = T3.dog_id INNER JOIN breeds AS T2 ON T1.breed_code = T2.breed_code WHERE T2.breed_name = (SELECT breed_name FROM breeds ORDER BY breed_count ASC LIMIT 1) ORDER BY T3.date_of_treatment DESC",0,0
Which dogs are owned by someone who lives in Virginia? List the owner's first name and the dog's name.,medium,"SELECT T1.first_name ,  T2.name FROM Owners AS T1 JOIN Dogs AS T2 ON T1.owner_id  =  T2.owner_id WHERE T1.state  =  'Virginia'","Select the first name and last name of the owner and the name of the dog from the owners and dogs tables where the owner's state is 'VA'. Join the tables on the owner_id column.  SQLite Query: SELECT T1.first_name, T1.last_name, T2.name FROM owners AS T1 JOIN dogs AS T2 ON T1.owner_id = T2.owner_id WHERE T1.state = 'VA'","SELECT T1.first_name, T2.name FROM owners AS T1 INNER JOIN dogs AS T2 ON T1.owner_id = T2.owner_id WHERE T1.state = 'VA'",0,0
Find the first names of owners living in Virginia and the names of dogs they own.,medium,"SELECT T1.first_name ,  T2.name FROM Owners AS T1 JOIN Dogs AS T2 ON T1.owner_id  =  T2.owner_id WHERE T1.state  =  'Virginia'","SELECT T1.first_name, T3.name FROM owners AS T1 JOIN dogs AS T3 ON T1.owner_id = T3.owner_id WHERE T1.state = 'VA'","SELECT T1.first_name, T2.name FROM owners AS T1 INNER JOIN dogs AS T2 ON T1.owner_id = T2.owner_id WHERE T1.state = 'Virginia'",0,1
What are the arriving date and the departing date of the dogs who have gone through a treatment?,medium,"SELECT DISTINCT T1.date_arrived ,  T1.date_departed FROM Dogs AS T1 JOIN Treatments AS T2 ON T1.dog_id  =  T2.dog_id","SELECT T1.date_arrived, T1.date_departed FROM dogs AS T1 JOIN treatments AS T2 ON T1.dog_id = T2.dog_id",NULL,1,0
Find the arriving date and the departing date of the dogs that received a treatment.,medium,"SELECT DISTINCT T1.date_arrived ,  T1.date_departed FROM Dogs AS T1 JOIN Treatments AS T2 ON T1.dog_id  =  T2.dog_id","SELECT T1.date_arrived, T1.date_departed FROM dogs AS T1 JOIN treatments AS T2 ON T1.dog_id = T2.dog_id",NULL,1,0
List the last name of the owner owning the youngest dog.,extra,SELECT T1.last_name FROM Owners AS T1 JOIN Dogs AS T2 ON T1.owner_id  =  T2.owner_id WHERE T2.age  =  ( SELECT max(age) FROM Dogs ),SELECT T1.last_name FROM owners AS T1 JOIN dogs AS T2 ON T1.owner_id = T2.owner_id ORDER BY T2.age ASC LIMIT 1,SELECT T1.last_name FROM owners AS T1 INNER JOIN dogs AS T2 ON T1.owner_id = T2.owner_id ORDER BY T2.age ASC LIMIT 1,0,0
Who owns the youngest dog? Give me his or her last name.,extra,SELECT T1.last_name FROM Owners AS T1 JOIN Dogs AS T2 ON T1.owner_id  =  T2.owner_id WHERE T2.age  =  ( SELECT max(age) FROM Dogs ),SELECT T1.last_name FROM owners AS T1 JOIN dogs AS T2 ON T1.owner_id = T2.owner_id ORDER BY T2.age ASC LIMIT 1,SELECT T1.last_name FROM owners AS T1 INNER JOIN dogs AS T2 ON T1.owner_id = T2.owner_id ORDER BY T2.age ASC LIMIT 1,0,0
List the emails of the professionals who live in the state of Hawaii or the state of Wisconsin.,medium,SELECT email_address FROM Professionals WHERE state  =  'Hawaii' OR state  =  'Wisconsin',"SELECT email_address FROM professionals WHERE state IN ('Hawaii', 'Wisconsin')",SELECT T1.email_address FROM professionals AS T1 WHERE T1.state = 'Hawaii' OR T1.state = 'Wisconsin',1,1
What are the emails of the professionals living in either the state of Hawaii or the state of Wisconsin?,medium,SELECT email_address FROM Professionals WHERE state  =  'Hawaii' OR state  =  'Wisconsin',"SELECT email_address FROM professionals WHERE state IN ('Hawaii', 'Wisconsin')",SELECT email_address FROM professionals WHERE state = 'Hawaii' OR state = 'Wisconsin',1,1
What are the arriving date and the departing date of all the dogs?,medium,"SELECT date_arrived ,  date_departed FROM Dogs","SELECT date_arrived, date_departed FROM dogs","SELECT date_arrived, date_departed FROM dogs",1,1
List the arrival date and the departure date for all the dogs.,medium,"SELECT date_arrived ,  date_departed FROM Dogs","SELECT date_arrived, date_departed FROM dogs","SELECT date_arrived, date_departed FROM dogs",1,1
How many dogs went through any treatments?,easy,SELECT count(DISTINCT dog_id) FROM Treatments,NULL,SELECT COUNT(DISTINCT dog_id) FROM treatments,0,1
Count the number of dogs that went through a treatment.,easy,SELECT count(DISTINCT dog_id) FROM Treatments,SELECT COUNT(*) FROM treatments,SELECT COUNT(DISTINCT dog_id) FROM treatments,0,1
How many professionals have performed any treatment to dogs?,easy,SELECT count(DISTINCT professional_id) FROM Treatments,"Select the count of distinct professionals who have performed any treatment to dogs. To achieve this, join the 'treatments' table with the 'professionals' table on the 'professional_id' column and then count the distinct 'professional_id' values.  SQLite Query: SELECT COUNT(DISTINCT T2.professional_id) FROM treatments AS T1 INNER JOIN professionals AS T2 ON T1.professional_id = T2.professional_id",SELECT COUNT(DISTINCT professional_id) FROM treatments,0,1
Find the number of professionals who have ever treated dogs.,easy,SELECT count(DISTINCT professional_id) FROM Treatments,SELECT COUNT(DISTINCT professional_id) FROM treatments,SELECT COUNT(DISTINCT professional_id) FROM treatments,1,1
"Which professionals live in a city containing the substring 'West'? List his or her role, street, city and state.",medium,"SELECT role_code ,  street ,  city ,  state FROM professionals WHERE city LIKE '%West%'","Select role_code, street, city, state from professionals where city LIKE '%West%'","SELECT role_code, street, city, state FROM professionals WHERE city LIKE '%West%'",1,1
"Find the role, street, city and state of the professionals living in a city that contains the substring 'West'.",medium,"SELECT role_code ,  street ,  city ,  state FROM professionals WHERE city LIKE '%West%'","SELECT role_code, street, city, state FROM professionals WHERE city LIKE '%West%'","SELECT role_code, street, city, state FROM professionals WHERE city LIKE '%West%'",1,1
"Which owners live in the state whose name contains the substring 'North'? List his first name, last name and email.",medium,"SELECT first_name ,  last_name ,  email_address FROM Owners WHERE state LIKE '%North%'","Select the first_name, last_name, and email_address from the owners table where the state column contains the substring 'North'. To ensure the query is optimized, use the LIKE operator with a wildcard '%' to match any characters before and after 'North'. ","SELECT T1.first_name, T1.last_name, T1.email_address FROM owners AS T1 WHERE T1.state LIKE '%North%'",0,1
"Return the first name, last name and email of the owners living in a state whose name contains the substring 'North'.",medium,"SELECT first_name ,  last_name ,  email_address FROM Owners WHERE state LIKE '%North%'","SELECT first_name, last_name, email_address FROM owners WHERE state LIKE '%North%'","SELECT T1.first_name, T1.last_name, T1.email_address FROM owners AS T1 WHERE T1.state LIKE '%North%'",1,1
How many dogs have an age below the average?,hard,SELECT count(*) FROM Dogs WHERE age  <  ( SELECT avg(age) FROM Dogs ),SELECT COUNT(*) FROM dogs WHERE age < ( SELECT AVG(age) FROM dogs ),SELECT COUNT(*) FROM dogs WHERE age < (SELECT AVG(age) FROM dogs),1,1
Count the number of dogs of an age below the average.,hard,SELECT count(*) FROM Dogs WHERE age  <  ( SELECT avg(age) FROM Dogs ),SELECT COUNT(*) FROM dogs WHERE age < ( SELECT AVG(age) FROM dogs ),SELECT COUNT(*) FROM dogs WHERE age < (SELECT AVG(age) FROM dogs),1,1
How much does the most recent treatment cost?,medium,SELECT cost_of_treatment FROM Treatments ORDER BY date_of_treatment DESC LIMIT 1,NULL,SELECT MAX(cost_of_treatment) FROM treatments,0,0
Show me the cost of the most recently performed treatment.,medium,SELECT cost_of_treatment FROM Treatments ORDER BY date_of_treatment DESC LIMIT 1,SELECT cost_of_treatment FROM treatments ORDER BY date_of_treatment DESC LIMIT 1,SELECT MAX(cost_of_treatment) FROM treatments,1,0
How many dogs have not gone through any treatment?,extra,SELECT count(*) FROM Dogs WHERE dog_id NOT IN ( SELECT dog_id FROM Treatments ),NULL,SELECT COUNT(*) FROM dogs WHERE dog_id NOT IN (SELECT dog_id FROM treatments),0,1
Tell me the number of dogs that have not received any treatment .,extra,select count(*) from dogs where dog_id not in ( select dog_id from treatments ),SELECT COUNT(*) FROM dogs WHERE dog_id NOT IN ( SELECT dog_id FROM treatments ) ,SELECT COUNT(*) FROM dogs AS T1 LEFT JOIN treatments AS T2 ON T1.dog_id = T2.dog_id WHERE T2.dog_id IS NULL,1,1
How many owners temporarily do not have any dogs?,extra,SELECT count(*) FROM Owners WHERE owner_id NOT IN ( SELECT owner_id FROM Dogs ),NULL,SELECT COUNT(owner_id) FROM owners WHERE owner_id NOT IN (SELECT owner_id FROM dogs WHERE abandoned_yn = 'N'),0,0
Find the number of owners who do not own any dogs at this moment.,extra,SELECT count(*) FROM Owners WHERE owner_id NOT IN ( SELECT owner_id FROM Dogs ),SELECT COUNT(owner_id) FROM owners WHERE owner_id NOT IN ( SELECT owner_id FROM dogs WHERE abandoned_yn = 'N' ) AND abandoned_yn = 'N',SELECT COUNT(owner_id) FROM owners WHERE owner_id NOT IN (SELECT owner_id FROM dogs WHERE abandoned_yn = 'N'),0,0
How many professionals did not operate any treatment on dogs?,extra,SELECT count(*) FROM Professionals WHERE professional_id NOT IN ( SELECT professional_id FROM Treatments ),NULL,SELECT COUNT(professional_id) FROM professionals WHERE professional_id NOT IN (SELECT professional_id FROM treatments),0,1
Find the number of professionals who have not treated any dogs.,extra,SELECT count(*) FROM Professionals WHERE professional_id NOT IN ( SELECT professional_id FROM Treatments ),Select the count of professionals who have no entries in the treatments table.  SQLite Query: : SELECT COUNT(professional_id) FROM professionals WHERE professional_id NOT IN ( SELECT professional_id FROM treatments ) ,SELECT COUNT(professional_id) FROM professionals WHERE professional_id NOT IN (SELECT professional_id FROM treatments),0,1
"List the dog name, age and weight of the dogs who have been abandoned? 1 stands for yes, and 0 stands for no.",medium,"SELECT name ,  age ,  weight FROM Dogs WHERE abandoned_yn  =  1","SELECT name, age, weight FROM dogs WHERE abandoned_yn = 1","SELECT name, age, weight FROM dogs WHERE abandoned_yn = 1",1,1
"What are the dog name, age and weight of the dogs that were abandoned? Note that 1 stands for yes, and 0 stands for no in the tables.",medium,"SELECT name ,  age ,  weight FROM Dogs WHERE abandoned_yn  =  1","SELECT name, age, weight FROM dogs WHERE abandoned_yn = 1","SELECT name, age, weight FROM dogs WHERE abandoned_yn = 1",1,1
What is the average age of all the dogs?,easy,SELECT avg(age) FROM Dogs,SELECT AVG(age) FROM dogs,SELECT AVG(age) FROM dogs,1,1
Compute the average age of all the dogs.,easy,SELECT avg(age) FROM Dogs,SELECT AVG(age) FROM dogs,SELECT AVG(age) FROM dogs,1,1
What is the age of the oldest dog?,easy,SELECT max(age) FROM Dogs,SELECT MAX(age) FROM dogs,SELECT MAX(age) FROM dogs,1,1
Tell me the age of the oldest dog.,easy,SELECT max(age) FROM Dogs,SELECT MAX(age) FROM dogs,SELECT MAX(age) FROM dogs,1,1
How much does each charge type costs? List both charge type and amount.,medium,"SELECT charge_type ,  charge_amount FROM Charges",Select charge_type and charge_amount from charges,"SELECT charge_type, charge_amount FROM charges",0,1
List each charge type and its amount.,medium,"SELECT charge_type ,  charge_amount FROM Charges","SELECT charge_type, charge_amount FROM charges","SELECT charge_type, charge_amount FROM charges",1,1
How much does the most expensive charge type costs?,easy,SELECT max(charge_amount) FROM Charges,NULL,SELECT MAX(charge_amount) FROM charges WHERE charge_type = 'Most Expensive',0,0
What is the charge amount of the most expensive charge type?,easy,SELECT max(charge_amount) FROM Charges,NULL,SELECT MAX(charge_amount) FROM charges WHERE charge_type = (SELECT charge_type FROM charges ORDER BY charge_amount DESC LIMIT 1),0,1
"List the email, cell phone and home phone of all the professionals.",medium,"SELECT email_address ,  cell_number ,  home_phone FROM professionals","SELECT email_address, cell_number, home_phone FROM professionals","SELECT email_address, cell_number, home_phone FROM professionals",1,1
"What are the email, cell phone and home phone of each professional?",medium,"SELECT email_address ,  cell_number ,  home_phone FROM professionals","SELECT email_address, cell_number, home_phone FROM professionals","SELECT email_address, cell_number, home_phone FROM professionals",1,1
What are all the possible breed type and size type combinations?,medium,"SELECT DISTINCT breed_code ,  size_code FROM dogs","Select all possible breed type and size type combinations from the database.  SQLite Query: SELECT breed_name, size_description FROM breeds JOIN sizes ON breeds.breed_code = sizes.size_code","SELECT T1.breed_name, T2.size_description FROM breeds AS T1 INNER JOIN sizes AS T2 ON T1.size_code = T2.size_code  Step-by-Step Sub-Questions:      ",0,0
Find the distinct breed type and size type combinations for dogs.,medium,"SELECT DISTINCT breed_code ,  size_code FROM dogs","SELECT DISTINCT breed_type, size_type FROM dogs JOIN breeds ON dogs.breed_code = breeds.breed_code JOIN sizes ON dogs.size_code = sizes.size_code","SELECT DISTINCT T1.breed_name, T2.size_description FROM breeds AS T1 INNER JOIN sizes AS T2 ON T1.breed_code = T2.size_code  Step-by-Step Sub-Questions:     5. What are the distinct breed type and size type combinations for dogs?",0,0
List the first name of all the professionals along with the description of the treatment they have done.,medium,"SELECT DISTINCT T1.first_name ,  T3.treatment_type_description FROM professionals AS T1 JOIN Treatments AS T2 ON T1.professional_id  =  T2.professional_id JOIN Treatment_types AS T3 ON T2.treatment_type_code  =  T3.treatment_type_code","SELECT T1.first_name, T3.treatment_type_description FROM professionals AS T1 JOIN treatments AS T2 ON T1.professional_id = T2.professional_id JOIN treatment_types AS T3 ON T2.treatment_type_code = T3.treatment_type_code","SELECT T2.first_name, T3.treatment_type_description FROM professionals AS T2 INNER JOIN treatments AS T1 ON T2.professional_id = T1.professional_id INNER JOIN treatment_types AS T3 ON T1.treatment_type_code = T3.treatment_type_code  Step-by-Step Sub-Questions: 1. What are the first names of all professionals? 2. What are the descriptions of all treatment types? 3. How can we link professionals to the treatments they have done? 4. How can we link treatment types to the treatments? 5. What is the final SQL query to retrieve the required information?",1,0
What are each professional's first name and description of the treatment they have performed?,medium,"SELECT DISTINCT T1.first_name ,  T3.treatment_type_description FROM professionals AS T1 JOIN Treatments AS T2 ON T1.professional_id  =  T2.professional_id JOIN Treatment_types AS T3 ON T2.treatment_type_code  =  T3.treatment_type_code","Select the first name of the professional and the description of the treatment from the professionals and treatment_types tables.  SQLite Query: : SELECT T1.first_name, T2.treatment_type_description FROM professionals AS T1 JOIN treatment_types AS T2 ON T1.professional_id = T2.treatment_type_code","SELECT T2.first_name, T3.treatment_type_description FROM professionals AS T2 INNER JOIN treatments AS T1 ON T2.professional_id = T1.professional_id INNER JOIN treatment_types AS T3 ON T1.treatment_type_code = T3.treatment_type_code",0,1
How many singers are there?,easy,SELECT count(*) FROM singer,SELECT COUNT(*) FROM singer,SELECT COUNT(*) FROM singer  Step-by-Step Sub-Questions: 1. What information are we trying to find? 2. Which table contains the relevant data? 3. How can we count the number of rows in the table?,1,0
What is the count of singers?,easy,SELECT count(*) FROM singer,SELECT COUNT(*) FROM singer,SELECT COUNT(*) FROM singer,1,1
List the name of singers in ascending order of net worth.,easy,SELECT Name FROM singer ORDER BY Net_Worth_Millions ASC,SELECT name FROM singer ORDER BY net_worth_millions ASC,SELECT name FROM singer ORDER BY net_worth_millions ASC,1,1
What are the names of singers ordered by ascending net worth?,easy,SELECT Name FROM singer ORDER BY Net_Worth_Millions ASC,SELECT name FROM singer ORDER BY net_worth_millions ASC,SELECT name FROM singer ORDER BY net_worth_millions ASC,1,1
What are the birth year and citizenship of singers?,medium,"SELECT Birth_Year ,  Citizenship FROM singer","SELECT birth_year, citizenship FROM singer","SELECT birth_year, citizenship FROM singer",1,1
What are the birth years and citizenships of the singers?,medium,"SELECT Birth_Year ,  Citizenship FROM singer","SELECT birth_year, citizenship FROM singer","SELECT birth_year, citizenship FROM singer",1,1
"List the name of singers whose citizenship is not ""France"".",easy,"SELECT Name FROM singer WHERE Citizenship != ""France""",SELECT name FROM singer WHERE citizenship != 'France',SELECT name FROM singer WHERE citizenship != 'France',1,1
What are the names of the singers who are not French citizens?,easy,"SELECT Name FROM singer WHERE Citizenship != ""France""",SELECT name FROM singer WHERE citizenship != 'French',SELECT name FROM singer WHERE citizenship != 'French',0,0
Show the name of singers whose birth year is either 1948 or 1949?,medium,SELECT Name FROM singer WHERE Birth_Year  =  1948 OR Birth_Year  =  1949,"SELECT name FROM singer WHERE birth_year IN (1948, 1949)","SELECT name FROM singer WHERE birth_year IN (1948, 1949)",1,1
What are the names of the singers whose birth years are either 1948 or 1949?,medium,SELECT Name FROM singer WHERE Birth_Year  =  1948 OR Birth_Year  =  1949,"SELECT name FROM singer WHERE birth_year IN (1948, 1949)","SELECT name FROM singer WHERE birth_year IN (1948, 1949)",1,1
What is the name of the singer with the largest net worth?,medium,SELECT Name FROM singer ORDER BY Net_Worth_Millions DESC LIMIT 1,SELECT name FROM singer ORDER BY net_worth_millions DESC LIMIT 1,SELECT name FROM singer ORDER BY net_worth_millions DESC LIMIT 1  Step-by-Step Sub-Questions: 1. What is the task we need to accomplish? 2. Which table contains the information about singers? 3. Which column in the singer table contains the singer's name? 4. Which column in the singer table contains the singer's net worth? 5. How do we sort the singers by their net worth in descending order? 6. How do we limit the result to only the singer with the largest net worth? 7. What is the final SQL query?,1,0
What is the name of the singer who is worth the most?,medium,SELECT Name FROM singer ORDER BY Net_Worth_Millions DESC LIMIT 1,SELECT name FROM singer ORDER BY net_worth_millions DESC LIMIT 1,SELECT name FROM singer ORDER BY net_worth_millions DESC LIMIT 1  Step-by-Step Sub-Questions: 1. What is the table that contains information about singers? 2. What column in the singer table contains the singer's name? 3. What column in the singer table contains the singer's net worth in millions? 4. How can we sort the singers by their net worth in descending order? 5. How can we limit the result to only the top singer? 6. What is the final SQL query to get the name of the singer who is worth the most?,1,0
Show different citizenship of singers and the number of singers of each citizenship.,medium,"SELECT Citizenship ,  COUNT(*) FROM singer GROUP BY Citizenship","SELECT citizenship, COUNT(*) FROM singer GROUP BY citizenship","SELECT citizenship, COUNT(*) FROM singer GROUP BY citizenship",1,1
"For each citizenship, how many singers are from that country?",medium,"SELECT Citizenship ,  COUNT(*) FROM singer GROUP BY Citizenship","SELECT citizenship, COUNT(*) FROM singer GROUP BY citizenship","SELECT citizenship, COUNT(*) FROM singer GROUP BY citizenship",1,1
Please show the most common citizenship of singers.,hard,SELECT Citizenship FROM singer GROUP BY Citizenship ORDER BY COUNT(*) DESC LIMIT 1,SELECT citizenship FROM singer GROUP BY citizenship ORDER BY COUNT(*) DESC LIMIT 1,SELECT citizenship FROM singer GROUP BY citizenship ORDER BY COUNT(*) DESC LIMIT 1,1,1
What is the most common singer citizenship ?,hard,select citizenship from singer group by citizenship order by count(*) desc limit 1,SELECT citizenship FROM singer GROUP BY citizenship ORDER BY COUNT(*) DESC LIMIT 1,SELECT citizenship FROM singer GROUP BY citizenship ORDER BY COUNT(*) DESC LIMIT 1  Step-by-Step Sub-Questions: . What information are we looking for? 2. How can we group the data to find the most common citizenship? 3. How can we order the grouped data to get the most common citizenship at the top? 4. How can we limit the result to only the most common citizenship?,1,0
Show different citizenships and the maximum net worth of singers of each citizenship.,medium,"SELECT Citizenship ,  max(Net_Worth_Millions) FROM singer GROUP BY Citizenship","SELECT citizenship, MAX(net_worth_millions) FROM singer GROUP BY citizenship","SELECT citizenship, MAX(net_worth_millions) FROM singer GROUP BY citizenship",1,1
"For each citizenship, what is the maximum net worth?",medium,"SELECT Citizenship ,  max(Net_Worth_Millions) FROM singer GROUP BY Citizenship","SELECT citizenship, MAX(net_worth_millions) FROM singer GROUP BY citizenship","SELECT citizenship, MAX(net_worth_millions) FROM singer GROUP BY citizenship",1,1
Show titles of songs and names of singers.,medium,"SELECT T2.Title ,  T1.Name FROM singer AS T1 JOIN song AS T2 ON T1.Singer_ID  =  T2.Singer_ID","SELECT T2.title, T1.name FROM singer AS T1 JOIN song AS T2 ON T1.singer_id = T2.singer_id","SELECT T2.title, T1.name FROM singer AS T1 INNER JOIN song AS T2 ON T1.singer_id = T2.singer_id  Step-by-Step Sub-Questions: 1. What information do we need to retrieve? 2. From which tables do we need to retrieve this information? 3. How do we join these tables to get the required information? 4. What columns should we select from each table? 5. What is the final SQL query?",1,0
What are the song titles and singer names?,medium,"SELECT T2.Title ,  T1.Name FROM singer AS T1 JOIN song AS T2 ON T1.Singer_ID  =  T2.Singer_ID","SELECT T2.title, T1.name FROM singer AS T1 JOIN song AS T2 ON T1.singer_id = T2.singer_id","SELECT T2.title, T1.name FROM singer AS T1 INNER JOIN song AS T2 ON T1.singer_id = T2.singer_id  Step-by-Step Sub-Questions: 1. What information are we looking for? 2. Which tables contain the required information? 3. How do we join these tables to get the desired data? 4. What columns should we select from each table?",1,0
Show distinct names of singers that have songs with sales more than 300000.,medium,SELECT DISTINCT T1.Name FROM singer AS T1 JOIN song AS T2 ON T1.Singer_ID  =  T2.Singer_ID WHERE T2.Sales  >  300000,SELECT DISTINCT T1.name FROM singer AS T1 JOIN song AS T2 ON T1.singer_id = T2.singer_id WHERE T2.sales > 300000,SELECT DISTINCT T1.name FROM singer AS T1 INNER JOIN song AS T2 ON T1.singer_id = T2.singer_id WHERE T2.sales > 300000,1,1
what are the different names of the singers that have sales more than 300000?,medium,SELECT DISTINCT T1.Name FROM singer AS T1 JOIN song AS T2 ON T1.Singer_ID  =  T2.Singer_ID WHERE T2.Sales  >  300000,SELECT DISTINCT T1.name FROM singer AS T1 JOIN song AS T2 ON T1.singer_id = T2.singer_id WHERE T2.sales > 300000,SELECT DISTINCT T2.name FROM song AS T1 INNER JOIN singer AS T2 ON T1.singer_id = T2.singer_id WHERE T1.sales > 300000,1,1
Show the names of singers that have more than one song.,medium,SELECT T1.Name FROM singer AS T1 JOIN song AS T2 ON T1.Singer_ID  =  T2.Singer_ID GROUP BY T1.Name HAVING COUNT(*)  >  1,SELECT T1.name FROM singer AS T1 JOIN song AS T2 ON T1.singer_id = T2.singer_id GROUP BY T1.name HAVING COUNT(T2.song_id) > 1,SELECT T1.name FROM singer AS T1 INNER JOIN song AS T2 ON T1.singer_id = T2.singer_id GROUP BY T1.name HAVING COUNT(T2.song_id) > 1,1,1
What are the names of the singers that have more than one songs?,medium,SELECT T1.Name FROM singer AS T1 JOIN song AS T2 ON T1.Singer_ID  =  T2.Singer_ID GROUP BY T1.Name HAVING COUNT(*)  >  1,SELECT T1.name FROM singer AS T1 JOIN song AS T2 ON T1.singer_id = T2.singer_id GROUP BY T1.name HAVING COUNT(T2.song_id) > 1,SELECT T1.name FROM singer AS T1 INNER JOIN song AS T2 ON T1.singer_id = T2.singer_id GROUP BY T1.name HAVING COUNT(T2.song_id) > 1,1,1
Show the names of singers and the total sales of their songs.,medium,"SELECT T1.Name ,  sum(T2.Sales) FROM singer AS T1 JOIN song AS T2 ON T1.Singer_ID  =  T2.Singer_ID GROUP BY T1.Name","SELECT T1.name, SUM(T2.sales) FROM singer AS T1 JOIN song AS T2 ON T1.singer_id = T2.singer_id GROUP BY T1.name","SELECT T1.name, SUM(T2.sales) FROM singer AS T1 INNER JOIN song AS T2 ON T1.singer_id = T2.singer_id GROUP BY T1.name",1,1
"For each singer name, what is the total sales for their songs?",medium,"SELECT T1.Name ,  sum(T2.Sales) FROM singer AS T1 JOIN song AS T2 ON T1.Singer_ID  =  T2.Singer_ID GROUP BY T1.Name","SELECT T1.name, SUM(T2.sales) FROM singer AS T1 JOIN song AS T2 ON T1.singer_id = T2.singer_id GROUP BY T1.name","SELECT T1.name, SUM(T2.sales) FROM singer AS T1 INNER JOIN song AS T2 ON T1.singer_id = T2.singer_id GROUP BY T1.name",1,1
List the name of singers that do not have any song.,hard,SELECT Name FROM singer WHERE Singer_ID NOT IN (SELECT Singer_ID FROM song),SELECT name FROM singer WHERE singer_id NOT IN ( SELECT singer_id FROM song ),SELECT name FROM singer WHERE singer_id NOT IN (SELECT singer_id FROM song),1,1
What is the sname of every sing that does not have any song?,hard,SELECT Name FROM singer WHERE Singer_ID NOT IN (SELECT Singer_ID FROM song),SELECT name FROM singer WHERE singer_id NOT IN ( SELECT singer_id FROM song ),SELECT name FROM singer WHERE singer_id NOT IN (SELECT singer_id FROM song),1,1
Show the citizenship shared by singers with birth year before 1945 and after 1955.,hard,SELECT Citizenship FROM singer WHERE Birth_Year  <  1945 INTERSECT SELECT Citizenship FROM singer WHERE Birth_Year  >  1955,SELECT citizenship FROM singer WHERE birth_year < 1945 INTERSECT SELECT citizenship FROM singer WHERE birth_year > 1955,SELECT citizenship FROM singer WHERE birth_year < 1945 INTERSECT SELECT citizenship FROM singer WHERE birth_year > 1955,1,1
What are the citizenships that are shared by singers with a birth year before 1945 and after 1955?,hard,SELECT Citizenship FROM singer WHERE Birth_Year  <  1945 INTERSECT SELECT Citizenship FROM singer WHERE Birth_Year  >  1955,SELECT citizenship FROM singer WHERE birth_year < 1945 INTERSECT SELECT citizenship FROM singer WHERE birth_year > 1955,SELECT citizenship FROM singer WHERE birth_year < 1945 INTERSECT SELECT citizenship FROM singer WHERE birth_year > 1955,1,1
How many available features are there in total?,easy,SELECT count(*) FROM Other_Available_Features,NULL,SELECT COUNT(feature_id) FROM other_available_features,0,1
What is the feature type name of feature AirCon?,medium,"SELECT T2.feature_type_name FROM Other_Available_Features AS T1 JOIN Ref_Feature_Types AS T2 ON T1.feature_type_code  =  T2.feature_type_code WHERE T1.feature_name  =  ""AirCon""",SELECT T1.feature_type_name FROM ref_feature_types AS T1 JOIN other_available_features AS T2 ON T1.feature_type_code = T2.feature_type_code WHERE T2.feature_name = 'AirCon',SELECT T1.feature_type_name FROM ref_feature_types AS T1 INNER JOIN other_available_features AS T2 ON T1.feature_type_code = T2.feature_type_code WHERE T2.feature_name = 'AirCon',1,1
Show the property type descriptions of properties belonging to that code.,medium,SELECT T2.property_type_description FROM Properties AS T1 JOIN Ref_Property_Types AS T2 ON T1.property_type_code  =  T2.property_type_code GROUP BY T1.property_type_code,SELECT T2.property_type_description FROM properties AS T1 INNER JOIN ref_property_types AS T2 ON T1.property_type_code = T2.property_type_code,SELECT T2.property_type_description FROM properties AS T1 INNER JOIN ref_property_types AS T2 ON T1.property_type_code = T2.property_type_code WHERE T1.property_type_code = '101',1,0
What are the names of properties that are either houses or apartments with more than 1 room?,hard,"SELECT property_name FROM Properties WHERE property_type_code  =  ""House"" UNION SELECT property_name FROM Properties WHERE property_type_code  =  ""Apartment"" AND room_count  >  1","SELECT DISTINCT T2.property_name FROM other_property_features AS T1 INNER JOIN properties AS T2 ON T1.property_id = T2.property_id INNER JOIN other_available_features AS T3 ON T3.feature_id = T1.feature_id WHERE T3.feature_type_code IN ('HSE', 'APT') AND T2.room_count > 1",SELECT property_name FROM properties WHERE (property_type_code = 'HSE' OR property_type_code = 'APT') AND room_count > 1,0,0
