Question,hardness,Ground Truth SQL,Basic Predicted SQL,SoQ Predicted SQL,EX,EX SoQ
How many singers do we have?,easy,SELECT count(*) FROM singer,SELECT COUNT(*) AS total_singers FROM singer,SELECT COUNT(*) FROM singer,1,1
What is the total number of singers?,easy,SELECT count(*) FROM singer,SELECT COUNT(*) FROM singer,SELECT COUNT(*) FROM singer,1,1
"Show name, country, age for all singers ordered by age from the oldest to the youngest.",medium,"SELECT name ,  country ,  age FROM singer ORDER BY age DESC","SELECT name, country, age FROM singer ORDER BY age DESC","SELECT T2.name, T2.country, T2.age FROM singer AS T2 ORDER BY T2.age DESC",1,1
"What are the names, countries, and ages for every singer in descending order of age?",medium,"SELECT name ,  country ,  age FROM singer ORDER BY age DESC","SELECT name, country, age FROM singer ORDER BY age DESC","SELECT T2.name, T2.country, T2.age FROM singer AS T2 ORDER BY T2.age DESC",1,1
"What is the average, minimum, and maximum age of all singers from France?",medium,"SELECT avg(age) ,  min(age) ,  max(age) FROM singer WHERE country  =  'France'","SELECT AVG(age) AS average_age, MIN(age) AS minimum_age, MAX(age) AS maximum_age FROM singer WHERE country = 'France'","SELECT AVG(T2.age), MIN(T2.age), MAX(T2.age) FROM singer AS T2 INNER JOIN concert AS T1 ON T2.singer_id = T1.singer_id INNER JOIN stadium AS T3 ON T1.stadium_id = T3.stadium_id WHERE T3.location = 'France'",1,0
"What is the average, minimum, and maximum age for all French singers?",medium,"SELECT avg(age) ,  min(age) ,  max(age) FROM singer WHERE country  =  'France'","SELECT AVG(age) AS average_age, MIN(age) AS minimum_age, MAX(age) AS maximum_age FROM singer WHERE country = 'France'","SELECT AVG(T2.age), MIN(T2.age), MAX(T2.age) FROM singer AS T2 INNER JOIN concert AS T1 ON T2.singer_id = T1.singer_id INNER JOIN stadium AS T3 ON T1.stadium_id = T3.stadium_id WHERE T3.location = 'France'",1,0
Show the name and the release year of the song by the youngest singer.,medium,"SELECT song_name ,  song_release_year FROM singer ORDER BY age LIMIT 1","SELECT s.song_name, s.song_release_year FROM singer s ORDER BY s.age ASC LIMIT 1","SELECT T2.song_name, T2.song_release_year FROM singer AS T1 INNER JOIN singer_in_concert AS T3 ON T1.singer_id = T3.singer_id INNER JOIN concert AS T4 ON T3.concert_id = T4.concert_id INNER JOIN stadium AS T5 ON T4.stadium_id = T5.stadium_id WHERE T1.age = (SELECT MIN(T6.age) FROM singer AS T6)",1,0
What are the names and release years for all the songs of the youngest singer?,medium,"SELECT song_name ,  song_release_year FROM singer ORDER BY age LIMIT 1","SELECT s.song_name, s.song_release_year FROM singer s WHERE s.age = (SELECT MIN(age) FROM singer)","SELECT T2.song_name, T2.song_release_year FROM singer AS T1 INNER JOIN singer_in_concert AS T3 ON T1.singer_id = T3.singer_id INNER JOIN concert AS T4 ON T3.concert_id = T4.concert_id INNER JOIN stadium AS T5 ON T4.stadium_id = T5.stadium_id WHERE T5.lowest = (SELECT MIN(T6.lowest) FROM stadium AS T6)",1,0
What are all distinct countries where singers above age 20 are from?,easy,SELECT DISTINCT country FROM singer WHERE age  >  20,SELECT DISTINCT country FROM singer WHERE age > 20,SELECT DISTINCT T2.country FROM singer AS T2 INNER JOIN singer_in_concert AS T1 ON T2.singer_id = T1.singer_id WHERE T2.age > 20,1,0
What are  the different countries with singers above age 20?,easy,SELECT DISTINCT country FROM singer WHERE age  >  20,SELECT DISTINCT country FROM singer WHERE age > 20,SELECT DISTINCT T2.country FROM singer AS T2 WHERE T2.age > 20,1,1
Show all countries and the number of singers in each country.,medium,"SELECT country ,  count(*) FROM singer GROUP BY country","SELECT country, COUNT(singer_id) AS number_of_singers FROM singer GROUP BY country","SELECT S.country, COUNT(S.singer_id) AS number_of_singers FROM singer AS S GROUP BY S.country",1,1
How many singers are from each country?,medium,"SELECT country ,  count(*) FROM singer GROUP BY country","SELECT country, COUNT(*) AS number_of_singers FROM singer GROUP BY country ORDER BY number_of_singers DESC","SELECT S.country, COUNT(S.singer_id) AS number_of_singers FROM singer AS S GROUP BY S.country",1,1
List all song names by singers above the average age.,hard,SELECT song_name FROM singer WHERE age  >  (SELECT avg(age) FROM singer),SELECT s.song_name FROM singer s WHERE s.age > (SELECT AVG(age) FROM singer),SELECT T2.song_name FROM singer AS T1 INNER JOIN singer_in_concert AS T3 ON T1.singer_id = T3.singer_id INNER JOIN concert AS T4 ON T3.concert_id = T4.concert_id INNER JOIN stadium AS T5 ON T4.stadium_id = T5.stadium_id WHERE T1.age > (SELECT AVG(age) FROM singer) AND T5.location = 'USA',1,0
What are all the song names by singers who are older than average?,hard,SELECT song_name FROM singer WHERE age  >  (SELECT avg(age) FROM singer),SELECT s.song_name FROM singer s WHERE s.age > (SELECT AVG(age) FROM singer),SELECT DISTINCT T2.song_name FROM singer AS T1 INNER JOIN singer_in_concert AS T3 ON T1.singer_id = T3.singer_id INNER JOIN concert AS T4 ON T3.concert_id = T4.concert_id INNER JOIN stadium AS T5 ON T4.stadium_id = T5.stadium_id WHERE T1.age > (SELECT AVG(age) FROM singer),1,0
Show location and name for all stadiums with a capacity between 5000 and 10000.,medium,"SELECT LOCATION ,  name FROM stadium WHERE capacity BETWEEN 5000 AND 10000","SELECT location, name FROM stadium WHERE capacity BETWEEN 5000 AND 10000","SELECT location, name FROM stadium WHERE capacity BETWEEN 5000 AND 10000",1,1
What are the locations and names of all stations with capacity between 5000 and 10000?,medium,"SELECT LOCATION ,  name FROM stadium WHERE capacity BETWEEN 5000 AND 10000","SELECT location, name  FROM stadium  WHERE capacity BETWEEN 5000 AND 10000","SELECT location, name FROM stadium WHERE capacity BETWEEN 5000 AND 10000",1,1
What is the maximum capacity and the average of all stadiums ?,medium,"select max(capacity), average from stadium","SELECT MAX(capacity) AS max_capacity, AVG(capacity) AS avg_capacity FROM stadium","SELECT MAX(capacity) AS max_capacity, AVG(capacity) AS avg_capacity FROM stadium",0,0
What is the average and maximum capacities for all stadiums ?,medium,"select avg(capacity) ,  max(capacity) from stadium","SELECT AVG(capacity) AS average_capacity, MAX(capacity) AS maximum_capacity FROM stadium","SELECT AVG(capacity) AS average_capacity, MAX(capacity) AS maximum_capacity FROM stadium",1,1
What is the name and capacity for the stadium with highest average attendance?,medium,"SELECT name ,  capacity FROM stadium ORDER BY average DESC LIMIT 1","SELECT name, capacity FROM stadium ORDER BY average DESC LIMIT 1","SELECT T1.name, T1.capacity FROM stadium AS T1 WHERE T1.average = (SELECT MAX(average) FROM stadium)",1,1
What is the name and capacity for the stadium with the highest average attendance?,medium,"SELECT name ,  capacity FROM stadium ORDER BY average DESC LIMIT 1","SELECT name, capacity FROM stadium WHERE average = (SELECT MAX(average) FROM stadium)",NULL,1,0
How many concerts are there in year 2014 or 2015?,medium,SELECT count(*) FROM concert WHERE YEAR  =  2014 OR YEAR  =  2015,SELECT COUNT(*) AS total_concerts FROM concert WHERE year = 2014 OR year = 2015,NULL,1,0
How many concerts occurred in 2014 or 2015?,medium,SELECT count(*) FROM concert WHERE YEAR  =  2014 OR YEAR  =  2015,"SELECT COUNT(*) AS number_of_concerts FROM concert WHERE year IN (2014, 2015)","SELECT COUNT(DISTINCT concert.concert_id) FROM concert WHERE concert.year IN (2014, 2015)",1,1
Show the stadium name and the number of concerts in each stadium.,medium,"SELECT T2.name ,  count(*) FROM concert AS T1 JOIN stadium AS T2 ON T1.stadium_id  =  T2.stadium_id GROUP BY T1.stadium_id","SELECT s.name, COUNT(c.concert_id) AS num_concerts FROM stadium s JOIN concert c ON s.stadium_id = c.stadium_id GROUP BY s.stadium_id","SELECT T1.name, COUNT(T3.concert_id) AS num_concerts FROM stadium AS T1 INNER JOIN concert AS T3 ON T1.stadium_id = T3.stadium_id GROUP BY T1.stadium_id",1,1
"For each stadium, how many concerts play there?",medium,"SELECT T2.name ,  count(*) FROM concert AS T1 JOIN stadium AS T2 ON T1.stadium_id  =  T2.stadium_id GROUP BY T1.stadium_id","SELECT stadium.name, COUNT(concert.concert_id) AS concert_count FROM stadium JOIN concert ON stadium.stadium_id = concert.stadium_id GROUP BY stadium.stadium_id","SELECT T1.stadium_id, T1.name, T1.capacity, COUNT(T2.concert_id) AS num_concerts FROM stadium AS T1 LEFT JOIN concert AS T2 ON T1.stadium_id = T2.stadium_id GROUP BY T1.stadium_id",1,0
Show the stadium name and capacity with most number of concerts in year 2014 or after.,extra,"SELECT T2.name ,  T2.capacity FROM concert AS T1 JOIN stadium AS T2 ON T1.stadium_id  =  T2.stadium_id WHERE T1.year  >=  2014 GROUP BY T2.stadium_id ORDER BY count(*) DESC LIMIT 1","SELECT s.name, s.capacity FROM stadium s JOIN concert c ON s.stadium_id = c.stadium_id WHERE c.year >= 2014 GROUP BY s.stadium_id ORDER BY COUNT(c.concert_id) DESC LIMIT 1",NULL,1,0
What is the name and capacity of the stadium with the most concerts after 2013 ?,extra,"select t2.name ,  t2.capacity from concert as t1 join stadium as t2 on t1.stadium_id  =  t2.stadium_id where t1.year  >  2013 group by t2.stadium_id order by count(*) desc limit 1","SELECT s.name, s.capacity FROM stadium s JOIN concert c ON s.stadium_id = c.stadium_id WHERE c.year > 2013 ORDER BY COUNT(c.concert_id) DESC LIMIT 1",NULL,0,0
Which year has most number of concerts?,hard,SELECT YEAR FROM concert GROUP BY YEAR ORDER BY count(*) DESC LIMIT 1,"SELECT year, COUNT(*) AS concert_count FROM concert GROUP BY year ORDER BY concert_count DESC LIMIT 1","SELECT T3.year, COUNT(T3.year) AS num_concerts FROM concert AS T3 GROUP BY T3.year ORDER BY num_concerts DESC LIMIT 1",0,0
What is the year that had the most concerts?,hard,SELECT YEAR FROM concert GROUP BY YEAR ORDER BY count(*) DESC LIMIT 1,"SELECT year, COUNT(*) AS concert_count FROM concert GROUP BY year ORDER BY concert_count DESC LIMIT 1","SELECT T3.year FROM concert AS T3 INNER JOIN (SELECT T4.year, COUNT(T4.year) AS year_count FROM concert AS T4 GROUP BY T4.year) AS T5 ON T3.year = T5.year ORDER BY T5.year_count DESC LIMIT 1",0,0
Show the stadium names without any concert.,hard,SELECT name FROM stadium WHERE stadium_id NOT IN (SELECT stadium_id FROM concert),SELECT s.name FROM stadium s LEFT JOIN concert c ON s.stadium_id = c.stadium_id WHERE c.concert_id IS NULL,SELECT s.name FROM stadium AS s LEFT JOIN concert AS c ON s.stadium_id = c.stadium_id WHERE c.concert_id IS NULL,1,1
What are the names of the stadiums without any concerts?,hard,SELECT name FROM stadium WHERE stadium_id NOT IN (SELECT stadium_id FROM concert),SELECT s.name FROM stadium s LEFT JOIN concert c ON s.stadium_id = c.stadium_id WHERE c.concert_id IS NULL,SELECT s.name FROM stadium AS s LEFT JOIN concert AS c ON s.stadium_id = c.stadium_id WHERE c.concert_id IS NULL,1,1
Show countries where a singer above age 40 and a singer below 30 are from.,hard,SELECT country FROM singer WHERE age  >  40 INTERSECT SELECT country FROM singer WHERE age  <  30,SELECT DISTINCT s1.country FROM singer s1 JOIN singer s2 ON s1.country = s2.country WHERE s1.age > 40 AND s2.age < 30,SELECT DISTINCT T1.country FROM singer AS T1 INNER JOIN singer AS T2 ON T1.country = T2.country WHERE T1.age > 40 AND T2.age < 30,1,1
Show names for all stadiums except for stadiums having a concert in year 2014.,hard,SELECT name FROM stadium EXCEPT SELECT T2.name FROM concert AS T1 JOIN stadium AS T2 ON T1.stadium_id  =  T2.stadium_id WHERE T1.year  =  2014,SELECT name FROM stadium WHERE stadium_id NOT IN (     SELECT stadium_id     FROM concert     WHERE year = 2014 ),SELECT s.name FROM stadium AS s LEFT JOIN concert AS c ON s.stadium_id = c.stadium_id WHERE c.year != 2014 OR c.year IS NULL,1,0
What are the names of all stadiums that did not have a concert in 2014?,hard,SELECT name FROM stadium EXCEPT SELECT T2.name FROM concert AS T1 JOIN stadium AS T2 ON T1.stadium_id  =  T2.stadium_id WHERE T1.year  =  2014,SELECT s.name FROM stadium s LEFT JOIN concert c ON s.stadium_id = c.stadium_id AND c.year = 2014 WHERE c.concert_id IS NULL,NULL,1,0
Show the name and theme for all concerts and the number of singers in each concert.,medium,"SELECT T2.concert_name ,  T2.theme ,  count(*) FROM singer_in_concert AS T1 JOIN concert AS T2 ON T1.concert_id  =  T2.concert_id GROUP BY T2.concert_id","SELECT c.concert_name, c.theme, COUNT(s.singer_id) AS number_of_singers FROM concert c LEFT JOIN singer_in_concert s ON c.concert_id = s.concert_id GROUP BY c.concert_id",NULL,1,0
"What are the names , themes , and number of singers for every concert ?",medium,"select t2.concert_name ,  t2.theme ,  count(*) from singer_in_concert as t1 join concert as t2 on t1.concert_id  =  t2.concert_id group by t2.concert_id","SELECT    concert.concert_name,   concert.theme,   COUNT(singer_in_concert.singer_id) AS number_of_singers FROM    concert JOIN    singer_in_concert ON concert.concert_id = singer_in_concert.concert_id GROUP BY    concert.concert_id",NULL,1,0
List singer names and number of concerts for each singer.,medium,"SELECT T2.name ,  count(*) FROM singer_in_concert AS T1 JOIN singer AS T2 ON T1.singer_id  =  T2.singer_id GROUP BY T2.singer_id","SELECT s.name, COUNT(sc.concert_id) AS number_of_concerts FROM singer s JOIN singer_in_concert sc ON s.singer_id = sc.singer_id GROUP BY s.singer_id ORDER BY number_of_concerts DESC, s.name","SELECT T2.name, COUNT(T3.concert_id) AS NumberOfConcerts FROM singer AS T2 INNER JOIN singer_in_concert AS T3 ON T2.singer_id = T3.singer_id GROUP BY T2.singer_id",1,1
What are the names of the singers and number of concerts for each person?,medium,"SELECT T2.name ,  count(*) FROM singer_in_concert AS T1 JOIN singer AS T2 ON T1.singer_id  =  T2.singer_id GROUP BY T2.singer_id","SELECT s.name, COUNT(sc.concert_id) AS number_of_concerts FROM singer s JOIN singer_in_concert sc ON s.singer_id = sc.singer_id GROUP BY s.singer_id ORDER BY number_of_concerts DESC, s.name ASC",NULL,1,0
List all singer names in concerts in year 2014.,hard,SELECT T2.name FROM singer_in_concert AS T1 JOIN singer AS T2 ON T1.singer_id  =  T2.singer_id JOIN concert AS T3 ON T1.concert_id  =  T3.concert_id WHERE T3.year  =  2014,SELECT DISTINCT singer.name FROM singer JOIN singer_in_concert ON singer.singer_id = singer_in_concert.singer_id JOIN concert ON singer_in_concert.concert_id = concert.concert_id WHERE concert.year = 2014,SELECT DISTINCT T2.name FROM singer AS T2 INNER JOIN singer_in_concert AS T1 ON T2.singer_id = T1.singer_id INNER JOIN concert AS T3 ON T1.concert_id = T3.concert_id WHERE T3.year = 2014,1,1
What are the names of the singers who performed in a concert in 2014?,hard,SELECT T2.name FROM singer_in_concert AS T1 JOIN singer AS T2 ON T1.singer_id  =  T2.singer_id JOIN concert AS T3 ON T1.concert_id  =  T3.concert_id WHERE T3.year  =  2014,SELECT DISTINCT s.name FROM singer s JOIN singer_in_concert sic ON s.singer_id = sic.singer_id JOIN concert c ON sic.concert_id = c.concert_id WHERE c.year = 2014,NULL,1,0
what is the name and nation of the singer who have a song having 'Hey' in its name?,medium,"SELECT name ,  country FROM singer WHERE song_name LIKE '%Hey%'","SELECT name, country FROM singer WHERE song_name LIKE '%Hey%'","SELECT T2.name, T2.country FROM singer AS T1 INNER JOIN singer AS T2 ON T1.singer_id = T2.singer_id WHERE T1.song_name LIKE '%Hey%'",1,1
What is the name and country of origin of every singer who has a song with the word 'Hey' in its title?,medium,"SELECT name ,  country FROM singer WHERE song_name LIKE '%Hey%'","SELECT s.name, s.country FROM singer s WHERE s.song_name LIKE '%Hey%'",NULL,1,0
Find the name and location of the stadiums which some concerts happened in the years of both 2014 and 2015.,extra,"SELECT T2.name ,  T2.location FROM concert AS T1 JOIN stadium AS T2 ON T1.stadium_id  =  T2.stadium_id WHERE T1.Year  =  2014 INTERSECT SELECT T2.name ,  T2.location FROM concert AS T1 JOIN stadium AS T2 ON T1.stadium_id  =  T2.stadium_id WHERE T1.Year  =  2015","SELECT s.name, s.location FROM stadium s JOIN concert c ON s.stadium_id = c.stadium_id WHERE c.year IN (2014, 2015) GROUP BY s.stadium_id HAVING COUNT(DISTINCT c.year) = 2","SELECT DISTINCT T1.name, T1.location FROM stadium AS T1 INNER JOIN concert AS T2 ON T1.stadium_id = T2.stadium_id WHERE T2.year IN (2014, 2015)",1,0
What are the names and locations of the stadiums that had concerts that occurred in both 2014 and 2015?,extra,"SELECT T2.name ,  T2.location FROM concert AS T1 JOIN stadium AS T2 ON T1.stadium_id  =  T2.stadium_id WHERE T1.Year  =  2014 INTERSECT SELECT T2.name ,  T2.location FROM concert AS T1 JOIN stadium AS T2 ON T1.stadium_id  =  T2.stadium_id WHERE T1.Year  =  2015","SELECT DISTINCT s.name, s.location FROM stadium s JOIN concert c ON s.stadium_id = c.stadium_id WHERE c.year IN (2014, 2015) GROUP BY s.stadium_id HAVING COUNT(DISTINCT c.year) = 2",NULL,1,0
Find the number of concerts happened in the stadium with the highest capacity .,hard,select count(*) from concert where stadium_id = (select stadium_id from stadium order by capacity desc limit 1),SELECT COUNT(*) AS number_of_concerts FROM concert WHERE stadium_id = (     SELECT stadium_id     FROM stadium     ORDER BY capacity DESC     LIMIT 1 ),SELECT COUNT(T3.concert_id) FROM concert AS T3 INNER JOIN stadium AS T1 ON T3.stadium_id = T1.stadium_id WHERE T1.capacity = (SELECT MAX(T2.capacity) FROM stadium AS T2),1,1
What are the number of concerts that occurred in the stadium with the largest capacity ?,hard,select count(*) from concert where stadium_id = (select stadium_id from stadium order by capacity desc limit 1),SELECT COUNT(c.concert_id) AS number_of_concerts FROM concert c JOIN stadium s ON c.stadium_id = s.stadium_id WHERE s.stadium_id = (     SELECT stadium_id     FROM stadium     ORDER BY capacity DESC     LIMIT 1 ),NULL,1,0
Find the number of pets whose weight is heavier than 10.,easy,SELECT count(*) FROM pets WHERE weight  >  10,SELECT COUNT(*) FROM pets WHERE weight > 10,SELECT COUNT(*) FROM pets WHERE weight > 10,1,1
How many pets have a greater weight than 10?,easy,SELECT count(*) FROM pets WHERE weight  >  10,SELECT COUNT(*) FROM pets WHERE weight > 10,SELECT COUNT(*) FROM pets WHERE weight > 10,1,1
Find the weight of the youngest dog.,medium,SELECT weight FROM pets ORDER BY pet_age LIMIT 1,SELECT MIN(weight) AS min_weight FROM pets WHERE pettype = 'dog',SELECT MIN(T3.weight) FROM has_pet AS T1 INNER JOIN pets AS T2 ON T1.petid = T2.petid INNER JOIN pets AS T3 ON T2.petid = T3.petid WHERE T2.pettype = 'dog' AND T3.pettype = 'dog',1,1
How much does the youngest dog weigh?,medium,SELECT weight FROM pets ORDER BY pet_age LIMIT 1,SELECT MIN(p.weight) AS min_weight FROM pets p JOIN has_pet hp ON p.petid = hp.petid WHERE p.pettype = 'dog',SELECT MIN(T3.weight) FROM has_pet AS T1 INNER JOIN pets AS T2 ON T1.petid = T2.petid INNER JOIN student AS T3 ON T1.stuid = T3.stuid WHERE T2.pettype = 'dog' AND T3.sex = 'female',1,0
Find the maximum weight for each type of pet. List the maximum weight and pet type.,medium,"SELECT max(weight) ,  petType FROM pets GROUP BY petType","SELECT pettype, MAX(weight) AS max_weight FROM pets GROUP BY pettype","SELECT pettype, MAX(weight) FROM pets GROUP BY pettype",0,0
List the maximum weight and type for each type of pet.,medium,"SELECT max(weight) ,  petType FROM pets GROUP BY petType","SELECT pettype, MAX(weight) AS max_weight FROM pets GROUP BY pettype","SELECT pettype, MAX(weight) FROM pets GROUP BY pettype",0,0
Find number of pets owned by students who are older than 20.,medium,SELECT count(*) FROM student AS T1 JOIN has_pet AS T2 ON T1.stuid  =  T2.stuid WHERE T1.age  >  20,SELECT COUNT(DISTINCT hp.petid) AS num_pets FROM has_pet hp JOIN student s ON hp.stuid = s.stuid WHERE s.age > 20,SELECT COUNT(DISTINCT T2.petid) FROM student AS T1 INNER JOIN has_pet AS T2 ON T1.stuid = T2.stuid INNER JOIN pets AS T3 ON T2.petid = T3.petid WHERE T1.age > 20,1,1
How many pets are owned by students that have an age greater than 20?,medium,SELECT count(*) FROM student AS T1 JOIN has_pet AS T2 ON T1.stuid  =  T2.stuid WHERE T1.age  >  20,SELECT COUNT(*) AS num_pets FROM has_pet hp JOIN student s ON hp.stuid = s.stuid WHERE s.age > 20,NULL,1,0
Find the number of dog pets that are raised by female students (with sex F).,hard,SELECT count(*) FROM student AS T1 JOIN has_pet AS T2 ON T1.stuid  =  T2.stuid JOIN pets AS T3 ON T2.petid  =  T3.petid WHERE T1.sex  =  'F' AND T3.pettype  =  'dog',SELECT COUNT(*) AS number_of_dog_pets FROM has_pet hp JOIN pets p ON hp.petid = p.petid JOIN student s ON hp.stuid = s.stuid WHERE p.pettype = 'dog' AND s.sex = 'F',SELECT COUNT(DISTINCT T2.petid) FROM student AS T1 INNER JOIN has_pet AS T2 ON T1.stuid = T2.stuid INNER JOIN pets AS T3 ON T2.petid = T3.petid WHERE T3.pettype = 'dog' AND T1.sex = 'F',1,1
How many dog pets are raised by female students?,hard,SELECT count(*) FROM student AS T1 JOIN has_pet AS T2 ON T1.stuid  =  T2.stuid JOIN pets AS T3 ON T2.petid  =  T3.petid WHERE T1.sex  =  'F' AND T3.pettype  =  'dog',SELECT COUNT(*) FROM (SELECT DISTINCT p.petid FROM pets p JOIN has_pet hp ON p.petid = hp.petid JOIN student s ON hp.stuid = s.stuid WHERE p.pettype = 'dog' AND s.sex = 'F') AS dog_pets_by_female_students,NULL,1,0
Find the number of distinct type of pets.,easy,SELECT count(DISTINCT pettype) FROM pets,SELECT COUNT(DISTINCT pettype) FROM pets,SELECT COUNT(DISTINCT T2.pettype) FROM has_pet AS T1 INNER JOIN pets AS T2 ON T1.petid = T2.petid,1,1
How many different types of pet are there?,easy,SELECT count(DISTINCT pettype) FROM pets,SELECT COUNT(DISTINCT pettype) AS distinct_pet_types FROM pets,SELECT COUNT(DISTINCT pettype) FROM pets,1,1
Find the first name of students who have cat or dog pet.,extra,SELECT DISTINCT T1.Fname FROM student AS T1 JOIN has_pet AS T2 ON T1.stuid  =  T2.stuid JOIN pets AS T3 ON T3.petid  =  T2.petid WHERE T3.pettype  =  'cat' OR T3.pettype  =  'dog',"SELECT DISTINCT s.fname FROM student s JOIN has_pet hp ON s.stuid = hp.stuid JOIN pets p ON hp.petid = p.petid WHERE p.pettype IN ('cat', 'dog')","SELECT DISTINCT T1.fname FROM student AS T1 INNER JOIN has_pet AS T2 ON T1.stuid = T2.stuid INNER JOIN pets AS T3 ON T2.petid = T3.petid WHERE T3.pettype IN ('cat', 'dog')",1,1
What are the first names of every student who has a cat or dog as a pet?,extra,SELECT DISTINCT T1.Fname FROM student AS T1 JOIN has_pet AS T2 ON T1.stuid  =  T2.stuid JOIN pets AS T3 ON T3.petid  =  T2.petid WHERE T3.pettype  =  'cat' OR T3.pettype  =  'dog',"SELECT DISTINCT s.fname FROM student s JOIN has_pet hp ON s.stuid = hp.stuid JOIN pets p ON hp.petid = p.petid WHERE p.pettype IN ('cat', 'dog')",NULL,1,0
Find the first name of students who have both cat and dog pets .,extra,select t1.fname from student as t1 join has_pet as t2 on t1.stuid  =  t2.stuid join pets as t3 on t3.petid  =  t2.petid where t3.pettype  =  'cat' intersect select t1.fname from student as t1 join has_pet as t2 on t1.stuid  =  t2.stuid join pets as t3 on t3.petid  =  t2.petid where t3.pettype  =  'dog',"SELECT DISTINCT s.fname FROM student s JOIN has_pet hp ON s.stuid = hp.stuid JOIN pets p ON hp.petid = p.petid WHERE p.pettype IN ('cat', 'dog') GROUP BY s.stuid HAVING COUNT(DISTINCT p.pettype) = 2","SELECT DISTINCT T1.fname FROM student AS T1 INNER JOIN has_pet AS T2 ON T1.stuid = T2.stuid INNER JOIN pets AS T3 ON T2.petid = T3.petid WHERE T3.pettype IN ('cat', 'dog') GROUP BY T1.fname HAVING COUNT(DISTINCT T3.pettype) = 2",1,1
What are the students' first names who have both cats and dogs as pets?,extra,SELECT T1.Fname FROM student AS T1 JOIN has_pet AS T2 ON T1.stuid  =  T2.stuid JOIN pets AS T3 ON T3.petid  =  T2.petid WHERE T3.pettype  =  'cat' INTERSECT SELECT T1.Fname FROM student AS T1 JOIN has_pet AS T2 ON T1.stuid  =  T2.stuid JOIN pets AS T3 ON T3.petid  =  T2.petid WHERE T3.pettype  =  'dog',"SELECT DISTINCT s.fname FROM student s JOIN has_pet hp ON s.stuid = hp.stuid JOIN pets p ON hp.petid = p.petid WHERE p.pettype IN ('cat', 'dog') GROUP BY s.fname HAVING COUNT(DISTINCT p.pettype) = 2",NULL,1,0
Find the major and age of students who do not have a cat pet.,extra,"SELECT major ,  age FROM student WHERE stuid NOT IN (SELECT T1.stuid FROM student AS T1 JOIN has_pet AS T2 ON T1.stuid  =  T2.stuid JOIN pets AS T3 ON T3.petid  =  T2.petid WHERE T3.pettype  =  'cat')","SELECT DISTINCT s.major, s.age FROM student s LEFT JOIN has_pet hp ON s.stuid = hp.stuid LEFT JOIN pets p ON hp.petid = p.petid WHERE p.pettype != 'cat' ORDER BY s.major, s.age","SELECT DISTINCT T1.major, T1.age FROM student AS T1 INNER JOIN has_pet AS T2 ON T1.stuid = T2.stuid INNER JOIN pets AS T3 ON T2.petid = T3.petid WHERE T3.pettype != 'cat'",0,0
"What major is every student who does not own a cat as a pet, and also how old are they?",extra,"SELECT major ,  age FROM student WHERE stuid NOT IN (SELECT T1.stuid FROM student AS T1 JOIN has_pet AS T2 ON T1.stuid  =  T2.stuid JOIN pets AS T3 ON T3.petid  =  T2.petid WHERE T3.pettype  =  'cat')","SELECT s.major, s.age FROM student s WHERE NOT EXISTS (     SELECT 1     FROM has_pet hp     JOIN pets p ON hp.petid = p.petid     WHERE p.pettype = 'cat' AND hp.stuid = s.stuid )","SELECT DISTINCT T1.major, T1.age FROM student AS T1 INNER JOIN has_pet AS T2 ON T1.stuid = T2.stuid INNER JOIN pets AS T3 ON T2.petid = T3.petid WHERE T3.pettype != 'cat'",1,0
Find the id of students who do not have a cat pet.,hard,SELECT stuid FROM student EXCEPT SELECT T1.stuid FROM student AS T1 JOIN has_pet AS T2 ON T1.stuid  =  T2.stuid JOIN pets AS T3 ON T3.petid  =  T2.petid WHERE T3.pettype  =  'cat',SELECT s.stuid FROM student s LEFT JOIN has_pet hp ON s.stuid = hp.stuid LEFT JOIN pets p ON hp.petid = p.petid WHERE p.pettype != 'cat' OR p.pettype IS NULL,SELECT DISTINCT T1.stuid FROM student AS T1 LEFT JOIN has_pet AS T2 ON T1.stuid = T2.stuid LEFT JOIN pets AS T3 ON T2.petid = T3.petid WHERE T3.pettype != 'cat',1,0
What are the ids of the students who do not own cats as pets?,hard,SELECT stuid FROM student EXCEPT SELECT T1.stuid FROM student AS T1 JOIN has_pet AS T2 ON T1.stuid  =  T2.stuid JOIN pets AS T3 ON T3.petid  =  T2.petid WHERE T3.pettype  =  'cat',SELECT s.stuid FROM student s LEFT JOIN has_pet hp ON s.stuid = hp.stuid LEFT JOIN pets p ON hp.petid = p.petid WHERE p.pettype != 'cat' ,SELECT DISTINCT T1.stuid FROM student AS T1 LEFT JOIN has_pet AS T2 ON T1.stuid = T2.stuid LEFT JOIN pets AS T3 ON T2.petid = T3.petid WHERE T3.pettype != 'Cat',0,0
Find the first name and age of students who have a dog but do not have a cat as a pet.,extra,"SELECT T1.fname ,  T1.age FROM student AS T1 JOIN has_pet AS T2 ON T1.stuid  =  T2.stuid JOIN pets AS T3 ON T3.petid  =  T2.petid WHERE T3.pettype  =  'dog' AND T1.stuid NOT IN (SELECT T1.stuid FROM student AS T1 JOIN has_pet AS T2 ON T1.stuid  =  T2.stuid JOIN pets AS T3 ON T3.petid  =  T2.petid WHERE T3.pettype  =  'cat')","SELECT s.fname, s.age FROM student s JOIN has_pet hp ON s.stuid = hp.stuid JOIN pets p ON hp.petid = p.petid WHERE p.pettype = 'dog' AND NOT EXISTS (     SELECT 1     FROM has_pet hp2     JOIN pets p2 ON hp2.petid = p2.petid     WHERE hp2.stuid = s.stuid AND p2.pettype = 'cat' )","SELECT T1.fname, T1.age FROM student AS T1 INNER JOIN has_pet AS T2 ON T1.stuid = T2.stuid INNER JOIN pets AS T3 ON T2.petid = T3.petid WHERE T3.pettype = 'dog' AND NOT EXISTS (SELECT 1 FROM has_pet AS T4 INNER JOIN pets AS T5 ON T4.petid = T5.petid WHERE T4.stuid = T1.stuid AND T5.pettype = 'cat')",1,1
What is the first name of every student who has a dog but does not have a cat?,extra,"SELECT T1.fname ,  T1.age FROM student AS T1 JOIN has_pet AS T2 ON T1.stuid  =  T2.stuid JOIN pets AS T3 ON T3.petid  =  T2.petid WHERE T3.pettype  =  'dog' AND T1.stuid NOT IN (SELECT T1.stuid FROM student AS T1 JOIN has_pet AS T2 ON T1.stuid  =  T2.stuid JOIN pets AS T3 ON T3.petid  =  T2.petid WHERE T3.pettype  =  'cat')",SELECT DISTINCT s.fname FROM student s JOIN has_pet hp ON s.stuid = hp.stuid JOIN pets p ON hp.petid = p.petid WHERE p.pettype = 'dog' AND s.stuid NOT IN (     SELECT s.stuid     FROM student s     JOIN has_pet hp ON s.stuid = hp.stuid     JOIN pets p ON hp.petid = p.petid     WHERE p.pettype = 'cat' ),NULL,0,0
Find the type and weight of the youngest pet.,medium,"SELECT pettype ,  weight FROM pets ORDER BY pet_age LIMIT 1","SELECT pettype, weight FROM pets ORDER BY pet_age ASC LIMIT 1","SELECT pettype, weight FROM pets WHERE pet_age = (SELECT MIN(pet_age) FROM pets) LIMIT 1",1,1
"What type of pet is the youngest animal, and how much does it weigh?",medium,"SELECT pettype ,  weight FROM pets ORDER BY pet_age LIMIT 1","SELECT p.pettype, p.weight FROM pets p JOIN has_pet hp ON p.petid = hp.petid ORDER BY p.pet_age ASC LIMIT 1","SELECT T3.pettype, T3.weight FROM has_pet AS T1 INNER JOIN pets AS T2 ON T1.petid = T2.petid INNER JOIN pets AS T3 ON T2.petid = T3.petid WHERE T3.pet_age = (SELECT MIN(T4.pet_age) FROM pets AS T4)",1,1
Find the id and weight of all pets whose age is older than 1.,medium,"SELECT petid ,  weight FROM pets WHERE pet_age  >  1","SELECT petid, weight FROM pets WHERE pet_age > 1","SELECT petid, weight FROM pets WHERE pet_age > 1",1,1
What is the id and weight of every pet who is older than 1?,medium,"SELECT petid ,  weight FROM pets WHERE pet_age  >  1","SELECT petid, weight FROM pets WHERE pet_age > 1","SELECT T2.petid, T2.weight FROM has_pet AS T1 INNER JOIN pets AS T2 ON T1.petid = T2.petid WHERE T2.pet_age > 1",1,1
Find the average and maximum age for each type of pet.,medium,"SELECT avg(pet_age) ,  max(pet_age) ,  pettype FROM pets GROUP BY pettype","SELECT    p.pettype,   AVG(s.age) AS avg_age,   MAX(s.age) AS max_age FROM    student s JOIN    has_pet hp ON s.stuid = hp.stuid JOIN    pets p ON hp.petid = p.petid GROUP BY    p.pettype","SELECT T2.pettype, AVG(T1.age) AS avg_age, MAX(T1.age) AS max_age FROM student AS T1 INNER JOIN has_pet AS T3 ON T1.stuid = T3.stuid INNER JOIN pets AS T2 ON T3.petid = T2.petid GROUP BY T2.pettype",0,0
What is the average and maximum age for each pet type?,medium,"SELECT avg(pet_age) ,  max(pet_age) ,  pettype FROM pets GROUP BY pettype","SELECT    p.pettype,   AVG(s.age) AS avg_age,   MAX(s.age) AS max_age FROM    student s JOIN    has_pet hp ON s.stuid = hp.stuid JOIN    pets p ON hp.petid = p.petid GROUP BY    p.pettype","SELECT T3.pettype, AVG(T1.age) AS AverageAge, MAX(T1.age) AS MaximumAge FROM student AS T1 INNER JOIN has_pet AS T2 ON T1.stuid = T2.stuid INNER JOIN pets AS T3 ON T2.petid = T3.petid GROUP BY T3.pettype",0,0
Find the average weight for each pet type.,medium,"SELECT avg(weight) ,  pettype FROM pets GROUP BY pettype","SELECT pettype, AVG(weight) AS average_weight FROM pets GROUP BY pettype","SELECT pettype, AVG(weight) AS avg_weight FROM pets GROUP BY pettype",0,0
What is the average weight for each type of pet?,medium,"SELECT avg(weight) ,  pettype FROM pets GROUP BY pettype","SELECT pettype, AVG(weight) AS average_weight FROM pets GROUP BY pettype","SELECT T2.pettype, AVG(T2.weight) AS avg_weight FROM has_pet AS T1 INNER JOIN pets AS T2 ON T1.petid = T2.petid GROUP BY T2.pettype",0,0
Find the first name and age of students who have a pet.,medium,"SELECT DISTINCT T1.fname ,  T1.age FROM student AS T1 JOIN has_pet AS T2 ON T1.stuid  =  T2.stuid","SELECT s.fname, s.age FROM student s JOIN has_pet hp ON s.stuid = hp.stuid JOIN pets p ON hp.petid = p.petid","SELECT T1.fname, T1.age FROM student AS T1 INNER JOIN has_pet AS T2 ON T1.stuid = T2.stuid INNER JOIN pets AS T3 ON T2.petid = T3.petid",1,1
What are the different first names and ages of the students who do have pets?,medium,"SELECT DISTINCT T1.fname ,  T1.age FROM student AS T1 JOIN has_pet AS T2 ON T1.stuid  =  T2.stuid","SELECT DISTINCT s.fname, s.age FROM student s JOIN has_pet hp ON s.stuid = hp.stuid JOIN pets p ON hp.petid = p.petid","SELECT DISTINCT T1.fname, T1.age FROM student AS T1 INNER JOIN has_pet AS T2 ON T1.stuid = T2.stuid INNER JOIN pets AS T3 ON T2.petid = T3.petid",1,1
Find the id of the pet owned by student whose last name is ‘Smith’.,medium,SELECT T2.petid FROM student AS T1 JOIN has_pet AS T2 ON T1.stuid  =  T2.stuid WHERE T1.Lname  =  'Smith',SELECT p.petid FROM pets p JOIN has_pet hp ON p.petid = hp.petid JOIN student s ON hp.stuid = s.stuid WHERE s.lname = 'Smith',SELECT P.petid FROM student AS S INNER JOIN has_pet AS HP ON S.stuid = HP.stuid INNER JOIN pets AS P ON HP.petid = P.petid WHERE S.lname = 'Smith',1,1
What is the id of the pet owned by the student whose last name is 'Smith'?,medium,SELECT T2.petid FROM student AS T1 JOIN has_pet AS T2 ON T1.stuid  =  T2.stuid WHERE T1.Lname  =  'Smith',SELECT p.petid FROM pets p JOIN has_pet hp ON p.petid = hp.petid JOIN student s ON hp.stuid = s.stuid WHERE s.lname = 'Smith',SELECT P.petid FROM student AS S INNER JOIN has_pet AS HP ON S.stuid = HP.stuid INNER JOIN pets AS P ON HP.petid = P.petid WHERE S.lname = 'Smith',1,1
Find the number of pets for each student who has any pet and student id.,medium,"SELECT count(*) ,  T1.stuid FROM student AS T1 JOIN has_pet AS T2 ON T1.stuid  =  T2.stuid GROUP BY T1.stuid","SELECT s.stuid, COUNT(hp.petid) AS num_pets FROM student s LEFT JOIN has_pet hp ON s.stuid = hp.stuid GROUP BY s.stuid","SELECT T1.stuid, COUNT(T2.petid) AS num_pets FROM student AS T1 LEFT JOIN has_pet AS T2 ON T1.stuid = T2.stuid GROUP BY T1.stuid",0,0
"For students who have pets , how many pets does each student have ? list their ids instead of names .",medium,"select count(*) ,  t1.stuid from student as t1 join has_pet as t2 on t1.stuid  =  t2.stuid group by t1.stuid","SELECT s.stuid, COUNT(hp.petid) AS num_pets FROM student s JOIN has_pet hp ON s.stuid = hp.stuid GROUP BY s.stuid ORDER BY s.stuid","SELECT T1.stuid, COUNT(T2.petid) AS num_pets FROM student AS T1 INNER JOIN has_pet AS T2 ON T1.stuid = T2.stuid GROUP BY T1.stuid",0,0
Find the first name and gender of student who have more than one pet.,medium,"SELECT T1.fname ,  T1.sex FROM student AS T1 JOIN has_pet AS T2 ON T1.stuid  =  T2.stuid GROUP BY T1.stuid HAVING count(*)  >  1","SELECT s.fname, s.sex FROM student s JOIN has_pet hp ON s.stuid = hp.stuid GROUP BY s.stuid HAVING COUNT(hp.petid) > 1","SELECT T1.fname, T1.sex FROM student AS T1 INNER JOIN has_pet AS T2 ON T1.stuid = T2.stuid INNER JOIN pets AS T3 ON T2.petid = T3.petid GROUP BY T1.stuid HAVING COUNT(T2.petid) > 1",1,1
What is the first name and gender of the all the students who have more than one pet?,medium,"SELECT T1.fname ,  T1.sex FROM student AS T1 JOIN has_pet AS T2 ON T1.stuid  =  T2.stuid GROUP BY T1.stuid HAVING count(*)  >  1","SELECT s.fname, s.sex FROM student s JOIN has_pet hp ON s.stuid = hp.stuid GROUP BY s.stuid HAVING COUNT(hp.petid) > 1",NULL,1,0
Find the last name of the student who has a cat that is age 3.,hard,SELECT T1.lname FROM student AS T1 JOIN has_pet AS T2 ON T1.stuid  =  T2.stuid JOIN pets AS T3 ON T3.petid  =  T2.petid WHERE T3.pet_age  =  3 AND T3.pettype  =  'cat',SELECT s.lname FROM student s JOIN has_pet hp ON s.stuid = hp.stuid JOIN pets p ON hp.petid = p.petid WHERE p.pettype = 'cat' AND p.pet_age = 3,SELECT T1.lname FROM student AS T1 INNER JOIN has_pet AS T2 ON T1.stuid = T2.stuid INNER JOIN pets AS T3 ON T2.petid = T3.petid WHERE T3.pettype = 'cat' AND T3.pet_age = 3,1,1
What is the last name of the student who has a cat that is 3 years old?,hard,SELECT T1.lname FROM student AS T1 JOIN has_pet AS T2 ON T1.stuid  =  T2.stuid JOIN pets AS T3 ON T3.petid  =  T2.petid WHERE T3.pet_age  =  3 AND T3.pettype  =  'cat',SELECT s.lname FROM student s JOIN has_pet hp ON s.stuid = hp.stuid JOIN pets p ON hp.petid = p.petid WHERE p.pettype = 'cat' AND p.pet_age = 3,SELECT T1.lname FROM student AS T1 INNER JOIN has_pet AS T2 ON T1.stuid = T2.stuid INNER JOIN pets AS T3 ON T2.petid = T3.petid WHERE T3.pettype = 'cat' AND T3.pet_age = 3,1,1
Find the average age of students who do not have any pet .,extra,select avg(age) from student where stuid not in (select stuid from has_pet),SELECT AVG(s.age) AS average_age FROM student s LEFT JOIN has_pet hp ON s.stuid = hp.stuid WHERE hp.petid IS NULL,SELECT AVG(T1.age) FROM student AS T1 LEFT JOIN has_pet AS T2 ON T1.stuid = T2.stuid WHERE T2.petid IS NULL,1,1
What is the average age for all students who do not own any pets ?,extra,select avg(age) from student where stuid not in (select stuid from has_pet),SELECT AVG(age) AS average_age FROM student WHERE stuid NOT IN (SELECT stuid FROM has_pet),SELECT AVG(T1.age) FROM student AS T1 LEFT JOIN has_pet AS T2 ON T1.stuid = T2.stuid WHERE T2.petid IS NULL,1,1
How many continents are there?,easy,SELECT count(*) FROM CONTINENTS;,SELECT COUNT(*) AS NumberOfContinents FROM continents,SELECT COUNT(*) FROM continents,1,1
What is the number of continents?,easy,SELECT count(*) FROM CONTINENTS;,SELECT COUNT(*) AS NumberOfContinents FROM continents,SELECT COUNT(*) FROM continents,1,1
"How many countries does each continent have? List the continent id, continent name and the number of countries.",medium,"SELECT T1.ContId ,  T1.Continent ,  count(*) FROM CONTINENTS AS T1 JOIN COUNTRIES AS T2 ON T1.ContId  =  T2.Continent GROUP BY T1.ContId;","SELECT c.contid, c.continent, COUNT(co.countryid) AS num_countries FROM continents c LEFT JOIN countries co ON c.contid = co.continent GROUP BY c.contid, c.continent ORDER BY c.contid","SELECT C.continent, C2.continent, COUNT(C.countryid) AS NumberOfCountries FROM countries AS C INNER JOIN continents AS C2 ON C.continent = C2.contid GROUP BY C.continent",1,1
"For each continent, list its id, name, and how many countries it has?",medium,"SELECT T1.ContId ,  T1.Continent ,  count(*) FROM CONTINENTS AS T1 JOIN COUNTRIES AS T2 ON T1.ContId  =  T2.Continent GROUP BY T1.ContId;","SELECT    c.contid AS continent_id,   c.continent AS continent_name,   COUNT(co.countryid) AS number_of_countries FROM    continents c LEFT JOIN    countries co ON c.contid = co.continent GROUP BY    c.contid, c.continent","SELECT C.continent, COUNT(C2.countryid) AS NumberOfCountries FROM continents AS C LEFT JOIN countries AS C2 ON C.contid = C2.continent GROUP BY C.continent",1,0
How many countries are listed?,easy,SELECT count(*) FROM COUNTRIES;,SELECT COUNT(*) AS NumberOfCountries FROM countries,SELECT COUNT(*) FROM countries,1,1
How many countries exist?,easy,SELECT count(*) FROM COUNTRIES;,SELECT COUNT(*) AS NumberOfCountries FROM countries,SELECT COUNT(*) FROM countries,1,1
"How many models does each car maker produce? List maker full name, id and the number.",medium,"SELECT T1.FullName ,  T1.Id ,  count(*) FROM CAR_MAKERS AS T1 JOIN MODEL_LIST AS T2 ON T1.Id  =  T2.Maker GROUP BY T1.Id;","SELECT cm.fullname, cm.id, COUNT(ml.modelid) AS num_models FROM car_makers cm JOIN model_list ml ON cm.maker = ml.maker GROUP BY cm.id, cm.fullname ORDER BY num_models DESC","SELECT T2.fullname, T2.id, COUNT(T3.model) AS NumberOfModels FROM car_makers AS T2 INNER JOIN model_list AS T3 ON T2.maker = T3.maker GROUP BY T2.id",0,0
"What is the full name of each car maker, along with its id and how many models it produces?",medium,"SELECT T1.FullName ,  T1.Id ,  count(*) FROM CAR_MAKERS AS T1 JOIN MODEL_LIST AS T2 ON T1.Id  =  T2.Maker GROUP BY T1.Id;","SELECT cm.fullname, cm.id, COUNT(ml.modelid) AS model_count FROM car_makers cm JOIN model_list ml ON cm.maker = ml.maker GROUP BY cm.id","SELECT T1.id, T1.fullname, COUNT(T2.model) AS ModelCount FROM car_makers AS T1 LEFT JOIN model_list AS T2 ON T1.maker = T2.maker GROUP BY T1.id",0,0
Which model of the car has the minimum horsepower?,hard,SELECT T1.Model FROM CAR_NAMES AS T1 JOIN CARS_DATA AS T2 ON T1.MakeId  =  T2.Id ORDER BY T2.horsepower ASC LIMIT 1;,"SELECT model, horsepower FROM cars_data ORDER BY horsepower ASC LIMIT 1",SELECT T2.model FROM cars_data AS T1 INNER JOIN model_list AS T2 ON T1.makeid = T2.modelid ORDER BY T1.horsepower ASC LIMIT 1,0,0
What is the model of the car with the smallest amount of horsepower?,hard,SELECT T1.Model FROM CAR_NAMES AS T1 JOIN CARS_DATA AS T2 ON T1.MakeId  =  T2.Id ORDER BY T2.horsepower ASC LIMIT 1;,SELECT model_list.model FROM model_list JOIN cars_data ON model_list.maker = cars_data.make ORDER BY cars_data.horsepower ASC LIMIT 1,NULL,0,0
Find the model of the car whose weight is below the average weight.,extra,SELECT T1.model FROM CAR_NAMES AS T1 JOIN CARS_DATA AS T2 ON T1.MakeId  =  T2.Id WHERE T2.Weight  <  (SELECT avg(Weight) FROM CARS_DATA),SELECT model_list.model FROM model_list JOIN cars_data ON model_list.maker = cars_data.make WHERE cars_data.weight < (SELECT AVG(weight) FROM cars_data),SELECT T2.model FROM cars_data AS T1 INNER JOIN car_names AS T2 ON T1.id = T2.makeid WHERE T1.weight < (SELECT AVG(weight) FROM cars_data),0,1
What is the model for the car with a weight smaller than the average?,extra,SELECT T1.model FROM CAR_NAMES AS T1 JOIN CARS_DATA AS T2 ON T1.MakeId  =  T2.Id WHERE T2.Weight  <  (SELECT avg(Weight) FROM CARS_DATA),SELECT model_list.model FROM model_list JOIN cars_data ON model_list.maker = cars_data.make WHERE cars_data.weight < (SELECT AVG(weight) FROM cars_data),SELECT T2.model FROM cars_data AS T1 INNER JOIN model_list AS T2 ON T1.make = T2.maker WHERE T1.weight < (SELECT AVG(weight) FROM cars_data),0,0
Find the name of the makers that produced some cars in the year of 1970?,extra,SELECT DISTINCT T1.Maker FROM CAR_MAKERS AS T1 JOIN MODEL_LIST AS T2 ON T1.Id  =  T2.Maker JOIN CAR_NAMES AS T3 ON T2.model  =  T3.model JOIN CARS_DATA AS T4 ON T3.MakeId  =  T4.id WHERE T4.year  =  '1970';,SELECT DISTINCT cm.fullname FROM car_makers cm JOIN model_list ml ON cm.maker = ml.maker JOIN car_names cn ON ml.model = cn.model JOIN cars_data cd ON cn.make = cd.id WHERE cd.year = 1970,NULL,0,0
What is the name of the different car makers who produced a car in 1970?,extra,SELECT DISTINCT T1.Maker FROM CAR_MAKERS AS T1 JOIN MODEL_LIST AS T2 ON T1.Id  =  T2.Maker JOIN CAR_NAMES AS T3 ON T2.model  =  T3.model JOIN CARS_DATA AS T4 ON T3.MakeId  =  T4.id WHERE T4.year  =  '1970';,SELECT DISTINCT cm.fullname FROM car_makers cm JOIN model_list ml ON cm.maker = ml.maker JOIN car_names cn ON ml.model = cn.model WHERE cn.year = 1970,SELECT DISTINCT T2.fullname FROM cars_data AS T1 INNER JOIN car_names AS T2 ON T1.id = T2.makeid INNER JOIN car_makers AS T3 ON T2.maker = T3.id WHERE T1.year = 1970,0,0
Find the make and production time of the cars that were produced in the earliest year?,extra,"SELECT T2.Make ,  T1.Year FROM CARS_DATA AS T1 JOIN CAR_NAMES AS T2 ON T1.Id  =  T2.MakeId WHERE T1.Year  =  (SELECT min(YEAR) FROM CARS_DATA);","SELECT make, year FROM cars_data WHERE year = (SELECT MIN(year) FROM cars_data)",NULL,0,0
What is the maker of the carr produced in the earliest year and what year was it?,extra,"SELECT T2.Make ,  T1.Year FROM CARS_DATA AS T1 JOIN CAR_NAMES AS T2 ON T1.Id  =  T2.MakeId WHERE T1.Year  =  (SELECT min(YEAR) FROM CARS_DATA);","SELECT maker, year FROM cars_data ORDER BY year ASC LIMIT 1","SELECT T2.maker, T7.year FROM cars_data AS T1 INNER JOIN car_names AS T2 ON T1.id = T2.makeid INNER JOIN car_makers AS T3 ON T2.maker = T3.id INNER JOIN model_list AS T4 ON T2.model = T4.model INNER JOIN car_names AS T5 ON T4.modelid = T5.modelid INNER JOIN cars_data AS T6 ON T5.makeid = T6.id INNER JOIN cars_data AS T7 ON T6.id = T7.id WHERE T1.year = (SELECT MIN(T8.year) FROM cars_data AS T8)",0,0
Which distinct car models are the produced after 1980?,hard,SELECT DISTINCT T1.model FROM MODEL_LIST AS T1 JOIN CAR_NAMES AS T2 ON T1.model  =  T2.model JOIN CARS_DATA AS T3 ON T2.MakeId  =  T3.id WHERE T3.year  >  1980;,SELECT DISTINCT model FROM cars_data JOIN model_list ON cars_data.model = model_list.model WHERE cars_data.year > 1980,SELECT DISTINCT T2.model FROM cars_data AS T1 INNER JOIN car_names AS T2 ON T1.id = T2.makeid WHERE T1.year > 1980,0,1
What are the different models for the cards produced after 1980?,hard,SELECT DISTINCT T1.model FROM MODEL_LIST AS T1 JOIN CAR_NAMES AS T2 ON T1.model  =  T2.model JOIN CARS_DATA AS T3 ON T2.MakeId  =  T3.id WHERE T3.year  >  1980;,SELECT DISTINCT model_list.model FROM model_list JOIN cars_data ON model_list.maker = cars_data.make WHERE cars_data.year > 1980,SELECT DISTINCT T2.model FROM cars_data AS T1 INNER JOIN model_list AS T2 ON T1.make = T2.maker WHERE T1.year > 1980,0,0
How many car makers are there in each continents? List the continent name and the count.,hard,"SELECT T1.Continent ,  count(*) FROM CONTINENTS AS T1 JOIN COUNTRIES AS T2 ON T1.ContId  =  T2.continent JOIN car_makers AS T3 ON T2.CountryId  =  T3.Country GROUP BY T1.Continent;","SELECT c.continent, COUNT(cm.id) AS maker_count FROM continents c JOIN countries co ON c.contid = co.continent JOIN car_makers cm ON co.countryid = cm.country GROUP BY c.continent","SELECT C.continent, COUNT(CM.id) AS maker_count FROM continents AS C INNER JOIN countries AS CO ON C.contid = CO.continent INNER JOIN car_makers AS CM ON CO.countryid = CM.country GROUP BY C.continent",1,1
What is the name of each continent and how many car makers are there in each one?,hard,"SELECT T1.Continent ,  count(*) FROM CONTINENTS AS T1 JOIN COUNTRIES AS T2 ON T1.ContId  =  T2.continent JOIN car_makers AS T3 ON T2.CountryId  =  T3.Country GROUP BY T1.Continent;","SELECT c.continent, COUNT(cm.id) AS car_maker_count FROM continents c JOIN countries co ON c.contid = co.continent JOIN car_makers cm ON co.countryid = cm.country GROUP BY c.continent",NULL,1,0
Which of the countries has the most car makers? List the country name.,extra,SELECT T2.CountryName FROM CAR_MAKERS AS T1 JOIN COUNTRIES AS T2 ON T1.Country  =  T2.CountryId GROUP BY T1.Country ORDER BY Count(*) DESC LIMIT 1;,"SELECT c.countryname, COUNT(cm.id) AS num_car_makers FROM countries c JOIN car_makers cm ON c.country = cm.country GROUP BY c.countryname ORDER BY num_car_makers DESC LIMIT 1","SELECT T2.countryname, COUNT(T1.id) AS NumCarMakers FROM car_makers AS T1 INNER JOIN countries AS T2 ON T1.country = T2.countryid GROUP BY T1.country ORDER BY NumCarMakers DESC LIMIT 1",0,0
What is the name of the country with the most car makers?,extra,SELECT T2.CountryName FROM CAR_MAKERS AS T1 JOIN COUNTRIES AS T2 ON T1.Country  =  T2.CountryId GROUP BY T1.Country ORDER BY Count(*) DESC LIMIT 1;,SELECT c.countryname FROM countries c JOIN car_makers cm ON c.country = cm.country GROUP BY c.countryname ORDER BY COUNT(cm.id) DESC LIMIT 1,NULL,0,0
How many car models are produced by each maker ? Only list the count and the maker full name .,medium,"select count(*) ,  t2.fullname from model_list as t1 join car_makers as t2 on t1.maker  =  t2.id group by t2.id;","SELECT cm.maker, cm.fullname, COUNT(ml.modelid) AS model_count FROM car_makers cm JOIN model_list ml ON cm.maker = ml.maker GROUP BY cm.maker, cm.fullname","SELECT T2.fullname, COUNT(T1.modelid) AS ModelCount FROM model_list AS T1 INNER JOIN car_makers AS T2 ON T1.maker = T2.maker GROUP BY T2.fullname",0,0
What is the number of car models that are produced by each maker and what is the id and full name of each maker?,medium,"SELECT Count(*) ,  T2.FullName ,  T2.id FROM MODEL_LIST AS T1 JOIN CAR_MAKERS AS T2 ON T1.Maker  =  T2.Id GROUP BY T2.id;","SELECT cm.id, cm.fullname, COUNT(ml.model) AS num_models FROM car_makers cm JOIN model_list ml ON cm.maker = ml.maker GROUP BY cm.id, cm.fullname","SELECT T2.maker, COUNT(T3.modelid) AS NumberOfModels, T1.id, T1.fullname FROM car_makers AS T1 INNER JOIN model_list AS T2 ON T1.maker = T2.maker INNER JOIN car_names AS T3 ON T2.model = T3.make GROUP BY T2.maker ORDER BY T2.maker",0,0
What is the accelerate of the car make amc hornet sportabout (sw)?,medium,SELECT T1.Accelerate FROM CARS_DATA AS T1 JOIN CAR_NAMES AS T2 ON T1.Id  =  T2.MakeId WHERE T2.Make  =  'amc hornet sportabout (sw)';,SELECT accelerate FROM cars_data JOIN car_names ON cars_data.id = car_names.makeid WHERE car_names.make = 'AMC Hornet Sportabout' AND car_names.country = 'sw',SELECT T5.accelerate FROM cars_data AS T1 INNER JOIN car_names AS T2 ON T1.id = T2.makeid INNER JOIN model_list AS T3 ON T2.model = T3.model INNER JOIN car_makers AS T4 ON T3.maker = T4.maker INNER JOIN cars_data AS T5 ON T1.id = T5.id WHERE T4.fullname = 'AMC Hornet Sportabout' AND T4.maker = 'AMC',0,0
How much does the car accelerate that makes amc hornet sportabout (sw)?,medium,SELECT T1.Accelerate FROM CARS_DATA AS T1 JOIN CAR_NAMES AS T2 ON T1.Id  =  T2.MakeId WHERE T2.Make  =  'amc hornet sportabout (sw)';,SELECT accelerate FROM cars_data WHERE make = 'AMC Hornet Sportabout',SELECT `cars_data`.`accelerate` FROM `cars_data` INNER JOIN `car_names` ON `cars_data`.`id` = `car_names`.`makeid` WHERE `car_names`.`model` = 'amc hornet sportabout' AND `car_names`.`maker` = 'sw',0,0
How many car makers are there in france?,medium,SELECT count(*) FROM CAR_MAKERS AS T1 JOIN COUNTRIES AS T2 ON T1.Country  =  T2.CountryId WHERE T2.CountryName  =  'france';,SELECT COUNT(*) AS NumberOfCarMakersInFrance FROM car_makers WHERE country = 'France',SELECT COUNT(*) FROM car_makers WHERE country = 'France',0,0
What is the number of makers of care in France?,medium,SELECT count(*) FROM CAR_MAKERS AS T1 JOIN COUNTRIES AS T2 ON T1.Country  =  T2.CountryId WHERE T2.CountryName  =  'france';,SELECT COUNT(*) AS NumberOfMakersInFrance FROM car_makers WHERE country = 'France',SELECT COUNT(T2.id) FROM car_makers AS T1 INNER JOIN countries AS T2 ON T1.country = T2.countryid WHERE T2.countryname = 'France',0,0
How many car models are produced in the usa?,hard,SELECT count(*) FROM MODEL_LIST AS T1 JOIN CAR_MAKERS AS T2 ON T1.Maker  =  T2.Id JOIN COUNTRIES AS T3 ON T2.Country  =  T3.CountryId WHERE T3.CountryName  =  'usa';,SELECT COUNT(*) AS model_count FROM model_list ml JOIN car_makers cm ON ml.maker = cm.maker WHERE cm.country = 'USA',SELECT COUNT(DISTINCT T2.modelid) FROM cars_data AS T1 INNER JOIN model_list AS T2 ON T1.make = T2.model INNER JOIN car_makers AS T3 ON T2.maker = T3.maker WHERE T3.country = 'USA',0,0
What is the count of the car models produced in the United States?,hard,SELECT count(*) FROM MODEL_LIST AS T1 JOIN CAR_MAKERS AS T2 ON T1.Maker  =  T2.Id JOIN COUNTRIES AS T3 ON T2.Country  =  T3.CountryId WHERE T3.CountryName  =  'usa';,SELECT COUNT(*) AS model_count FROM model_list ml JOIN car_makers cm ON ml.maker = cm.maker WHERE cm.country = 'United States',SELECT COUNT(T2.modelid) FROM cars_data AS T1 INNER JOIN car_names AS T2 ON T1.id = T2.makeid INNER JOIN car_makers AS T3 ON T2.maker = T3.id WHERE T3.country = 'USA',0,0
What is the average miles per gallon(mpg) of the cars with 4 cylinders?,easy,SELECT avg(mpg) FROM CARS_DATA WHERE Cylinders  =  4;,SELECT AVG(mpg) AS average_mpg FROM cars_data WHERE cylinders = 4,SELECT AVG(T1.mpg) FROM cars_data AS T1 WHERE T1.cylinders = 4,1,1
What is the average miles per gallon of all the cards with 4 cylinders?,easy,SELECT avg(mpg) FROM CARS_DATA WHERE Cylinders  =  4;,SELECT AVG(mpg) AS average_mpg FROM cars_data WHERE cylinders = 4,SELECT AVG(T1.mpg) FROM cars_data AS T1 WHERE T1.cylinders = 4,1,1
What is the smallest weight of the car produced with 8 cylinders on 1974 ?,medium,select min(weight) from cars_data where cylinders  =  8 and year  =  1974,SELECT MIN(weight) AS smallest_weight FROM cars_data WHERE cylinders = 8 AND year = 1974,SELECT MIN(T1.weight) FROM cars_data AS T1 INNER JOIN car_names AS T2 ON T1.id = T2.makeid INNER JOIN model_list AS T3 ON T2.modelid = T3.modelid WHERE T1.cylinders = 8 AND T1.year = 1974,1,0
What is the minimum weight of the car with 8 cylinders produced in 1974 ?,medium,select min(weight) from cars_data where cylinders  =  8 and year  =  1974,SELECT MIN(weight) AS min_weight FROM cars_data WHERE cylinders = 8 AND year = 1974,NULL,1,0
What are all the makers and models?,medium,"SELECT Maker ,  Model FROM MODEL_LIST;","SELECT maker, model FROM model_list UNION SELECT maker, make FROM car_names","SELECT T2.maker, T3.model FROM car_makers AS T2 INNER JOIN model_list AS T3 ON T2.id = T3.maker",0,0
What are the makers and models?,medium,"SELECT Maker ,  Model FROM MODEL_LIST;","SELECT cm.maker, ml.model FROM car_makers cm JOIN model_list ml ON cm.maker = ml.maker","SELECT T2.maker, T3.model FROM car_makers AS T2 INNER JOIN model_list AS T3 ON T2.id = T3.maker",0,0
What are the countries having at least one car maker? List name and id.,medium,"SELECT T1.CountryName ,  T1.CountryId FROM COUNTRIES AS T1 JOIN CAR_MAKERS AS T2 ON T1.CountryId  =  T2.Country GROUP BY T1.CountryId HAVING count(*)  >=  1;","SELECT c.countryid, c.countryname FROM countries c JOIN car_makers cm ON c.country = cm.country WHERE cm.country IS NOT NULL","SELECT DISTINCT T2.countryname, T2.countryid FROM car_makers AS T1 INNER JOIN countries AS T2 ON T1.country = T2.countryname WHERE T2.countryname IS NOT NULL",0,0
What are the names and ids of all countries with at least one car maker?,medium,"SELECT T1.CountryName ,  T1.CountryId FROM COUNTRIES AS T1 JOIN CAR_MAKERS AS T2 ON T1.CountryId  =  T2.Country GROUP BY T1.CountryId HAVING count(*)  >=  1;","SELECT DISTINCT countries.countryname, countries.countryid FROM countries JOIN car_makers ON countries.countryid = car_makers.country WHERE countries.countryid IS NOT NULL",NULL,1,0
What is the number of the cars with horsepower more than 150?,easy,SELECT count(*) FROM CARS_DATA WHERE horsepower  >  150;,SELECT COUNT(*) FROM cars_data WHERE horsepower > 150,NULL,1,0
What is the number of cars with a horsepower greater than 150?,easy,SELECT count(*) FROM CARS_DATA WHERE horsepower  >  150;,SELECT COUNT(*) FROM cars_data WHERE horsepower > 150,SELECT COUNT(*) FROM cars_data WHERE horsepower > 150,1,1
What is the average weight of cars each year?,medium,"SELECT avg(Weight) ,  YEAR FROM CARS_DATA GROUP BY YEAR;","SELECT year, AVG(weight) AS average_weight FROM cars_data GROUP BY year","SELECT T1.year, AVG(T1.weight) FROM cars_data AS T1 GROUP BY T1.year",0,0
What is the average weight and year for each year?,medium,"SELECT avg(Weight) ,  YEAR FROM CARS_DATA GROUP BY YEAR;","SELECT year, AVG(weight) AS average_weight, AVG(year) AS average_year FROM cars_data GROUP BY year","SELECT year, AVG(weight) AS avg_weight FROM cars_data GROUP BY year",0,0
Which countries in europe have at least 3 car manufacturers?,extra,SELECT T1.CountryName FROM COUNTRIES AS T1 JOIN CONTINENTS AS T2 ON T1.Continent  =  T2.ContId JOIN CAR_MAKERS AS T3 ON T1.CountryId  =  T3.Country WHERE T2.Continent  =  'europe' GROUP BY T1.CountryName HAVING count(*)  >=  3;,SELECT c.countryname FROM countries c JOIN car_makers cm ON c.country = cm.country WHERE c.continent = 'Europe' GROUP BY c.countryname HAVING COUNT(cm.id) >= 3,SELECT T2.countryname FROM countries AS T1 INNER JOIN car_makers AS T2 ON T1.countryid = T2.country WHERE T1.continent = 'Europe' GROUP BY T2.country HAVING COUNT(T2.id) >= 3,0,0
What are the names of all European countries with at least 3 manufacturers?,extra,SELECT T1.CountryName FROM COUNTRIES AS T1 JOIN CONTINENTS AS T2 ON T1.Continent  =  T2.ContId JOIN CAR_MAKERS AS T3 ON T1.CountryId  =  T3.Country WHERE T2.Continent  =  'europe' GROUP BY T1.CountryName HAVING count(*)  >=  3;,SELECT c.countryname FROM countries c JOIN car_makers cm ON c.country = cm.country WHERE c.continent = 'Europe' GROUP BY c.countryname HAVING COUNT(cm.id) >= 3,SELECT T2.countryname FROM countries AS T1 INNER JOIN car_makers AS T2 ON T1.countryid = T2.country WHERE T1.continent = 'Europe' GROUP BY T2.country HAVING COUNT(T2.id) >= 3,0,0
What is the maximum horsepower and the make of the car models with 3 cylinders?,extra,"SELECT T2.horsepower ,  T1.Make FROM CAR_NAMES AS T1 JOIN CARS_DATA AS T2 ON T1.MakeId  =  T2.Id WHERE T2.cylinders  =  3 ORDER BY T2.horsepower DESC LIMIT 1;","SELECT MAX(cars_data.horsepower) AS max_horsepower, car_names.make FROM cars_data JOIN car_names ON cars_data.id = car_names.makeid WHERE cars_data.cylinders = 3 GROUP BY car_names.make","SELECT MAX(T1.horsepower), T2.make FROM cars_data AS T1 INNER JOIN car_names AS T2 ON T1.id = T2.makeid WHERE T1.cylinders = 3 GROUP BY T2.make",0,0
What is the largest amount of horsepower for the models with 3 cylinders and what make is it?,extra,"SELECT T2.horsepower ,  T1.Make FROM CAR_NAMES AS T1 JOIN CARS_DATA AS T2 ON T1.MakeId  =  T2.Id WHERE T2.cylinders  =  3 ORDER BY T2.horsepower DESC LIMIT 1;","SELECT make, horsepower FROM cars_data WHERE cylinders = 3 ORDER BY horsepower DESC LIMIT 1","SELECT T5.make, MAX(T6.horsepower) FROM car_makers AS T1 INNER JOIN model_list AS T2 ON T1.maker = T2.maker INNER JOIN car_names AS T3 ON T2.model = T3.model INNER JOIN cars_data AS T4 ON T3.makeid = T4.id INNER JOIN car_makers AS T5 ON T1.country = T5.country WHERE T4.cylinders = 3 GROUP BY T5.maker",0,0
"Which model saves the most gasoline? That is to say, have the maximum miles per gallon.",hard,SELECT T1.Model FROM CAR_NAMES AS T1 JOIN CARS_DATA AS T2 ON T1.MakeId  =  T2.Id ORDER BY T2.mpg DESC LIMIT 1;,SELECT model_list.model FROM model_list JOIN cars_data ON model_list.maker = cars_data.make ORDER BY cars_data.mpg DESC LIMIT 1,SELECT T2.model FROM cars_data AS T1 INNER JOIN model_list AS T2 ON T1.modelid = T2.modelid ORDER BY T1.mpg DESC LIMIT 1,0,0
What is the car model with the highest mpg ?,hard,select t1.model from car_names as t1 join cars_data as t2 on t1.makeid  =  t2.id order by t2.mpg desc limit 1;,SELECT model FROM model_list JOIN cars_data ON model_list.maker = cars_data.make WHERE cars_data.mpg = (SELECT MAX(mpg) FROM cars_data),SELECT T2.model FROM cars_data AS T1 INNER JOIN model_list AS T2 ON T1.makeid = T2.modelid ORDER BY T1.mpg DESC LIMIT 1,0,0
What is the average horsepower of the cars before 1980?,easy,SELECT avg(horsepower) FROM CARS_DATA WHERE YEAR  <  1980;,SELECT AVG(horsepower) AS average_horsepower FROM cars_data WHERE year < 1980,SELECT AVG(T1.horsepower) FROM cars_data AS T1 WHERE T1.year < 1980,1,1
What is the average horsepower for all cars produced before 1980 ?,easy,select avg(horsepower) from cars_data where year  <  1980;,SELECT AVG(horsepower) AS average_horsepower FROM cars_data WHERE year < 1980,SELECT AVG(T1.horsepower) FROM cars_data AS T1 WHERE T1.year < 1980,1,1
What is the average edispl of the cars of model volvo?,medium,SELECT avg(T2.edispl) FROM CAR_NAMES AS T1 JOIN CARS_DATA AS T2 ON T1.MakeId  =  T2.Id WHERE T1.Model  =  'volvo';,SELECT AVG(cd.edispl) AS average_edispl FROM cars_data cd JOIN car_names cn ON cd.id = cn.makeid WHERE cn.model = 'volvo',SELECT AVG(T1.edispl) FROM cars_data AS T1 INNER JOIN car_names AS T2 ON T1.id = T2.makeid INNER JOIN model_list AS T3 ON T2.modelid = T3.modelid WHERE T3.model = 'volvo',1,0
What is the average edispl for all volvos?,medium,SELECT avg(T2.edispl) FROM CAR_NAMES AS T1 JOIN CARS_DATA AS T2 ON T1.MakeId  =  T2.Id WHERE T1.Model  =  'volvo';,SELECT AVG(cd.edispl) AS average_edispl FROM cars_data cd JOIN car_names cn ON cd.id = cn.makeid WHERE cn.maker = 'Volvo',SELECT AVG(T6.edispl) FROM cars_data AS T6 INNER JOIN car_names AS T5 ON T6.id = T5.makeid INNER JOIN model_list AS T4 ON T5.modelid = T4.modelid INNER JOIN car_makers AS T3 ON T4.maker = T3.maker INNER JOIN countries AS T2 ON T3.country = T2.countryid INNER JOIN continents AS T1 ON T2.continent = T1.contid WHERE T3.fullname = 'Volvo',0,0
What is the maximum accelerate for different number of cylinders?,medium,"SELECT max(Accelerate) ,  Cylinders FROM CARS_DATA GROUP BY Cylinders;","SELECT cylinders, MAX(accelerate) AS max_accelerate FROM cars_data GROUP BY cylinders","SELECT cylinders, MAX(accelerate) FROM cars_data GROUP BY cylinders",0,0
What is the maximum accelerate for all the different cylinders?,medium,"SELECT max(Accelerate) ,  Cylinders FROM CARS_DATA GROUP BY Cylinders;","SELECT MAX(accelerate) AS max_accelerate, cylinders FROM cars_data GROUP BY cylinders",SELECT MAX(T1.accelerate) FROM cars_data AS T1 GROUP BY T1.cylinders,1,0
Which model has the most version(make) of cars?,hard,SELECT Model FROM CAR_NAMES GROUP BY Model ORDER BY count(*) DESC LIMIT 1;,"SELECT model, COUNT(model) AS version_count FROM model_list GROUP BY model ORDER BY version_count DESC LIMIT 1","SELECT T2.model, COUNT(T1.makeid) AS version_count FROM car_names AS T1 INNER JOIN model_list AS T2 ON T1.model = T2.model GROUP BY T2.model ORDER BY version_count DESC LIMIT 1",0,0
What model has the most different versions?,hard,SELECT Model FROM CAR_NAMES GROUP BY Model ORDER BY count(*) DESC LIMIT 1;,"SELECT model, COUNT(*) AS version_count FROM model_list GROUP BY model ORDER BY version_count DESC LIMIT 1","SELECT T2.model, COUNT(T1.modelid) AS versions FROM model_list AS T1 INNER JOIN car_names AS T2 ON T1.model = T2.model GROUP BY T1.model ORDER BY versions DESC LIMIT 1",0,0
How many cars have more than 4 cylinders?,easy,SELECT count(*) FROM CARS_DATA WHERE Cylinders  >  4;,SELECT COUNT(*)  FROM cars_data  WHERE cylinders > 4,SELECT COUNT(*) FROM cars_data WHERE cylinders > 4,1,1
What is the number of cars with more than 4 cylinders?,easy,SELECT count(*) FROM CARS_DATA WHERE Cylinders  >  4;,SELECT COUNT(*)  FROM cars_data  WHERE cylinders > 4,SELECT COUNT(*) FROM cars_data WHERE cylinders > 4,1,1
how many cars were produced in 1980?,easy,SELECT count(*) FROM CARS_DATA WHERE YEAR  =  1980;,SELECT COUNT(*)  FROM cars_data  WHERE year = 1980,SELECT COUNT(*) FROM cars_data WHERE year = 1980,1,1
"In 1980, how many cars were made?",easy,SELECT count(*) FROM CARS_DATA WHERE YEAR  =  1980;,SELECT COUNT(*)  FROM cars_data  WHERE year = 1980,SELECT COUNT(*) FROM cars_data WHERE year = 1980,1,1
How many car models were produced by the maker with full name American Motor Company?,medium,SELECT count(*) FROM CAR_MAKERS AS T1 JOIN MODEL_LIST AS T2 ON T1.Id  =  T2.Maker WHERE T1.FullName  =  'American Motor Company';,SELECT COUNT(*) AS model_count FROM model_list WHERE maker = 'American Motor Company',SELECT COUNT(T2.modelid) FROM cars_data AS T1 INNER JOIN model_list AS T2 ON T1.make = T2.model INNER JOIN car_makers AS T3 ON T2.maker = T3.fullname WHERE T3.fullname = 'American Motor Company',0,0
What is the number of car models created by the car maker American Motor Company?,medium,SELECT count(*) FROM CAR_MAKERS AS T1 JOIN MODEL_LIST AS T2 ON T1.Id  =  T2.Maker WHERE T1.FullName  =  'American Motor Company';,SELECT COUNT(*) AS NumberOfModels FROM model_list WHERE maker = 'American Motor Company',SELECT COUNT(T2.modelid) FROM car_makers AS T1 INNER JOIN model_list AS T2 ON T1.id = T2.maker WHERE T1.fullname = 'American Motor Company',0,1
Which makers designed more than 3 car models? List full name and the id.,medium,"SELECT T1.FullName ,  T1.Id FROM CAR_MAKERS AS T1 JOIN MODEL_LIST AS T2 ON T1.Id  =  T2.Maker GROUP BY T1.Id HAVING count(*)  >  3;","SELECT cm.fullname, cm.id FROM car_makers cm JOIN model_list ml ON cm.maker = ml.maker GROUP BY cm.id HAVING COUNT(ml.modelid) > 3","SELECT T2.fullname, T2.id FROM car_makers AS T2 INNER JOIN model_list AS T1 ON T2.maker = T1.maker GROUP BY T2.id HAVING COUNT(T1.modelid) > 3",0,0
What are the names and ids of all makers with more than 3 models?,medium,"SELECT T1.FullName ,  T1.Id FROM CAR_MAKERS AS T1 JOIN MODEL_LIST AS T2 ON T1.Id  =  T2.Maker GROUP BY T1.Id HAVING count(*)  >  3;","SELECT cm.id, cm.maker FROM car_makers cm JOIN model_list ml ON cm.maker = ml.maker GROUP BY cm.id, cm.maker HAVING COUNT(ml.modelid) > 3",NULL,0,0
Which distinctive models are produced by maker with the full name General Motors or weighing more than 3500?,extra,SELECT DISTINCT T2.Model FROM CAR_NAMES AS T1 JOIN MODEL_LIST AS T2 ON T1.Model  =  T2.Model JOIN CAR_MAKERS AS T3 ON T2.Maker  =  T3.Id JOIN CARS_DATA AS T4 ON T1.MakeId  =  T4.Id WHERE T3.FullName  =  'General Motors' OR T4.weight  >  3500;,SELECT DISTINCT ml.model FROM model_list ml JOIN car_makers cm ON ml.maker = cm.maker JOIN cars_data cd ON ml.model = cd.make WHERE cm.fullname = 'General Motors' AND cd.weight > 3500,SELECT DISTINCT T2.model FROM cars_data AS T1 INNER JOIN model_list AS T2 ON T1.make = T2.modelid INNER JOIN car_makers AS T3 ON T2.maker = T3.id WHERE T3.fullname = 'General Motors' AND T1.weight > 3500,0,0
What are the different models created by either the car maker General Motors or weighed more than 3500?,extra,SELECT DISTINCT T2.Model FROM CAR_NAMES AS T1 JOIN MODEL_LIST AS T2 ON T1.Model  =  T2.Model JOIN CAR_MAKERS AS T3 ON T2.Maker  =  T3.Id JOIN CARS_DATA AS T4 ON T1.MakeId  =  T4.Id WHERE T3.FullName  =  'General Motors' OR T4.weight  >  3500;,SELECT DISTINCT ml.model FROM model_list ml JOIN car_makers cm ON ml.maker = cm.maker JOIN cars_data cd ON ml.model = cd.make WHERE cm.maker IN ('General Motors') AND cd.weight > 3500,SELECT DISTINCT T2.model FROM cars_data AS T1 INNER JOIN model_list AS T2 ON T1.make = T2.maker INNER JOIN car_makers AS T3 ON T2.maker = T3.maker WHERE T3.fullname = 'General Motors' OR T1.weight > 3500,0,0
In which years cars were produced weighing no less than 3000 and no more than 4000 ?,easy,select distinct year from cars_data where weight between 3000 and 4000;,SELECT DISTINCT year FROM cars_data WHERE weight >= 3000 AND weight <= 4000,SELECT DISTINCT T1.year FROM cars_data AS T1 WHERE T1.weight BETWEEN 3000 AND 4000,1,1
What are the different years in which there were cars produced that weighed less than 4000 and also cars that weighted more than 3000 ?,easy,select distinct year from cars_data where weight between 3000 and 4000;,SELECT DISTINCT year FROM cars_data WHERE weight < 4000 AND year IN (     SELECT DISTINCT year     FROM cars_data     WHERE weight > 3000 ),SELECT DISTINCT T1.year FROM cars_data AS T1 WHERE T1.weight < 4000 OR T1.weight > 3000,1,1
What is the horsepower of the car with the largest accelerate?,medium,SELECT T1.horsepower FROM CARS_DATA AS T1 ORDER BY T1.accelerate DESC LIMIT 1;,SELECT horsepower  FROM cars_data  WHERE accelerate = (SELECT MAX(accelerate) FROM cars_data),SELECT T1.horsepower FROM cars_data AS T1 ORDER BY T1.accelerate DESC LIMIT 1,1,1
What is the horsepower of the car with the greatest accelerate?,medium,SELECT T1.horsepower FROM CARS_DATA AS T1 ORDER BY T1.accelerate DESC LIMIT 1;,SELECT horsepower  FROM cars_data  WHERE accelerate = (SELECT MAX(accelerate) FROM cars_data),NULL,1,0
"For model volvo, how many cylinders does the car with the least accelerate have?",extra,SELECT T1.cylinders FROM CARS_DATA AS T1 JOIN CAR_NAMES AS T2 ON T1.Id  =  T2.MakeId WHERE T2.Model  =  'volvo' ORDER BY T1.accelerate ASC LIMIT 1;,SELECT MIN(accelerate) AS min_accelerate FROM cars_data JOIN model_list ON cars_data.id = model_list.modelid WHERE model_list.model = 'volvo',SELECT MIN(T1.cylinders) FROM cars_data AS T1 INNER JOIN model_list AS T2 ON T1.makeid = T2.modelid INNER JOIN car_makers AS T3 ON T2.maker = T3.id WHERE T3.maker = 'volvo',0,0
"For a volvo model, how many cylinders does the version with least accelerate have?",extra,SELECT T1.cylinders FROM CARS_DATA AS T1 JOIN CAR_NAMES AS T2 ON T1.Id  =  T2.MakeId WHERE T2.Model  =  'volvo' ORDER BY T1.accelerate ASC LIMIT 1;,SELECT MIN(cylinders) AS min_cylinders FROM cars_data JOIN model_list ON cars_data.id = model_list.modelid WHERE model_list.maker = 'Volvo',SELECT MIN(T6.cylinders) FROM cars_data AS T6 INNER JOIN car_names AS T7 ON T6.id = T7.makeid INNER JOIN model_list AS T8 ON T7.modelid = T8.modelid INNER JOIN car_makers AS T9 ON T8.maker = T9.id WHERE T9.maker = 'Volvo',0,0
How many cars have a larger accelerate than the car with the largest horsepower?,hard,SELECT COUNT(*) FROM CARS_DATA WHERE Accelerate  >  ( SELECT Accelerate FROM CARS_DATA ORDER BY Horsepower DESC LIMIT 1 );,SELECT COUNT(*)  FROM cars_data  WHERE accelerate > (SELECT MAX(horsepower) FROM cars_data),SELECT COUNT(*) FROM cars_data WHERE accelerate > (SELECT MAX(horsepower) FROM cars_data),0,0
What is the number of cars with a greater accelerate than the one with the most horsepower?,hard,SELECT COUNT(*) FROM CARS_DATA WHERE Accelerate  >  ( SELECT Accelerate FROM CARS_DATA ORDER BY Horsepower DESC LIMIT 1 );,SELECT COUNT(*) AS NumberOfCars FROM cars_data WHERE accelerate > (SELECT MAX(horsepower) FROM cars_data),NULL,0,0
How many countries has more than 2 car makers ?,medium,select count(*) from countries as t1 join car_makers as t2 on t1.countryid  =  t2.country group by t1.countryid having count(*)  >  2,SELECT COUNT(*) FROM (   SELECT country   FROM car_makers   GROUP BY country   HAVING COUNT(id) > 2 ) AS subquery,"SELECT COUNT(*) FROM (SELECT country, COUNT(*) AS maker_count FROM car_makers GROUP BY country HAVING maker_count > 2)",0,0
What is the number of countries with more than 2 car makers ?,medium,select count(*) from countries as t1 join car_makers as t2 on t1.countryid  =  t2.country group by t1.countryid having count(*)  >  2,SELECT COUNT(*) FROM (   SELECT country   FROM car_makers   GROUP BY country   HAVING COUNT(id) > 2 ) AS country_car_makers,NULL,0,0
How many cars has over 6 cylinders?,easy,SELECT COUNT(*) FROM CARS_DATA WHERE Cylinders  >  6;,SELECT COUNT(*)  FROM cars_data  WHERE cylinders > 6,SELECT COUNT(*) FROM cars_data WHERE cylinders > 6,1,1
What is the number of carsw ith over 6 cylinders?,easy,SELECT COUNT(*) FROM CARS_DATA WHERE Cylinders  >  6;,SELECT COUNT(*)  FROM cars_data  WHERE cylinders > 6,SELECT COUNT(*) FROM cars_data WHERE cylinders > 6,1,1
"For the cars with 4 cylinders, which model has the largest horsepower?",extra,SELECT T1.Model FROM CAR_NAMES AS T1 JOIN CARS_DATA AS T2 ON T1.MakeId  =  T2.Id WHERE T2.Cylinders  =  4 ORDER BY T2.horsepower DESC LIMIT 1;,"SELECT model, horsepower FROM cars_data cd JOIN model_list ml ON cd.makeid = ml.modelid WHERE cylinders = 4 ORDER BY horsepower DESC LIMIT 1",SELECT T2.model FROM cars_data AS T1 INNER JOIN model_list AS T2 ON T1.makeid = T2.modelid WHERE T1.cylinders = 4 ORDER BY T1.horsepower DESC LIMIT 1,0,0
"For all of the 4 cylinder cars, which model has the most horsepower?",extra,SELECT T1.Model FROM CAR_NAMES AS T1 JOIN CARS_DATA AS T2 ON T1.MakeId  =  T2.Id WHERE T2.Cylinders  =  4 ORDER BY T2.horsepower DESC LIMIT 1;,"SELECT model, horsepower FROM cars_data cd JOIN model_list ml ON cd.makeid = ml.modelid WHERE cylinders = 4 ORDER BY horsepower DESC LIMIT 1",SELECT T2.model FROM cars_data AS T1 INNER JOIN model_list AS T2 ON T1.makeid = T2.modelid WHERE T1.cylinders = 4 ORDER BY T1.horsepower DESC LIMIT 1,0,0
"Among the cars with more than lowest horsepower, which ones do not have more than 3 cylinders? List the car makeid and make name.",extra,"SELECT T2.MakeId ,  T2.Make FROM CARS_DATA AS T1 JOIN CAR_NAMES AS T2 ON T1.Id  =  T2.MakeId WHERE T1.Horsepower  >  (SELECT min(Horsepower) FROM CARS_DATA) AND T1.Cylinders  <=  3;","SELECT cn.makeid, cn.make FROM car_names cn JOIN cars_data cd ON cn.makeid = cd.id WHERE cd.horsepower > (SELECT MIN(horsepower) FROM cars_data) AND cd.cylinders <= 3","SELECT T1.makeid, T3.make FROM cars_data AS T1 INNER JOIN car_names AS T2 ON T1.id = T2.makeid INNER JOIN car_makers AS T3 ON T2.maker = T3.id WHERE T1.horsepower > (SELECT MIN(horsepower) FROM cars_data) AND T1.cylinders <= 3",1,0
"Among the cars that do not have the minimum horsepower , what are the make ids and names of all those with less than 4 cylinders ?",extra,"select t2.makeid ,  t2.make from cars_data as t1 join car_names as t2 on t1.id  =  t2.makeid where t1.horsepower  >  (select min(horsepower) from cars_data) and t1.cylinders  <  4;","SELECT c.makeid, c.make FROM cars_data cd JOIN car_names c ON cd.id = c.makeid WHERE cd.horsepower <> (SELECT MIN(horsepower) FROM cars_data) AND cd.cylinders < 4","SELECT T1.makeid, T2.make FROM cars_data AS T1 INNER JOIN car_names AS T2 ON T1.model = T2.model WHERE T1.horsepower <> (SELECT MIN(horsepower) FROM cars_data) AND T1.cylinders < 4",1,0
What is the maximum miles per gallon of the car with 8 cylinders or produced before 1980 ?,medium,select max(mpg) from cars_data where cylinders  =  8 or year  <  1980,SELECT MAX(mpg) AS max_mpg FROM cars_data WHERE cylinders = 8 OR year < 1980,SELECT MAX(T1.mpg) FROM cars_data AS T1 WHERE T1.cylinders = 8 OR T1.year < 1980,1,1
What is the maximum mpg of the cars that had 8 cylinders or that were produced before 1980 ?,medium,select max(mpg) from cars_data where cylinders  =  8 or year  <  1980,SELECT MAX(mpg) AS max_mpg FROM cars_data WHERE cylinders = 8 OR year < 1980,SELECT MAX(T1.mpg) FROM cars_data AS T1 WHERE T1.cylinders = 8 OR T1.year < 1980,1,1
Which models are lighter than 3500 but not built by the 'Ford Motor Company'?,extra,SELECT DISTINCT T1.model FROM MODEL_LIST AS T1 JOIN CAR_NAMES AS T2 ON T1.Model  =  T2.Model JOIN CARS_DATA AS T3 ON T2.MakeId  =  T3.Id JOIN CAR_MAKERS AS T4 ON T1.Maker  =  T4.Id WHERE T3.weight  <  3500 AND T4.FullName != 'Ford Motor Company';,SELECT DISTINCT ml.model FROM model_list ml JOIN car_makers cm ON ml.maker = cm.maker JOIN cars_data cd ON ml.model = cd.make WHERE cd.weight < 3500 AND cm.maker != 'Ford Motor Company',SELECT DISTINCT T2.model FROM cars_data AS T1 INNER JOIN model_list AS T2 ON T1.model = T2.model WHERE T1.weight < 3500 AND T2.maker != 'Ford Motor Company',0,0
What are the different models wthat are lighter than 3500 but were not built by the Ford Motor Company?,extra,SELECT DISTINCT T1.model FROM MODEL_LIST AS T1 JOIN CAR_NAMES AS T2 ON T1.Model  =  T2.Model JOIN CARS_DATA AS T3 ON T2.MakeId  =  T3.Id JOIN CAR_MAKERS AS T4 ON T1.Maker  =  T4.Id WHERE T3.weight  <  3500 AND T4.FullName != 'Ford Motor Company';,SELECT DISTINCT ml.model FROM model_list ml JOIN car_makers cm ON ml.maker = cm.maker JOIN cars_data cd ON ml.model = cd.make WHERE cd.weight < 3500 AND cm.maker != 'Ford Motor Company',SELECT DISTINCT T2.model FROM cars_data AS T1 INNER JOIN model_list AS T2 ON T1.make = T2.maker INNER JOIN car_makers AS T3 ON T2.maker = T3.maker WHERE T1.weight < 3500 AND T3.fullname != 'Ford Motor Company',0,0
What are the name of the countries where there is not a single car maker?,hard,SELECT CountryName FROM countries EXCEPT SELECT T1.CountryName FROM countries AS T1 JOIN CAR_MAKERS AS T2 ON T1.countryId  =  T2.Country;,SELECT countryname FROM countries WHERE countryid NOT IN (SELECT country FROM car_makers),SELECT T2.countryname FROM countries AS T2 LEFT JOIN car_makers AS T1 ON T2.countryid = T1.country WHERE T1.id IS NULL,1,1
What are the names of the countries with no car makers?,hard,SELECT CountryName FROM countries EXCEPT SELECT T1.CountryName FROM countries AS T1 JOIN CAR_MAKERS AS T2 ON T1.countryId  =  T2.Country;,SELECT countryname FROM countries WHERE countryname NOT IN (   SELECT country   FROM car_makers ),NULL,0,0
Which are the car makers which produce at least 2 models and more than 3 car makers ? List the id and the maker .,extra,"select t1.id ,  t1.maker from car_makers as t1 join model_list as t2 on t1.id  =  t2.maker group by t1.id having count(*)  >=  2 intersect select t1.id ,  t1.maker from car_makers as t1 join model_list as t2 on t1.id  =  t2.maker join car_names as t3 on t2.model  =  t3.model group by t1.id having count(*)  >  3;","SELECT cm.id, cm.maker FROM car_makers cm JOIN model_list ml ON cm.maker = ml.maker GROUP BY cm.id, cm.maker HAVING COUNT(ml.modelid) >= 2 AND COUNT(cm.id) > 3",NULL,0,0
What are the ids and makers of all car makers that produce at least 2 models and make more than 3 cars?,extra,"SELECT T1.Id ,  T1.Maker FROM CAR_MAKERS AS T1 JOIN MODEL_LIST AS T2 ON T1.Id  =  T2.Maker GROUP BY T1.Id HAVING count(*)  >=  2 INTERSECT SELECT T1.Id ,  T1.Maker FROM CAR_MAKERS AS T1 JOIN MODEL_LIST AS T2 ON T1.Id  =  T2.Maker JOIN CAR_NAMES AS T3 ON T2.model  =  T3.model GROUP BY T1.Id HAVING count(*)  >  3;","SELECT cm.id, cm.maker FROM car_makers cm JOIN model_list ml ON cm.maker = ml.maker JOIN car_names cn ON ml.model = cn.model GROUP BY cm.id, cm.maker HAVING COUNT(DISTINCT ml.model) >= 2 AND COUNT(cn.makeid) > 3",NULL,0,0
What are the id and names of the countries which have more than 3 car makers or produce the 'fiat' model?,extra,"SELECT T1.countryId ,  T1.CountryName FROM Countries AS T1 JOIN CAR_MAKERS AS T2 ON T1.CountryId  =  T2.Country GROUP BY T1.countryId HAVING count(*)  >  3 UNION SELECT T1.countryId ,  T1.CountryName FROM Countries AS T1 JOIN CAR_MAKERS AS T2 ON T1.CountryId  =  T2.Country JOIN MODEL_LIST AS T3 ON T2.Id  =  T3.Maker WHERE T3.Model  =  'fiat';","SELECT c.countryid, c.countryname FROM countries c JOIN car_makers cm ON c.country = cm.maker WHERE cm.maker IN (SELECT maker FROM car_makers WHERE maker = 'fiat') OR cm.maker IN (SELECT maker FROM car_makers GROUP BY maker HAVING COUNT(*) > 3)",NULL,0,0
What are the ids and names of all countries that either have more than 3 car makers or produce fiat model ?,extra,"select t1.countryid ,  t1.countryname from countries as t1 join car_makers as t2 on t1.countryid  =  t2.country group by t1.countryid having count(*)  >  3 union select t1.countryid ,  t1.countryname from countries as t1 join car_makers as t2 on t1.countryid  =  t2.country join model_list as t3 on t2.id  =  t3.maker where t3.model  =  'fiat';","SELECT c.countryid, c.countryname FROM countries c JOIN car_makers cm ON c.country = cm.country WHERE cm.maker = 'Fiat' OR (SELECT COUNT(*) FROM car_makers WHERE country = c.country) > 3","SELECT T2.countryid, T2.countryname FROM countries AS T2 INNER JOIN car_makers AS T1 ON T2.country = T1.maker WHERE T1.maker = 'Fiat' OR (SELECT COUNT(*) FROM car_makers AS T3 WHERE T3.country = T2.countryid) > 3",0,0
"Which country does Airline ""JetBlue Airways"" belong to?",easy,"SELECT Country FROM AIRLINES WHERE Airline  =  ""JetBlue Airways""",SELECT country FROM airlines WHERE airline = 'JetBlue Airways',SELECT country FROM airlines WHERE airline = 'JetBlue Airways',1,1
What country is Jetblue Airways affiliated with?,easy,"SELECT Country FROM AIRLINES WHERE Airline  =  ""JetBlue Airways""",SELECT country FROM airlines WHERE airline = 'Jetblue Airways',SELECT country FROM airlines WHERE abbreviation = 'B6',0,0
"What is the abbreviation of Airline ""JetBlue Airways""?",easy,"SELECT Abbreviation FROM AIRLINES WHERE Airline  =  ""JetBlue Airways""",SELECT abbreviation FROM airlines WHERE airline = 'JetBlue Airways',SELECT abbreviation FROM airlines WHERE airline = 'JetBlue Airways',1,1
Which abbreviation corresponds to Jetblue Airways?,easy,"SELECT Abbreviation FROM AIRLINES WHERE Airline  =  ""JetBlue Airways""",SELECT abbreviation FROM airlines WHERE airline = 'Jetblue Airways',SELECT abbreviation FROM airlines WHERE airline = 'Jetblue Airways',0,0
"List all airline names and their abbreviations in ""USA"".",medium,"SELECT Airline ,  Abbreviation FROM AIRLINES WHERE Country  =  ""USA""","SELECT airline, abbreviation  FROM airlines  WHERE country = 'USA'","SELECT airline, abbreviation FROM airlines WHERE country = 'USA'",1,1
What are the airline names and abbreviations for airlines in the USA?,medium,"SELECT Airline ,  Abbreviation FROM AIRLINES WHERE Country  =  ""USA""","SELECT airline, abbreviation FROM airlines WHERE country = 'USA'","SELECT airline, abbreviation FROM airlines WHERE country = 'USA'",1,1
List the airport code and name in the city of Anthony.,medium,"SELECT AirportCode ,  AirportName FROM AIRPORTS WHERE city  =  ""Anthony""","SELECT airportcode, airportname FROM airports WHERE city = 'Anthony'","SELECT T2.airportcode, T2.airportname FROM airports AS T2 INNER JOIN flights AS T1 ON T1.sourceairport = T2.airportcode WHERE T2.city = 'Anthony'",1,1
Give the airport code and airport name corresonding to the city Anthony.,medium,"SELECT AirportCode ,  AirportName FROM AIRPORTS WHERE city  =  ""Anthony""","SELECT airportcode, airportname FROM airports WHERE city = 'Anthony'","SELECT a.airportcode, a.airportname FROM airports a INNER JOIN (SELECT city, airportcode FROM airports WHERE city = 'Anthony') b ON a.city = b.city",1,1
How many airlines do we have?,easy,SELECT count(*) FROM AIRLINES,SELECT COUNT(*) AS NumberOfAirlines FROM airlines,SELECT COUNT(*) FROM airlines,1,1
What is the total number of airlines?,easy,SELECT count(*) FROM AIRLINES,SELECT COUNT(*) FROM airlines,SELECT COUNT(*) FROM airlines,1,1
How many airports do we have?,easy,SELECT count(*) FROM AIRPORTS,SELECT COUNT(*) FROM airports,SELECT COUNT(*) FROM airports,1,1
Return the number of  airports.,easy,SELECT count(*) FROM AIRPORTS,SELECT COUNT(*) FROM airports,SELECT COUNT(*) FROM airports,1,1
How many flights do we have?,easy,SELECT count(*) FROM FLIGHTS,SELECT COUNT(*) FROM flights,SELECT COUNT(*) FROM flights,1,1
Return the number of flights.,easy,SELECT count(*) FROM FLIGHTS,SELECT COUNT(*) FROM flights,SELECT COUNT(*) FROM flights,1,1
Which airline has abbreviation 'UAL'?,easy,"SELECT Airline FROM AIRLINES WHERE Abbreviation  =  ""UAL""",SELECT airline FROM airlines WHERE abbreviation = 'UAL',SELECT airline FROM airlines WHERE abbreviation = 'UAL',1,1
Give the airline with abbreviation 'UAL'.,easy,"SELECT Airline FROM AIRLINES WHERE Abbreviation  =  ""UAL""",SELECT airline FROM airlines WHERE abbreviation = 'UAL',SELECT * FROM airlines WHERE abbreviation = 'UAL',1,0
How many airlines are from USA?,easy,"SELECT count(*) FROM AIRLINES WHERE Country  =  ""USA""",SELECT COUNT(*) FROM airlines WHERE country = 'USA',SELECT COUNT(*) FROM airlines WHERE country = 'USA',1,1
Return the number of airlines in the USA.,easy,"SELECT count(*) FROM AIRLINES WHERE Country  =  ""USA""",SELECT COUNT(*) FROM airlines WHERE country = 'USA',SELECT COUNT(*) FROM airlines WHERE country = 'USA',1,1
Which city and country is the Alton airport at?,medium,"SELECT City ,  Country FROM AIRPORTS WHERE AirportName  =  ""Alton""","SELECT city, country FROM airports WHERE airportname = 'Alton'","SELECT a.city, a.country FROM airports a WHERE a.airportname = 'Alton'",1,1
Give the city and country for the Alton airport.,medium,"SELECT City ,  Country FROM AIRPORTS WHERE AirportName  =  ""Alton""","SELECT city, country  FROM airports  WHERE airportname = 'Alton'","SELECT city, country FROM airports WHERE airportname = 'Alton'",1,1
What is the airport name for airport 'AKO'?,easy,"SELECT AirportName FROM AIRPORTS WHERE AirportCode  =  ""AKO""",SELECT airportname FROM airports WHERE airportcode = 'AKO',SELECT T2.airportname FROM airports AS T2 WHERE T2.airportcode = 'AKO',1,1
Return the name of the airport with code 'AKO'.,easy,"SELECT AirportName FROM AIRPORTS WHERE AirportCode  =  ""AKO""",SELECT airportname FROM airports WHERE airportcode = 'AKO',SELECT T2.airportname FROM airports AS T2 WHERE T2.airportcode = 'AKO',1,1
What are airport names at City 'Aberdeen'?,easy,"SELECT AirportName FROM AIRPORTS WHERE City = ""Aberdeen""",SELECT airportname FROM airports WHERE city = 'Aberdeen',SELECT T2.airportname FROM flights AS T1 INNER JOIN airports AS T2 ON T1.destairport = T2.airportcode WHERE T2.city = 'Aberdeen',1,1
What are the names of airports in Aberdeen?,easy,"SELECT AirportName FROM AIRPORTS WHERE City = ""Aberdeen""",SELECT airportname FROM airports WHERE city = 'Aberdeen',SELECT T2.airportname FROM flights AS T1 INNER JOIN airports AS T2 ON T1.destairport = T2.airportcode WHERE T2.city = 'Aberdeen',1,1
How many flights depart from 'APG'?,easy,"SELECT count(*) FROM FLIGHTS WHERE SourceAirport  =  ""APG""",SELECT COUNT(*) FROM flights WHERE sourceairport = 'APG',SELECT COUNT(*) FROM flights WHERE sourceairport = 'APG',1,1
Count the number of flights departing from 'APG'.,easy,"SELECT count(*) FROM FLIGHTS WHERE SourceAirport  =  ""APG""",SELECT COUNT(*) FROM flights WHERE sourceairport = 'APG',SELECT COUNT(*) FROM flights AS T1 INNER JOIN airports AS T2 ON T1.sourceairport = T2.airportcode WHERE T2.airportcode = 'APG',1,1
How many flights have destination ATO?,easy,"SELECT count(*) FROM FLIGHTS WHERE DestAirport  =  ""ATO""",SELECT COUNT(*) FROM flights WHERE destairport = 'ATO',SELECT COUNT(*) FROM flights WHERE destairport = 'ATO',1,1
Count the number of flights into ATO.,easy,"SELECT count(*) FROM FLIGHTS WHERE DestAirport  =  ""ATO""",SELECT COUNT(*) FROM flights WHERE destairport = 'ATO',SELECT COUNT(*) FROM flights AS T1 INNER JOIN airports AS T2 ON T1.destairport = T2.airportcode WHERE T2.airportname = 'ATO',1,1
How many flights depart from City Aberdeen?,medium,"SELECT count(*) FROM FLIGHTS AS T1 JOIN AIRPORTS AS T2 ON T1.SourceAirport  =  T2.AirportCode WHERE T2.City  =  ""Aberdeen""",SELECT COUNT(*) AS NumberOfFlights FROM flights f JOIN airports a ON f.sourceairport = a.airportcode WHERE a.city = 'Aberdeen',SELECT COUNT(*) FROM flights AS T1 INNER JOIN airports AS T2 ON T1.sourceairport = T2.airportcode WHERE T2.city = 'Aberdeen',1,1
Return the number of flights departing from Aberdeen.,medium,"SELECT count(*) FROM FLIGHTS AS T1 JOIN AIRPORTS AS T2 ON T1.SourceAirport  =  T2.AirportCode WHERE T2.City  =  ""Aberdeen""",SELECT COUNT(*) FROM flights WHERE sourceairport = 'Aberdeen',SELECT COUNT(*) FROM flights AS T1 INNER JOIN airports AS T2 ON T1.sourceairport = T2.airportcode WHERE T2.city = 'Aberdeen',1,1
How many flights arriving in Aberdeen city?,medium,"SELECT count(*) FROM FLIGHTS AS T1 JOIN AIRPORTS AS T2 ON T1.DestAirport  =  T2.AirportCode WHERE T2.City  =  ""Aberdeen""",SELECT COUNT(*) FROM flights f JOIN airports a ON f.destairport = a.airportcode WHERE a.city = 'Aberdeen',SELECT COUNT(*) FROM flights AS T1 INNER JOIN airports AS T2 ON T1.destairport = T2.airportcode WHERE T2.city = 'Aberdeen',1,1
Return the number of flights arriving in Aberdeen.,medium,"SELECT count(*) FROM FLIGHTS AS T1 JOIN AIRPORTS AS T2 ON T1.DestAirport  =  T2.AirportCode WHERE T2.City  =  ""Aberdeen""",SELECT COUNT(*) FROM flights WHERE destairport IN (SELECT airportcode FROM airports WHERE city = 'Aberdeen'),SELECT COUNT(*) FROM flights AS T1 INNER JOIN airports AS T2 ON T1.destairport = T2.airportcode WHERE T2.city = 'Aberdeen',1,1
How many flights depart from City 'Aberdeen' and have destination City 'Ashley'?,hard,"SELECT count(*) FROM FLIGHTS AS T1 JOIN AIRPORTS AS T2 ON T1.DestAirport  =  T2.AirportCode JOIN AIRPORTS AS T3 ON T1.SourceAirport  =  T3.AirportCode WHERE T2.City  =  ""Ashley"" AND T3.City  =  ""Aberdeen""",SELECT COUNT(*)  FROM flights f  JOIN airports a1 ON f.sourceairport = a1.airportcode  JOIN airports a2 ON f.destairport = a2.airportcode  WHERE a1.city = 'Aberdeen' AND a2.city = 'Ashley',SELECT COUNT(*) FROM flights AS T1 INNER JOIN airports AS T2 ON T1.sourceairport = T2.airportcode INNER JOIN airports AS T3 ON T1.destairport = T3.airportcode WHERE T2.city = 'Aberdeen' AND T3.city = 'Ashley',1,1
How many flights fly from Aberdeen to Ashley?,hard,"SELECT count(*) FROM FLIGHTS AS T1 JOIN AIRPORTS AS T2 ON T1.DestAirport  =  T2.AirportCode JOIN AIRPORTS AS T3 ON T1.SourceAirport  =  T3.AirportCode WHERE T2.City  =  ""Ashley"" AND T3.City  =  ""Aberdeen""",SELECT COUNT(*) FROM flights WHERE sourceairport = 'ABZ' AND destairport = 'ACI',SELECT COUNT(*) FROM flights AS T1 INNER JOIN airports AS T2 ON T1.sourceairport = T2.airportcode INNER JOIN airports AS T3 ON T1.destairport = T3.airportcode WHERE T2.city = 'Aberdeen' AND T3.city = 'Ashley',1,1
How many flights does airline 'JetBlue Airways' have?,medium,"SELECT count(*) FROM FLIGHTS AS T1 JOIN AIRLINES AS T2 ON T1.Airline  =  T2.uid WHERE T2.Airline = ""JetBlue Airways""",SELECT COUNT(*) FROM flights WHERE airline = 'JetBlue Airways',SELECT COUNT(*) FROM flights AS T1 INNER JOIN airlines AS T2 ON T1.airline = T2.abbreviation WHERE T2.airline = 'JetBlue Airways',0,0
Give the number of Jetblue Airways flights.,medium,"SELECT count(*) FROM FLIGHTS AS T1 JOIN AIRLINES AS T2 ON T1.Airline  =  T2.uid WHERE T2.Airline = ""JetBlue Airways""",SELECT COUNT(*) FROM flights WHERE airline = 'Jetblue Airways',SELECT COUNT(*) FROM flights AS T1 INNER JOIN airlines AS T2 ON T1.airline = T2.abbreviation WHERE T2.airline = 'Jetblue Airways',0,0
How many 'United Airlines' flights go to Airport 'ASY'?,medium,"SELECT count(*) FROM AIRLINES AS T1 JOIN FLIGHTS AS T2 ON T2.Airline  =  T1.uid WHERE T1.Airline  =  ""United Airlines"" AND T2.DestAirport  =  ""ASY""",SELECT COUNT(*) FROM flights WHERE airline = 'United Airlines' AND destairport = 'ASY',SELECT COUNT(*) FROM flights AS T1 INNER JOIN airlines AS T2 ON T1.airline = T2.abbreviation WHERE T2.airline = 'United Airlines' AND T1.destairport = 'ASY',1,1
Count the number of United Airlines flights arriving in ASY Airport.,medium,"SELECT count(*) FROM AIRLINES AS T1 JOIN FLIGHTS AS T2 ON T2.Airline  =  T1.uid WHERE T1.Airline  =  ""United Airlines"" AND T2.DestAirport  =  ""ASY""",SELECT COUNT(*) FROM flights WHERE airline = 'United Airlines' AND destairport = 'ASY',SELECT COUNT(*) FROM flights AS T1 INNER JOIN airlines AS T2 ON T1.airline = T2.abbreviation WHERE T2.airline = 'United Airlines' AND T1.destairport = 'ASY',1,1
How many 'United Airlines' flights depart from Airport 'AHD'?,medium,"SELECT count(*) FROM AIRLINES AS T1 JOIN FLIGHTS AS T2 ON T2.Airline  =  T1.uid WHERE T1.Airline  =  ""United Airlines"" AND T2.SourceAirport  =  ""AHD""",SELECT COUNT(*) FROM flights WHERE airline = 'United Airlines' AND sourceairport = 'AHD',SELECT COUNT(*) FROM flights AS T1 INNER JOIN airlines AS T2 ON T1.airline = T2.abbreviation WHERE T2.airline = 'United Airlines' AND T1.sourceairport = 'AHD',1,1
Return the number of United Airlines flights leaving from AHD Airport.,medium,"SELECT count(*) FROM AIRLINES AS T1 JOIN FLIGHTS AS T2 ON T2.Airline  =  T1.uid WHERE T1.Airline  =  ""United Airlines"" AND T2.SourceAirport  =  ""AHD""",SELECT COUNT(*) FROM flights WHERE airline = 'United Airlines' AND sourceairport = 'AHD',SELECT COUNT(*) FROM flights AS T1 INNER JOIN airlines AS T2 ON T1.airline = T2.abbreviation WHERE T2.airline = 'United Airlines' AND T1.sourceairport = 'AHD',1,1
How many United Airlines flights go to City 'Aberdeen'?,hard,"SELECT count(*) FROM FLIGHTS AS T1 JOIN AIRPORTS AS T2 ON T1.DestAirport  =  T2.AirportCode JOIN AIRLINES AS T3 ON T3.uid  =  T1.Airline WHERE T2.City  =  ""Aberdeen"" AND T3.Airline  =  ""United Airlines""",SELECT COUNT(*) FROM flights WHERE airline = 'United Airlines' AND destairport IN (SELECT airportcode FROM airports WHERE city = 'Aberdeen'),SELECT COUNT(*) FROM flights AS T1 INNER JOIN airlines AS T2 ON T1.airline = T2.abbreviation WHERE T2.airline = 'United Airlines' AND T1.destairport IN (SELECT airportcode FROM airports WHERE city = 'Aberdeen'),1,1
Count the number of United Airlines flights that arrive in Aberdeen.,hard,"SELECT count(*) FROM FLIGHTS AS T1 JOIN AIRPORTS AS T2 ON T1.DestAirport  =  T2.AirportCode JOIN AIRLINES AS T3 ON T3.uid  =  T1.Airline WHERE T2.City  =  ""Aberdeen"" AND T3.Airline  =  ""United Airlines""",SELECT COUNT(*)  FROM flights  WHERE airline = 'United Airlines'  AND destairport = 'ABZ',SELECT COUNT(*) FROM flights AS T1 INNER JOIN airlines AS T2 ON T1.airline = T2.abbreviation WHERE T2.airline = 'United Airlines' AND T1.destairport IN (SELECT airportcode FROM airports WHERE city = 'Aberdeen' AND country = 'United Kingdom'),1,1
Which city has most number of arriving flights?,extra,SELECT T1.City FROM AIRPORTS AS T1 JOIN FLIGHTS AS T2 ON T1.AirportCode  =  T2.DestAirport GROUP BY T1.City ORDER BY count(*) DESC LIMIT 1,"SELECT a.city, COUNT(*) AS num_arriving_flights FROM flights f JOIN airports a ON f.destairport = a.airportcode GROUP BY a.city ORDER BY num_arriving_flights DESC LIMIT 1","SELECT T2.city, COUNT(T3.flightno) AS flight_count FROM flights AS T3 INNER JOIN airports AS T2 ON T3.destairport = T2.airportcode GROUP BY T2.city ORDER BY flight_count DESC LIMIT 1",1,1
Which city has the most frequent destination airport?,extra,SELECT T1.City FROM AIRPORTS AS T1 JOIN FLIGHTS AS T2 ON T1.AirportCode  =  T2.DestAirport GROUP BY T1.City ORDER BY count(*) DESC LIMIT 1,"SELECT city, COUNT(*) AS frequency FROM airports GROUP BY city ORDER BY frequency DESC LIMIT 1","SELECT T2.city, COUNT(T3.destairport) AS freq FROM flights AS T3 INNER JOIN airports AS T2 ON T3.destairport = T2.airportcode GROUP BY T3.destairport ORDER BY freq DESC LIMIT 1",0,1
Which city has most number of departing flights?,extra,SELECT T1.City FROM AIRPORTS AS T1 JOIN FLIGHTS AS T2 ON T1.AirportCode  =  T2.SourceAirport GROUP BY T1.City ORDER BY count(*) DESC LIMIT 1,"SELECT a.city, COUNT(f.sourceairport) AS num_departing_flights FROM flights f JOIN airports a ON f.sourceairport = a.airportcode GROUP BY a.city ORDER BY num_departing_flights DESC LIMIT 1","SELECT T2.city, COUNT(T3.flightno) AS flight_count FROM airlines AS T1 INNER JOIN airports AS T2 ON T1.country = T2.country INNER JOIN flights AS T3 ON T1.abbreviation = T3.airline WHERE T3.sourceairport = T2.airportcode GROUP BY T2.city ORDER BY flight_count DESC LIMIT 1",1,1
Which city is the most frequent source airport?,extra,SELECT T1.City FROM AIRPORTS AS T1 JOIN FLIGHTS AS T2 ON T1.AirportCode  =  T2.SourceAirport GROUP BY T1.City ORDER BY count(*) DESC LIMIT 1,"SELECT sourceairport, COUNT(*) AS frequency FROM flights GROUP BY sourceairport ORDER BY frequency DESC LIMIT 1","SELECT T2.city, COUNT(T3.sourceairport) AS SourceCount FROM flights AS T3 INNER JOIN airports AS T2 ON T3.sourceairport = T2.airportcode GROUP BY T3.sourceairport ORDER BY SourceCount DESC LIMIT 1",0,1
What is the code of airport that has the highest number of flights?,extra,SELECT T1.AirportCode FROM AIRPORTS AS T1 JOIN FLIGHTS AS T2 ON T1.AirportCode  =  T2.DestAirport OR T1.AirportCode  =  T2.SourceAirport GROUP BY T1.AirportCode ORDER BY count(*) DESC LIMIT 1,SELECT a.airportcode FROM airports a JOIN flights f ON a.airportcode = f.sourceairport OR a.airportcode = f.destairport GROUP BY a.airportcode ORDER BY COUNT(*) DESC LIMIT 1,NULL,1,0
What is the airport code of the airport with the most flights?,extra,SELECT T1.AirportCode FROM AIRPORTS AS T1 JOIN FLIGHTS AS T2 ON T1.AirportCode  =  T2.DestAirport OR T1.AirportCode  =  T2.SourceAirport GROUP BY T1.AirportCode ORDER BY count(*) DESC LIMIT 1,SELECT destairport AS airportcode FROM flights GROUP BY destairport ORDER BY COUNT(*) DESC LIMIT 1,NULL,0,0
What is the code of airport that has fewest number of flights?,extra,SELECT T1.AirportCode FROM AIRPORTS AS T1 JOIN FLIGHTS AS T2 ON T1.AirportCode  =  T2.DestAirport OR T1.AirportCode  =  T2.SourceAirport GROUP BY T1.AirportCode ORDER BY count(*) LIMIT 1,SELECT a.airportcode FROM airports a JOIN flights f ON a.airportcode = f.sourceairport OR a.airportcode = f.destairport GROUP BY a.airportcode ORDER BY COUNT(*) ASC LIMIT 1,NULL,1,0
Give the code of the airport with the least flights.,extra,SELECT T1.AirportCode FROM AIRPORTS AS T1 JOIN FLIGHTS AS T2 ON T1.AirportCode  =  T2.DestAirport OR T1.AirportCode  =  T2.SourceAirport GROUP BY T1.AirportCode ORDER BY count(*) LIMIT 1,"SELECT a.airportcode, a.airportname, COUNT(f.flightno) AS flight_count FROM airports a LEFT JOIN flights f ON a.airportcode = f.sourceairport OR a.airportcode = f.destairport GROUP BY a.airportcode, a.airportname ORDER BY flight_count ASC LIMIT 1",NULL,0,0
Which airline has most number of flights?,extra,SELECT T1.Airline FROM AIRLINES AS T1 JOIN FLIGHTS AS T2 ON T1.uid  =  T2.Airline GROUP BY T1.Airline ORDER BY count(*) DESC LIMIT 1,"SELECT a.airline, COUNT(f.flightno) AS flight_count FROM airlines a JOIN flights f ON a.abbreviation = f.airline GROUP BY a.airline ORDER BY flight_count DESC LIMIT 1","SELECT T1.airline, COUNT(T2.flightno) AS flight_count FROM flights AS T2 INNER JOIN airlines AS T1 ON T1.abbreviation = T2.airline GROUP BY T1.airline ORDER BY flight_count DESC LIMIT 1",0,0
What airline serves the most flights?,extra,SELECT T1.Airline FROM AIRLINES AS T1 JOIN FLIGHTS AS T2 ON T1.uid  =  T2.Airline GROUP BY T1.Airline ORDER BY count(*) DESC LIMIT 1,"SELECT a.airline, COUNT(f.flightno) AS flight_count FROM airlines a JOIN flights f ON a.abbreviation = f.airline GROUP BY a.airline ORDER BY flight_count DESC LIMIT 1","SELECT a.airline, COUNT(f.flightno) AS flight_count FROM airlines a JOIN flights f ON a.airline = f.airline GROUP BY a.airline ORDER BY flight_count DESC LIMIT 1",0,0
Find the abbreviation and country of the airline that has fewest number of flights?,extra,"SELECT T1.Abbreviation ,  T1.Country FROM AIRLINES AS T1 JOIN FLIGHTS AS T2 ON T1.uid  =  T2.Airline GROUP BY T1.Airline ORDER BY count(*) LIMIT 1","SELECT a.abbreviation, a.country FROM airlines a JOIN flights f ON a.airline = f.airline GROUP BY a.uid ORDER BY COUNT(f.flightno) ASC LIMIT 1",NULL,0,0
What is the abbreviation of the airilne has the fewest flights and what country is it in?,extra,"SELECT T1.Abbreviation ,  T1.Country FROM AIRLINES AS T1 JOIN FLIGHTS AS T2 ON T1.uid  =  T2.Airline GROUP BY T1.Airline ORDER BY count(*) LIMIT 1","SELECT a.abbreviation, a.country FROM airlines a JOIN flights f ON a.airline = f.airline GROUP BY a.uid ORDER BY COUNT(f.flightno) ASC LIMIT 1","SELECT T1.abbreviation, T2.country FROM airlines AS T1 INNER JOIN (SELECT airline, COUNT(*) AS flightcount FROM flights GROUP BY airline ORDER BY flightcount LIMIT 1) AS T2 ON T1.airline = T2.airline",0,0
What are airlines that have some flight departing from airport 'AHD'?,medium,"SELECT T1.Airline FROM AIRLINES AS T1 JOIN FLIGHTS AS T2 ON T1.uid  =  T2.Airline WHERE T2.SourceAirport  =  ""AHD""",SELECT DISTINCT a.airline FROM airlines a JOIN flights f ON a.abbreviation = f.airline WHERE f.sourceairport = 'AHD',SELECT DISTINCT T1.airline FROM flights AS T2 INNER JOIN airlines AS T1 ON T2.airline = T1.abbreviation WHERE T2.sourceairport = 'AHD',1,1
Which airlines have a flight with source airport AHD?,medium,"SELECT T1.Airline FROM AIRLINES AS T1 JOIN FLIGHTS AS T2 ON T1.uid  =  T2.Airline WHERE T2.SourceAirport  =  ""AHD""",SELECT DISTINCT a.airline FROM airlines a JOIN flights f ON a.abbreviation = f.airline WHERE f.sourceairport = 'AHD',SELECT DISTINCT T1.airline FROM flights AS T2 INNER JOIN airlines AS T1 ON T2.airline = T1.abbreviation WHERE T2.sourceairport = 'AHD',1,1
What are airlines that have flights arriving at airport 'AHD'?,medium,"SELECT T1.Airline FROM AIRLINES AS T1 JOIN FLIGHTS AS T2 ON T1.uid  =  T2.Airline WHERE T2.DestAirport  =  ""AHD""",SELECT DISTINCT a.airline FROM airlines a JOIN flights f ON a.abbreviation = f.airline WHERE f.destairport = 'AHD',SELECT DISTINCT T1.airline FROM flights AS T2 INNER JOIN airlines AS T1 ON T2.airline = T1.abbreviation WHERE T2.destairport = 'AHD',1,1
Which airlines have a flight with destination airport AHD?,medium,"SELECT T1.Airline FROM AIRLINES AS T1 JOIN FLIGHTS AS T2 ON T1.uid  =  T2.Airline WHERE T2.DestAirport  =  ""AHD""",SELECT DISTINCT a.airline FROM airlines a JOIN flights f ON a.abbreviation = f.airline WHERE f.destairport = 'AHD',SELECT DISTINCT T1.airline FROM flights AS T2 INNER JOIN airlines AS T1 ON T2.airline = T1.abbreviation WHERE T2.destairport = 'AHD',1,1
Find all airlines that have flights from both airports 'APG' and 'CVO'.,extra,"SELECT T1.Airline FROM AIRLINES AS T1 JOIN FLIGHTS AS T2 ON T1.uid  =  T2.Airline WHERE T2.SourceAirport  =  ""APG"" INTERSECT SELECT T1.Airline FROM AIRLINES AS T1 JOIN FLIGHTS AS T2 ON T1.uid  =  T2.Airline WHERE T2.SourceAirport  =  ""CVO""","SELECT DISTINCT a.airline FROM airlines a JOIN flights f ON a.abbreviation = f.airline WHERE f.sourceairport IN ('APG', 'CVO') GROUP BY a.airline HAVING COUNT(DISTINCT f.sourceairport) = 2",SELECT DISTINCT T1.airline FROM airlines AS T1 INNER JOIN flights AS T2 ON T1.abbreviation = T2.airline WHERE T2.sourceairport = 'APG' AND T2.destairport = 'CVO',1,1
Which airlines have departing flights from both APG and CVO airports?,extra,"SELECT T1.Airline FROM AIRLINES AS T1 JOIN FLIGHTS AS T2 ON T1.uid  =  T2.Airline WHERE T2.SourceAirport  =  ""APG"" INTERSECT SELECT T1.Airline FROM AIRLINES AS T1 JOIN FLIGHTS AS T2 ON T1.uid  =  T2.Airline WHERE T2.SourceAirport  =  ""CVO""","SELECT DISTINCT a.airline FROM airlines a JOIN flights f ON a.abbreviation = f.airline WHERE f.sourceairport IN ('APG', 'CVO') GROUP BY a.airline HAVING COUNT(DISTINCT f.sourceairport) = 2","SELECT DISTINCT T1.airline FROM flights AS T2 INNER JOIN airlines AS T1 ON T2.airline = T1.abbreviation WHERE T2.sourceairport IN ('APG', 'CVO')",1,1
Find all airlines that have flights from airport 'CVO' but not from 'APG'.,extra,"SELECT T1.Airline FROM AIRLINES AS T1 JOIN FLIGHTS AS T2 ON T1.uid  =  T2.Airline WHERE T2.SourceAirport  =  ""CVO"" EXCEPT SELECT T1.Airline FROM AIRLINES AS T1 JOIN FLIGHTS AS T2 ON T1.uid  =  T2.Airline WHERE T2.SourceAirport  =  ""APG""",SELECT DISTINCT a.airline FROM airlines a JOIN flights f ON a.abbreviation = f.airline WHERE f.sourceairport = 'CVO' AND a.abbreviation NOT IN (     SELECT f.airline     FROM flights f     WHERE f.sourceairport = 'APG' ),SELECT DISTINCT T1.airline FROM airlines AS T1 INNER JOIN flights AS T2 ON T1.abbreviation = T2.airline WHERE T2.sourceairport = 'CVO' AND T2.sourceairport <> 'APG',1,1
Which airlines have departures from CVO but not from APG airports?,extra,"SELECT T1.Airline FROM AIRLINES AS T1 JOIN FLIGHTS AS T2 ON T1.uid  =  T2.Airline WHERE T2.SourceAirport  =  ""CVO"" EXCEPT SELECT T1.Airline FROM AIRLINES AS T1 JOIN FLIGHTS AS T2 ON T1.uid  =  T2.Airline WHERE T2.SourceAirport  =  ""APG""",SELECT DISTINCT a.airline FROM flights f JOIN airlines a ON f.airline = a.abbreviation WHERE f.sourceairport = 'CVO' AND f.airline NOT IN (     SELECT f2.airline     FROM flights f2     WHERE f2.sourceairport = 'APG' ),SELECT DISTINCT T1.airline FROM flights AS T1 INNER JOIN airports AS T2 ON T1.sourceairport = T2.airportcode WHERE T2.airportname = 'CVO' AND T1.sourceairport NOT IN (SELECT T3.airportcode FROM airports AS T3 WHERE T3.airportname = 'APG'),1,1
Find all airlines that have at least 10 flights.,medium,SELECT T1.Airline FROM AIRLINES AS T1 JOIN FLIGHTS AS T2 ON T1.uid  =  T2.Airline GROUP BY T1.Airline HAVING count(*)  >  10,"SELECT a.airline, a.abbreviation, a.country FROM airlines a JOIN flights f ON a.abbreviation = f.airline GROUP BY a.airline, a.abbreviation, a.country HAVING COUNT(f.flightno) >= 10","SELECT airline, abbreviation, country FROM airlines AS T1 INNER JOIN flights AS T2 ON T1.abbreviation = T2.airline GROUP BY T1.uid HAVING COUNT(T2.flightno) >= 10",0,0
Which airlines have at least 10 flights?,medium,SELECT T1.Airline FROM AIRLINES AS T1 JOIN FLIGHTS AS T2 ON T1.uid  =  T2.Airline GROUP BY T1.Airline HAVING count(*)  >  10,"SELECT a.airline, COUNT(f.flightno) AS flight_count FROM airlines a JOIN flights f ON a.abbreviation = f.airline GROUP BY a.airline HAVING COUNT(f.flightno) >= 10","SELECT a.airline, a.abbreviation, a.country FROM airlines AS a INNER JOIN flights AS f ON a.abbreviation = f.airline GROUP BY a.airline HAVING COUNT(f.flightno) >= 10",0,0
Find all airlines that have fewer than 200 flights.,medium,SELECT T1.Airline FROM AIRLINES AS T1 JOIN FLIGHTS AS T2 ON T1.uid  =  T2.Airline GROUP BY T1.Airline HAVING count(*)  <  200,SELECT a.airline FROM airlines a JOIN flights f ON a.abbreviation = f.airline GROUP BY a.airline HAVING COUNT(f.flightno) < 200,"SELECT T1.airline, T1.abbreviation, T1.country FROM airlines AS T1 INNER JOIN (SELECT airline, COUNT(*) AS flightcount FROM flights GROUP BY airline) AS T2 ON T1.airline = T2.airline WHERE T2.flightcount < 200",0,0
Which airlines have less than 200 flights?,medium,SELECT T1.Airline FROM AIRLINES AS T1 JOIN FLIGHTS AS T2 ON T1.uid  =  T2.Airline GROUP BY T1.Airline HAVING count(*)  <  200,"SELECT a.airline, COUNT(f.flightno) AS flight_count FROM airlines a JOIN flights f ON a.abbreviation = f.airline GROUP BY a.airline HAVING COUNT(f.flightno) < 200","SELECT a.airline, a.abbreviation, a.country FROM airlines AS a INNER JOIN (SELECT f.airline, COUNT(f.flightno) AS flightcount FROM flights AS f GROUP BY f.airline) AS fcount ON a.airline = fcount.airline WHERE fcount.flightcount < 200",0,0
"What are flight numbers of Airline ""United Airlines""?",medium,"SELECT T1.FlightNo FROM FLIGHTS AS T1 JOIN AIRLINES AS T2 ON T2.uid  =  T1.Airline WHERE T2.Airline  =  ""United Airlines""",SELECT flights.flightno FROM flights JOIN airlines ON flights.airline = airlines.abbreviation WHERE airlines.airline = 'United Airlines',SELECT f.flightno FROM flights AS f INNER JOIN airlines AS a ON f.airline = a.abbreviation WHERE a.airline = 'United Airlines',0,0
Which flight numbers correspond to United Airlines flights?,medium,"SELECT T1.FlightNo FROM FLIGHTS AS T1 JOIN AIRLINES AS T2 ON T2.uid  =  T1.Airline WHERE T2.Airline  =  ""United Airlines""",SELECT flightno FROM flights WHERE airline = 'United Airlines',SELECT T3.flightno FROM flights AS T3 INNER JOIN airlines AS T2 ON T3.airline = T2.abbreviation WHERE T2.airline = 'United Airlines',0,0
"What are flight numbers of flights departing from Airport ""APG""?",easy,"SELECT FlightNo FROM FLIGHTS WHERE SourceAirport  =  ""APG""",SELECT f.flightno FROM flights f JOIN airports a ON f.sourceairport = a.airportcode WHERE a.airportname = 'APG',SELECT f.flightno FROM flights f INNER JOIN airports a ON f.sourceairport = a.airportcode WHERE a.airportname = 'APG',1,1
Give the flight numbers of flights leaving from APG.,easy,"SELECT FlightNo FROM FLIGHTS WHERE SourceAirport  =  ""APG""",SELECT flightno FROM flights WHERE sourceairport = 'APG',SELECT f.flightno FROM flights f INNER JOIN airports a ON f.sourceairport = a.airportcode WHERE a.airportname = 'APG',1,1
"What are flight numbers of flights arriving at Airport ""APG""?",easy,"SELECT FlightNo FROM FLIGHTS WHERE DestAirport  =  ""APG""",SELECT f.flightno FROM flights f JOIN airports a ON f.destairport = a.airportcode WHERE a.airportname = 'APG',SELECT f.flightno FROM flights AS f INNER JOIN airports AS a ON f.destairport = a.airportcode WHERE a.airportname = 'APG',1,1
Give the flight numbers of flights landing at APG.,easy,"SELECT FlightNo FROM FLIGHTS WHERE DestAirport  =  ""APG""",SELECT f.flightno FROM flights f JOIN airports a ON f.destairport = a.airportcode WHERE a.airportname = 'APG',SELECT f.flightno FROM flights f INNER JOIN airports a ON f.destairport = a.airportcode WHERE a.airportname = 'APG',1,1
"What are flight numbers of flights departing from City ""Aberdeen ""?",medium,"SELECT T1.FlightNo FROM FLIGHTS AS T1 JOIN AIRPORTS AS T2 ON T1.SourceAirport   =  T2.AirportCode WHERE T2.City  =  ""Aberdeen""",SELECT flights.flightno FROM flights JOIN airports ON flights.sourceairport = airports.airportcode WHERE airports.city = 'Aberdeen ',SELECT f.flightno FROM flights f INNER JOIN airports a ON f.sourceairport = a.airportcode WHERE a.city = 'Aberdeen',1,1
Give the flight numbers of flights leaving from Aberdeen.,medium,"SELECT T1.FlightNo FROM FLIGHTS AS T1 JOIN AIRPORTS AS T2 ON T1.SourceAirport   =  T2.AirportCode WHERE T2.City  =  ""Aberdeen""",SELECT flightno FROM flights WHERE sourceairport IN (SELECT airportcode FROM airports WHERE city = 'Aberdeen'),SELECT f.flightno FROM flights f INNER JOIN airports a ON f.sourceairport = a.airportcode WHERE a.city = 'Aberdeen',1,1
"What are flight numbers of flights arriving at City ""Aberdeen""?",medium,"SELECT T1.FlightNo FROM FLIGHTS AS T1 JOIN AIRPORTS AS T2 ON T1.DestAirport   =  T2.AirportCode WHERE T2.City  =  ""Aberdeen""",SELECT f.flightno FROM flights f JOIN airports a ON f.destairport = a.airportcode WHERE a.city = 'Aberdeen',SELECT f.flightno FROM flights f INNER JOIN airports a ON f.destairport = a.airportcode WHERE a.city = 'Aberdeen',1,1
Give the flight numbers of flights arriving in Aberdeen.,medium,"SELECT T1.FlightNo FROM FLIGHTS AS T1 JOIN AIRPORTS AS T2 ON T1.DestAirport   =  T2.AirportCode WHERE T2.City  =  ""Aberdeen""",SELECT flights.flightno FROM flights JOIN airports ON flights.destairport = airports.airportcode WHERE airports.airportname = 'Aberdeen',SELECT f.flightno FROM flights f INNER JOIN airports a ON f.destairport = a.airportcode WHERE a.city = 'Aberdeen',1,1
Find the number of flights landing in the city of Aberdeen or Abilene.,hard,"SELECT count(*) FROM Flights AS T1 JOIN Airports AS T2 ON T1.DestAirport  =  T2.AirportCode WHERE T2.city  =  ""Aberdeen"" OR T2.city  =  ""Abilene""","SELECT COUNT(*) AS NumberOfFlights FROM flights WHERE destairport IN (     SELECT airportcode     FROM airports     WHERE city IN ('Aberdeen', 'Abilene') )","SELECT COUNT(*) FROM flights AS T1 INNER JOIN airports AS T2 ON T1.destairport = T2.airportcode WHERE T2.city IN ('Aberdeen', 'Abilene')",1,1
How many flights land in Aberdeen or Abilene?,hard,"SELECT count(*) FROM Flights AS T1 JOIN Airports AS T2 ON T1.DestAirport  =  T2.AirportCode WHERE T2.city  =  ""Aberdeen"" OR T2.city  =  ""Abilene""","SELECT COUNT(*) FROM flights WHERE destairport IN ('ABZ', 'ABI')","SELECT COUNT(*) FROM flights AS T1 INNER JOIN airports AS T2 ON T1.destairport = T2.airportcode WHERE T2.city IN ('Aberdeen', 'Abilene')",1,1
Find the name of airports which do not have any flight in and out.,hard,SELECT AirportName FROM Airports WHERE AirportCode NOT IN (SELECT SourceAirport FROM Flights UNION SELECT DestAirport FROM Flights),SELECT DISTINCT a.airportname FROM airports a WHERE NOT EXISTS (     SELECT 1     FROM flights f1     WHERE f1.sourceairport = a.airportcode ) AND NOT EXISTS (     SELECT 1     FROM flights f2     WHERE f2.destairport = a.airportcode ),SELECT a.airportname FROM airports a LEFT JOIN flights f1 ON a.airportcode = f1.sourceairport LEFT JOIN flights f2 ON a.airportcode = f2.destairport WHERE f1.flightno IS NULL AND f2.flightno IS NULL,1,1
Which airports do not have departing or arriving flights?,hard,SELECT AirportName FROM Airports WHERE AirportCode NOT IN (SELECT SourceAirport FROM Flights UNION SELECT DestAirport FROM Flights),"SELECT DISTINCT a.city, a.airportcode, a.airportname, a.country, a.countryabbrev FROM airports a LEFT JOIN flights f1 ON a.airportcode = f1.sourceairport LEFT JOIN flights f2 ON a.airportcode = f2.destairport WHERE f1.sourceairport IS NULL AND f2.destairport IS NULL","SELECT a.airportcode, a.airportname, a.country, a.countryabbrev FROM airports a LEFT JOIN flights f1 ON a.airportcode = f1.sourceairport LEFT JOIN flights f2 ON a.airportcode = f2.destairport WHERE f1.sourceairport IS NULL AND f2.destairport IS NULL",0,0
How many employees are there?,easy,SELECT count(*) FROM employee,SELECT COUNT(*) AS total_employees FROM employee,SELECT COUNT(*) FROM employee,1,1
Count the number of employees,easy,SELECT count(*) FROM employee,SELECT COUNT(*) AS number_of_employees FROM employee,SELECT COUNT(DISTINCT employee_id) FROM hiring,1,0
Sort employee names by their age in ascending order.,easy,SELECT name FROM employee ORDER BY age,SELECT name FROM employee ORDER BY age ASC,SELECT name FROM employee ORDER BY age ASC,1,1
List the names of employees and sort in ascending order of age.,easy,SELECT name FROM employee ORDER BY age,SELECT name FROM employee ORDER BY age ASC,SELECT name FROM employee ORDER BY age ASC,1,1
What is the number of employees from each city?,medium,"SELECT count(*) ,  city FROM employee GROUP BY city","SELECT city, COUNT(employee_id) AS number_of_employees FROM employee GROUP BY city","SELECT e.city, COUNT(e.employee_id) AS number_of_employees FROM employee e GROUP BY e.city",0,0
Count the number of employees for each city.,medium,"SELECT count(*) ,  city FROM employee GROUP BY city","SELECT city, COUNT(employee_id) AS number_of_employees FROM employee GROUP BY city","SELECT T2.city, COUNT(T1.employee_id) AS number_of_employees FROM hiring AS T1 INNER JOIN employee AS T2 ON T1.employee_id = T2.employee_id GROUP BY T2.city",0,0
Which cities do more than one employee under age 30 come from?,medium,SELECT city FROM employee WHERE age  <  30 GROUP BY city HAVING count(*)  >  1,SELECT city FROM employee WHERE age < 30 GROUP BY city HAVING COUNT(employee_id) > 1,SELECT T1.city FROM employee AS T1 INNER JOIN hiring AS T2 ON T1.employee_id = T2.employee_id WHERE T1.age < 30 GROUP BY T1.city HAVING COUNT(T1.employee_id) > 1,1,1
Find the cities that have more than one employee under age 30.,medium,SELECT city FROM employee WHERE age  <  30 GROUP BY city HAVING count(*)  >  1,SELECT city FROM employee WHERE age < 30 GROUP BY city HAVING COUNT(employee_id) > 1,SELECT T1.city FROM employee AS T1 INNER JOIN hiring AS T2 ON T1.employee_id = T2.employee_id WHERE T1.age < 30 GROUP BY T1.city HAVING COUNT(T1.employee_id) > 1,1,1
Find the number of shops in each location.,medium,"SELECT count(*) ,  LOCATION FROM shop GROUP BY LOCATION","SELECT location, COUNT(*) AS number_of_shops FROM shop GROUP BY location","SELECT location, COUNT(shop_id) AS number_of_shops FROM shop GROUP BY location",0,0
How many shops are there in each location?,medium,"SELECT count(*) ,  LOCATION FROM shop GROUP BY LOCATION","SELECT location, COUNT(*) AS shop_count FROM shop GROUP BY location","SELECT location, COUNT(shop_id) AS number_of_shops FROM shop GROUP BY location",0,0
Find the manager name and district of the shop whose number of products is the largest.,medium,"SELECT manager_name ,  district FROM shop ORDER BY number_products DESC LIMIT 1","SELECT s.manager_name, s.district FROM shop s WHERE s.number_products = (SELECT MAX(number_products) FROM shop)",NULL,1,0
What are the manager name and district of the shop that sells the largest number of products?,medium,"SELECT manager_name ,  district FROM shop ORDER BY number_products DESC LIMIT 1","SELECT s.manager_name, s.district FROM shop s ORDER BY s.number_products DESC LIMIT 1",NULL,1,0
find the minimum and maximum number of products of all stores.,medium,"SELECT min(Number_products) ,  max(Number_products) FROM shop","SELECT MIN(number_products) AS min_products, MAX(number_products) AS max_products FROM shop","SELECT MIN(number_products), MAX(number_products) FROM shop",1,1
What are the minimum and maximum number of products across all the shops?,medium,"SELECT min(Number_products) ,  max(Number_products) FROM shop","SELECT MIN(number_products) AS min_products, MAX(number_products) AS max_products FROM shop","SELECT MIN(number_products), MAX(number_products) FROM shop",1,1
"Return the name, location and district of all shops in descending order of number of products.",medium,"SELECT name ,  LOCATION ,  district FROM shop ORDER BY number_products DESC","SELECT name, location, district FROM shop ORDER BY number_products DESC","SELECT name, location, district FROM shop ORDER BY number_products DESC",1,1
"Sort all the shops by number products in descending order, and return the name, location and district of each shop.",medium,"SELECT name ,  LOCATION ,  district FROM shop ORDER BY number_products DESC","SELECT name, location, district FROM shop ORDER BY number_products DESC","SELECT name, location, district FROM shop ORDER BY number_products DESC",1,1
Find the names of stores whose number products is more than the average number of products.,hard,SELECT name FROM shop WHERE number_products  >  (SELECT avg(number_products) FROM shop),SELECT s.name FROM shop s WHERE s.number_products > (SELECT AVG(number_products) FROM shop),SELECT s.name FROM shop AS s WHERE s.number_products > (SELECT AVG(number_products) FROM shop),1,1
Which shops' number products is above the average? Give me the shop names.,hard,SELECT name FROM shop WHERE number_products  >  (SELECT avg(number_products) FROM shop),SELECT s.name FROM shop s WHERE s.number_products > (SELECT AVG(number_products) FROM shop),SELECT T2.name FROM shop AS T2 WHERE T2.number_products > (SELECT AVG(T3.number_products) FROM shop AS T3),1,1
find the name of employee who was awarded the most times in the evaluation.,extra,SELECT t1.name FROM employee AS t1 JOIN evaluation AS t2 ON t1.Employee_ID  =  t2.Employee_ID GROUP BY t2.Employee_ID ORDER BY count(*) DESC LIMIT 1,SELECT e.name FROM employee e JOIN evaluation ev ON e.employee_id = ev.employee_id GROUP BY e.employee_id ORDER BY COUNT(ev.employee_id) DESC LIMIT 1,NULL,1,0
Which employee received the most awards in evaluations? Give me the employee name.,extra,SELECT t1.name FROM employee AS t1 JOIN evaluation AS t2 ON t1.Employee_ID  =  t2.Employee_ID GROUP BY t2.Employee_ID ORDER BY count(*) DESC LIMIT 1,SELECT e.name FROM employee e JOIN evaluation ev ON e.employee_id = ev.employee_id GROUP BY e.employee_id ORDER BY COUNT(ev.employee_id) DESC LIMIT 1,NULL,1,0
Find the name of the employee who got the highest one time bonus.,hard,SELECT t1.name FROM employee AS t1 JOIN evaluation AS t2 ON t1.Employee_ID  =  t2.Employee_ID ORDER BY t2.bonus DESC LIMIT 1,SELECT e.name FROM employee e JOIN evaluation ev ON e.employee_id = ev.employee_id ORDER BY ev.bonus DESC LIMIT 1,NULL,1,0
Which employee received the biggest bonus? Give me the employee name.,hard,SELECT t1.name FROM employee AS t1 JOIN evaluation AS t2 ON t1.Employee_ID  =  t2.Employee_ID ORDER BY t2.bonus DESC LIMIT 1,SELECT e.name FROM employee e JOIN evaluation ev ON e.employee_id = ev.employee_id ORDER BY ev.bonus DESC LIMIT 1,SELECT T1.name FROM employee AS T1 INNER JOIN evaluation AS T2 ON T1.employee_id = T2.employee_id ORDER BY T2.bonus DESC LIMIT 1,1,1
Find the names of employees who never won any award in the evaluation.,hard,SELECT name FROM employee WHERE Employee_ID NOT IN (SELECT Employee_ID FROM evaluation),SELECT e.name FROM employee e LEFT JOIN evaluation ev ON e.employee_id = ev.employee_id WHERE ev.employee_id IS NULL,NULL,1,0
What are the names of the employees who never received any evaluation?,hard,SELECT name FROM employee WHERE Employee_ID NOT IN (SELECT Employee_ID FROM evaluation),SELECT e.name FROM employee e LEFT JOIN evaluation ev ON e.employee_id = ev.employee_id WHERE ev.evaluation_id IS NULL,NULL,0,0
What is the name of the shop that is hiring the largest number of employees?,extra,SELECT t2.name FROM hiring AS t1 JOIN shop AS t2 ON t1.shop_id  =  t2.shop_id GROUP BY t1.shop_id ORDER BY count(*) DESC LIMIT 1,SELECT s.name FROM shop s JOIN hiring h ON s.shop_id = h.shop_id GROUP BY s.shop_id ORDER BY COUNT(h.employee_id) DESC LIMIT 1,NULL,1,0
Which shop has the most employees? Give me the shop name.,extra,SELECT t2.name FROM hiring AS t1 JOIN shop AS t2 ON t1.shop_id  =  t2.shop_id GROUP BY t1.shop_id ORDER BY count(*) DESC LIMIT 1,SELECT s.name FROM shop s JOIN hiring h ON s.shop_id = h.shop_id GROUP BY s.shop_id ORDER BY COUNT(h.employee_id) DESC LIMIT 1,NULL,1,0
Find the name of the shops that do not hire any employee.,hard,SELECT name FROM shop WHERE shop_id NOT IN (SELECT shop_id FROM hiring),SELECT s.name FROM shop s LEFT JOIN hiring h ON s.shop_id = h.shop_id WHERE h.employee_id IS NULL,SELECT S.name FROM shop AS S LEFT JOIN hiring AS H ON S.shop_id = H.shop_id WHERE H.employee_id IS NULL,1,1
Which shops run with no employees? Find the shop names,hard,SELECT name FROM shop WHERE shop_id NOT IN (SELECT shop_id FROM hiring),SELECT s.name FROM shop s LEFT JOIN hiring h ON s.shop_id = h.shop_id WHERE h.employee_id IS NULL,SELECT S.name FROM shop AS S LEFT JOIN hiring AS H ON S.shop_id = H.shop_id WHERE H.employee_id IS NULL,1,1
Find the number of employees hired in each shop; show the shop name as well.,medium,"SELECT count(*) ,  t2.name FROM hiring AS t1 JOIN shop AS t2 ON t1.shop_id  =  t2.shop_id GROUP BY t2.name","SELECT    s.name AS shop_name,   COUNT(h.employee_id) AS number_of_employees FROM    shop s JOIN    hiring h ON s.shop_id = h.shop_id GROUP BY    s.name","SELECT T2.name, COUNT(T3.employee_id) AS number_of_employees FROM shop AS T2 INNER JOIN hiring AS T3 ON T2.shop_id = T3.shop_id GROUP BY T2.shop_id",0,0
"For each shop, return the number of employees working there and the name of the shop.",medium,"SELECT count(*) ,  t2.name FROM hiring AS t1 JOIN shop AS t2 ON t1.shop_id  =  t2.shop_id GROUP BY t2.name","SELECT s.name, COUNT(h.employee_id) AS number_of_employees FROM shop s JOIN hiring h ON s.shop_id = h.shop_id GROUP BY s.shop_id ORDER BY s.name","SELECT T2.name, COUNT(T3.employee_id) AS num_employees FROM shop AS T2 INNER JOIN hiring AS T3 ON T2.shop_id = T3.shop_id GROUP BY T2.shop_id",0,0
What is total bonus given in all evaluations?,easy,SELECT sum(bonus) FROM evaluation,SELECT SUM(bonus) AS total_bonus FROM evaluation,SELECT SUM(T3.bonus) FROM evaluation AS T3,1,1
Find the total amount of bonus given in all the evaluations.,easy,SELECT sum(bonus) FROM evaluation,SELECT SUM(bonus) AS total_bonus FROM evaluation,SELECT SUM(T1.bonus) FROM evaluation AS T1,1,1
Give me all the information about hiring.,easy,SELECT * FROM hiring,SELECT * FROM hiring,"SELECT T1.shop_id, T1.employee_id, T1.start_from, T1.is_full_time, T2.name, T2.age, T2.city, T3.name, T3.location, T3.district, T3.number_products FROM hiring AS T1 INNER JOIN employee AS T2 ON T1.employee_id = T2.employee_id INNER JOIN shop AS T3 ON T1.shop_id = T3.shop_id",1,0
What is all the information about hiring?,easy,SELECT * FROM hiring,SELECT * FROM hiring,"SELECT T1.shop_id, T1.employee_id, T1.start_from, T1.is_full_time, T2.name, T2.age, T2.city, T3.name, T3.location, T3.district, T3.number_products, T4.year_awarded, T4.bonus FROM hiring AS T1 INNER JOIN employee AS T2 ON T1.employee_id = T2.employee_id INNER JOIN shop AS T3 ON T1.shop_id = T3.shop_id INNER JOIN evaluation AS T4 ON T1.employee_id = T4.employee_id",1,0
Which district has both stores with less than 3000 products and stores with more than 10000 products?,hard,SELECT district FROM shop WHERE Number_products  <  3000 INTERSECT SELECT district FROM shop WHERE Number_products  >  10000,SELECT DISTINCT s1.district FROM shop s1 JOIN shop s2 ON s1.district = s2.district WHERE s1.number_products < 3000 AND s2.number_products > 10000,SELECT DISTINCT T2.district FROM shop AS T2 INNER JOIN (SELECT T1.shop_id FROM shop AS T1 WHERE T1.number_products < 3000 UNION SELECT T3.shop_id FROM shop AS T3 WHERE T3.number_products > 10000) AS T4 ON T2.shop_id = T4.shop_id,1,0
Find the districts in which there are both shops selling less than 3000 products and shops selling more than 10000 products.,hard,SELECT district FROM shop WHERE Number_products  <  3000 INTERSECT SELECT district FROM shop WHERE Number_products  >  10000,SELECT DISTINCT s1.district FROM shop s1 JOIN shop s2 ON s1.district = s2.district WHERE s1.number_products < 3000 AND s2.number_products > 10000,SELECT DISTINCT T2.district FROM shop AS T2 INNER JOIN hiring AS T3 ON T2.shop_id = T3.shop_id WHERE T2.number_products < 3000 AND T3.is_full_time = 1 AND T2.number_products > 10000,1,1
How many different store locations are there?,easy,SELECT count(DISTINCT LOCATION) FROM shop,SELECT COUNT(DISTINCT location) AS distinct_locations FROM shop,SELECT COUNT(DISTINCT location) FROM shop,1,1
Count the number of distinct store locations.,easy,SELECT count(DISTINCT LOCATION) FROM shop,SELECT COUNT(DISTINCT location) AS distinct_locations FROM shop,SELECT COUNT(DISTINCT location) FROM shop,1,1
How many documents do we have?,easy,SELECT count(*) FROM Documents,SELECT COUNT(*) AS number_of_documents FROM documents,SELECT COUNT(*) FROM documents,1,1
Count the number of documents.,easy,SELECT count(*) FROM Documents,SELECT COUNT(*) FROM documents,SELECT COUNT(*) FROM documents,1,1
"List document IDs, document names, and document descriptions for all documents.",medium,"SELECT document_id ,  document_name ,  document_description FROM Documents","SELECT document_id, document_name, document_description FROM documents","SELECT document_id, document_name, document_description FROM documents",1,1
"What are the ids, names, and descriptions for all documents?",medium,"SELECT document_id ,  document_name ,  document_description FROM Documents","SELECT document_id, document_name, document_description FROM documents","SELECT T2.document_id, T2.document_name, T2.document_description FROM documents AS T2",1,1
What is the document name and template id for document with description with the letter 'w' in it?,medium,"SELECT document_name ,  template_id FROM Documents WHERE Document_Description LIKE ""%w%""","SELECT d.document_name, t.template_id FROM documents d JOIN templates t ON d.template_id = t.template_id WHERE d.document_description LIKE '%w%'",NULL,1,0
Return the names and template ids for documents that contain the letter w in their description.,medium,"SELECT document_name ,  template_id FROM Documents WHERE Document_Description LIKE ""%w%""","SELECT d.document_name, d.template_id FROM documents d WHERE d.document_description LIKE '%w%'","SELECT T2.document_name, T2.template_id FROM documents AS T2 INNER JOIN paragraphs AS T1 ON T2.document_id = T1.document_id WHERE T1.paragraph_text LIKE '%w%'",1,0
"What is the document id, template id and description for document named ""Robbin CV""?",medium,"SELECT document_id ,  template_id ,  Document_Description FROM Documents WHERE document_name  =  ""Robbin CV""","SELECT d.document_id, d.template_id, t.template_type_description FROM documents d JOIN templates t ON d.template_id = t.template_id WHERE d.document_name = 'Robbin CV'","SELECT T2.document_id, T1.template_id, T1.template_type_description FROM documents AS T2 INNER JOIN templates AS T1 ON T2.template_id = T1.template_id WHERE T2.document_name = 'Robbin CV'",0,0
"Return the document id, template id, and description for the document with the name Robbin CV.",medium,"SELECT document_id ,  template_id ,  Document_Description FROM Documents WHERE document_name  =  ""Robbin CV""","SELECT d.document_id, d.template_id, d.document_description  FROM documents d  WHERE d.document_name = 'Robbin CV'","SELECT T2.document_id, T1.template_id, T1.template_type_description FROM templates AS T1 INNER JOIN documents AS T2 ON T1.template_id = T2.template_id WHERE T2.document_name = 'Robbin CV'",1,0
How many different templates do all document use?,easy,SELECT count(DISTINCT template_id) FROM Documents,SELECT COUNT(DISTINCT template_id) AS distinct_templates FROM documents,SELECT COUNT(DISTINCT T1.template_id) FROM documents AS T1 INNER JOIN paragraphs AS T2 ON T1.document_id = T2.document_id,1,0
Count the number of different templates used for documents.,easy,SELECT count(DISTINCT template_id) FROM Documents,SELECT COUNT(DISTINCT template_id) AS distinct_templates_used FROM documents,SELECT COUNT(DISTINCT T1.template_id) FROM templates AS T1 INNER JOIN documents AS T2 ON T1.template_id = T2.template_id,1,1
How many documents are using the template with type code 'PPT'?,medium,SELECT count(*) FROM Documents AS T1 JOIN Templates AS T2 ON T1.Template_ID  =  T2.Template_ID WHERE T2.Template_Type_Code  =  'PPT',SELECT COUNT(*) AS number_of_documents FROM documents WHERE template_id IN (     SELECT template_id     FROM templates     WHERE template_type_code = 'PPT' ),SELECT COUNT(T2.document_id) FROM documents AS T2 INNER JOIN templates AS T1 ON T2.template_id = T1.template_id WHERE T1.template_type_code = 'PPT',1,1
Count the number of documents that use the PPT template type.,medium,SELECT count(*) FROM Documents AS T1 JOIN Templates AS T2 ON T1.Template_ID  =  T2.Template_ID WHERE T2.Template_Type_Code  =  'PPT',SELECT COUNT(*) FROM documents d JOIN templates t ON d.template_id = t.template_id WHERE t.template_type_code = 'PPT',SELECT COUNT(T2.document_id) FROM documents AS T2 INNER JOIN templates AS T1 ON T2.template_id = T1.template_id WHERE T1.template_type_code = 'PPT',1,1
Show all template ids and number of documents using each template.,medium,"SELECT template_id ,  count(*) FROM Documents GROUP BY template_id","SELECT t.template_id, COUNT(d.document_id) AS number_of_documents FROM templates t LEFT JOIN documents d ON t.template_id = d.template_id GROUP BY t.template_id","SELECT T1.template_id, COUNT(T2.document_id) AS num_documents FROM templates AS T1 LEFT JOIN documents AS T2 ON T1.template_id = T2.template_id GROUP BY T1.template_id",0,0
"What are all different template ids used for documents, and how many times were each of them used?",medium,"SELECT template_id ,  count(*) FROM Documents GROUP BY template_id","SELECT t.template_id, COUNT(d.document_id) AS usage_count FROM templates t JOIN documents d ON t.template_id = d.template_id GROUP BY t.template_id ORDER BY t.template_id",NULL,1,0
What is the id and type code for the template used by the most documents?,extra,"SELECT T1.template_id ,  T2.Template_Type_Code FROM Documents AS T1 JOIN Templates AS T2 ON T1.template_id  =  T2.template_id GROUP BY T1.template_id ORDER BY count(*) DESC LIMIT 1","SELECT t.template_id, t.template_type_code FROM templates t JOIN documents d ON t.template_id = d.template_id GROUP BY t.template_id ORDER BY COUNT(d.document_id) DESC LIMIT 1","SELECT T1.template_id, T1.template_type_code FROM templates AS T1 INNER JOIN documents AS T2 ON T1.template_id = T2.template_id GROUP BY T1.template_id ORDER BY COUNT(T2.document_id) DESC LIMIT 1",1,1
Return the id and type code of the template that is used for the greatest number of documents.,extra,"SELECT T1.template_id ,  T2.Template_Type_Code FROM Documents AS T1 JOIN Templates AS T2 ON T1.template_id  =  T2.template_id GROUP BY T1.template_id ORDER BY count(*) DESC LIMIT 1","SELECT t.template_id, t.template_type_code FROM templates t JOIN documents d ON t.template_id = d.template_id GROUP BY t.template_id ORDER BY COUNT(d.document_id) DESC LIMIT 1",NULL,1,0
Show ids for all templates that are used by more than one document.,easy,SELECT template_id FROM Documents GROUP BY template_id HAVING count(*)  >  1,SELECT t.template_id FROM templates t JOIN documents d ON t.template_id = d.template_id GROUP BY t.template_id HAVING COUNT(d.document_id) > 1,SELECT T1.template_id FROM templates AS T1 INNER JOIN documents AS T2 ON T1.template_id = T2.template_id GROUP BY T1.template_id HAVING COUNT(T2.document_id) > 1,1,1
What are the template ids of any templates used in more than a single document?,easy,SELECT template_id FROM Documents GROUP BY template_id HAVING count(*)  >  1,SELECT t.template_id FROM templates t JOIN documents d ON t.template_id = d.template_id GROUP BY t.template_id HAVING COUNT(d.document_id) > 1,NULL,1,0
Show ids for all templates not used by any document.,hard,SELECT template_id FROM Templates EXCEPT SELECT template_id FROM Documents,SELECT templates.template_id FROM templates WHERE templates.template_id NOT IN (   SELECT templates.template_id   FROM templates   JOIN documents ON templates.template_id = documents.template_id ),SELECT T1.template_id FROM templates AS T1 LEFT JOIN documents AS T2 ON T1.template_id = T2.template_id WHERE T2.document_id IS NULL,1,1
What are the ids for templates that are not used in any documents?,hard,SELECT template_id FROM Templates EXCEPT SELECT template_id FROM Documents,SELECT t.template_id FROM templates t LEFT JOIN documents d ON t.template_id = d.template_id WHERE d.document_id IS NULL,SELECT T1.template_id FROM templates AS T1 LEFT JOIN documents AS T2 ON T1.template_id = T2.template_id WHERE T2.template_id IS NULL,1,1
How many templates do we have?,easy,SELECT count(*) FROM Templates,SELECT COUNT(*) AS total_templates FROM templates,SELECT COUNT(*) FROM templates,1,1
Count the number of templates.,easy,SELECT count(*) FROM Templates,SELECT COUNT(*) FROM templates,SELECT COUNT(*) FROM templates,1,1
"Show template ids, version numbers, and template type codes for all templates.",medium,"SELECT template_id ,  version_number ,  template_type_code FROM Templates","SELECT template_id, version_number, template_type_code FROM templates","SELECT template_id, version_number, template_type_code FROM templates",1,1
"What are the ids, version numbers, and type codes for each template?",medium,"SELECT template_id ,  version_number ,  template_type_code FROM Templates","SELECT template_id, version_number, template_type_code FROM templates","SELECT T1.template_id, T1.version_number, T1.template_type_code FROM templates AS T1",1,1
Show all distinct template type codes for all templates.,easy,SELECT DISTINCT template_type_code FROM Templates,SELECT DISTINCT template_type_code FROM templates,SELECT DISTINCT T1.template_type_code FROM templates AS T1,1,1
What are the different template type codes?,easy,SELECT DISTINCT template_type_code FROM Templates,SELECT DISTINCT template_type_code FROM templates,SELECT DISTINCT template_type_code FROM templates,1,1
What are the ids of templates with template type code PP or PPT?,medium,"SELECT template_id FROM Templates WHERE template_type_code  =  ""PP"" OR template_type_code  =  ""PPT""","SELECT template_id FROM templates WHERE template_type_code IN ('PP', 'PPT')","SELECT T1.template_id FROM templates AS T1 INNER JOIN ref_template_types AS T2 ON T1.template_type_code = T2.template_type_code WHERE T2.template_type_description IN ('PP', 'PPT')",1,0
Return the ids of templates that have the code PP or PPT.,medium,"SELECT template_id FROM Templates WHERE template_type_code  =  ""PP"" OR template_type_code  =  ""PPT""","SELECT template_id FROM templates WHERE template_type_code IN ('PP', 'PPT')","SELECT template_id FROM templates WHERE template_type_code IN ('PP', 'PPT')",1,1
How many templates have template type code CV?,easy,"SELECT count(*) FROM Templates WHERE template_type_code  =  ""CV""",SELECT COUNT(*) AS number_of_templates FROM templates WHERE template_type_code = 'CV',SELECT COUNT(*) FROM templates AS T1 INNER JOIN ref_template_types AS T2 ON T1.template_type_code = T2.template_type_code WHERE T2.template_type_description = 'CV',1,1
Count the number of templates of the type CV.,easy,"SELECT count(*) FROM Templates WHERE template_type_code  =  ""CV""",SELECT COUNT(*) FROM templates WHERE template_type_code = 'CV',SELECT COUNT(*) FROM templates AS T1 INNER JOIN ref_template_types AS T2 ON T1.template_type_code = T2.template_type_code WHERE T2.template_type_description = 'CV',1,1
What is the version number and template type code for the template with version number later than 5?,medium,"SELECT version_number ,  template_type_code FROM Templates WHERE version_number  >  5","SELECT version_number, template_type_code FROM templates WHERE version_number > 5","SELECT T1.version_number, T1.template_type_code FROM templates AS T1 WHERE T1.version_number > 5",1,1
Return the version numbers and template type codes of templates with a version number greater than 5.,medium,"SELECT version_number ,  template_type_code FROM Templates WHERE version_number  >  5","SELECT version_number, template_type_code FROM templates WHERE version_number > 5","SELECT version_number, template_type_code FROM templates WHERE version_number > 5",1,1
Show all template type codes and number of templates for each.,medium,"SELECT template_type_code ,  count(*) FROM Templates GROUP BY template_type_code","SELECT template_type_code, COUNT(template_id) AS number_of_templates FROM templates GROUP BY template_type_code","SELECT T1.template_type_code, COUNT(T2.template_id) AS number_of_templates FROM ref_template_types AS T1 LEFT JOIN templates AS T2 ON T1.template_type_code = T2.template_type_code GROUP BY T1.template_type_code",1,1
"What are the different template type codes, and how many templates correspond to each?",medium,"SELECT template_type_code ,  count(*) FROM Templates GROUP BY template_type_code","SELECT    template_type_code,    COUNT(template_id) AS template_count FROM    templates GROUP BY    template_type_code","SELECT T1.template_type_code, COUNT(T2.template_id) AS template_count FROM ref_template_types AS T1 LEFT JOIN templates AS T2 ON T1.template_type_code = T2.template_type_code GROUP BY T1.template_type_code",1,1
Which template type code has most number of templates?,hard,SELECT template_type_code FROM Templates GROUP BY template_type_code ORDER BY count(*) DESC LIMIT 1,"SELECT template_type_code, COUNT(*) AS template_count FROM templates GROUP BY template_type_code ORDER BY template_count DESC LIMIT 1",SELECT T1.template_type_code FROM templates AS T1 GROUP BY T1.template_type_code ORDER BY COUNT(*) DESC LIMIT 1,0,1
Return the type code of the template type that the most templates belong to.,hard,SELECT template_type_code FROM Templates GROUP BY template_type_code ORDER BY count(*) DESC LIMIT 1,SELECT template_type_code FROM templates GROUP BY template_type_code ORDER BY COUNT(*) DESC LIMIT 1,SELECT T1.template_type_code FROM templates AS T1 INNER JOIN ref_template_types AS T2 ON T1.template_type_code = T2.template_type_code GROUP BY T1.template_type_code ORDER BY COUNT(*) DESC LIMIT 1,1,1
Show all template type codes with less than three templates.,easy,SELECT template_type_code FROM Templates GROUP BY template_type_code HAVING count(*)  <  3,SELECT template_type_code FROM templates GROUP BY template_type_code HAVING COUNT(template_id) < 3,SELECT T1.template_type_code FROM templates AS T1 INNER JOIN ref_template_types AS T2 ON T1.template_type_code = T2.template_type_code GROUP BY T1.template_type_code HAVING COUNT(T1.template_id) < 3,1,1
What are the codes of template types that have fewer than 3 templates?,easy,SELECT template_type_code FROM Templates GROUP BY template_type_code HAVING count(*)  <  3,SELECT template_type_code FROM templates GROUP BY template_type_code HAVING COUNT(template_id) < 3,SELECT T1.template_type_code FROM ref_template_types AS T1 INNER JOIN templates AS T2 ON T1.template_type_code = T2.template_type_code GROUP BY T1.template_type_code HAVING COUNT(T2.template_id) < 3,1,1
What the smallest version number and its template type code?,medium,"SELECT min(Version_Number) ,  template_type_code FROM Templates","SELECT MIN(version_number) AS smallest_version, template_type_code FROM templates GROUP BY template_type_code","SELECT MIN(T2.version_number), T1.template_type_code FROM templates AS T2 INNER JOIN ref_template_types AS T1 ON T2.template_type_code = T1.template_type_code GROUP BY T1.template_type_code",0,0
"Return the lowest version number, along with its corresponding template type code.",medium,"SELECT min(Version_Number) ,  template_type_code FROM Templates","SELECT MIN(version_number) AS lowest_version, template_type_code FROM templates GROUP BY template_type_code","SELECT T2.version_number, T1.template_type_code FROM templates AS T2 INNER JOIN ref_template_types AS T1 ON T2.template_type_code = T1.template_type_code ORDER BY T2.version_number ASC LIMIT 1",0,1
"What is the template type code of the template used by document with the name ""Data base""?",medium,"SELECT T1.template_type_code FROM Templates AS T1 JOIN Documents AS T2 ON T1.template_id  =  T2.template_id WHERE T2.document_name  =  ""Data base""",SELECT t.template_type_code FROM templates AS t JOIN documents AS d ON t.template_id = d.template_id WHERE d.document_name = 'Data base',SELECT T1.template_type_code FROM templates AS T1 INNER JOIN documents AS T2 ON T1.template_id = T2.template_id WHERE T2.document_name = 'Data base',1,1
Return the template type code of the template that is used by a document named Data base.,medium,"SELECT T1.template_type_code FROM Templates AS T1 JOIN Documents AS T2 ON T1.template_id  =  T2.template_id WHERE T2.document_name  =  ""Data base""",SELECT t.template_type_code FROM templates t JOIN documents d ON t.template_id = d.template_id WHERE d.document_name = 'Data base',SELECT T2.template_type_code FROM templates AS T1 INNER JOIN documents AS T2 ON T1.template_id = T2.template_id WHERE T2.document_name = 'Data base',1,0
Show all document names using templates with template type code BK.,medium,"SELECT T2.document_name FROM Templates AS T1 JOIN Documents AS T2 ON T1.template_id  =  T2.template_id WHERE T1.template_type_code  =  ""BK""",SELECT d.document_name FROM documents d JOIN templates t ON d.template_id = t.template_id WHERE t.template_type_code = 'BK',SELECT T2.document_name FROM documents AS T2 INNER JOIN templates AS T1 ON T2.template_id = T1.template_id WHERE T1.template_type_code = 'BK',1,1
What are the names of documents that use templates with the code BK?,medium,"SELECT T2.document_name FROM Templates AS T1 JOIN Documents AS T2 ON T1.template_id  =  T2.template_id WHERE T1.template_type_code  =  ""BK""",SELECT d.document_name FROM documents d JOIN templates t ON d.template_id = t.template_id WHERE t.template_type_code = 'BK',SELECT DISTINCT T2.document_name FROM documents AS T2 INNER JOIN templates AS T1 ON T2.template_id = T1.template_id WHERE T1.template_type_code = 'BK',1,1
Show all template type codes and the number of documents using each type.,medium,"SELECT T1.template_type_code ,  count(*) FROM Templates AS T1 JOIN Documents AS T2 ON T1.template_id  =  T2.template_id GROUP BY T1.template_type_code","SELECT    rt.template_type_code,    COUNT(d.document_id) AS number_of_documents FROM    ref_template_types rt LEFT JOIN    templates t ON rt.template_type_code = t.template_type_code LEFT JOIN    documents d ON t.template_id = d.template_id GROUP BY    rt.template_type_code","SELECT T1.template_type_code, COUNT(T2.document_id) AS num_documents FROM templates AS T1 LEFT JOIN documents AS T2 ON T1.template_id = T2.template_id GROUP BY T1.template_type_code",0,0
"What are the different template type codes, and how many documents use each type?",medium,"SELECT T1.template_type_code ,  count(*) FROM Templates AS T1 JOIN Documents AS T2 ON T1.template_id  =  T2.template_id GROUP BY T1.template_type_code","SELECT t.template_type_code, COUNT(d.document_id) AS document_count FROM templates t JOIN documents d ON t.template_id = d.template_id GROUP BY t.template_type_code","SELECT T1.template_type_code, COUNT(T2.document_id) AS num_documents FROM templates AS T1 LEFT JOIN documents AS T2 ON T1.template_id = T2.template_id GROUP BY T1.template_type_code",1,0
Which template type code is used by most number of documents?,extra,SELECT T1.template_type_code FROM Templates AS T1 JOIN Documents AS T2 ON T1.template_id  =  T2.template_id GROUP BY T1.template_type_code ORDER BY count(*) DESC LIMIT 1,SELECT t.template_type_code FROM templates AS t JOIN documents AS d ON t.template_id = d.template_id GROUP BY t.template_type_code ORDER BY COUNT(d.document_id) DESC LIMIT 1,SELECT T1.template_type_code FROM templates AS T1 INNER JOIN documents AS T2 ON T1.template_id = T2.template_id GROUP BY T1.template_type_code ORDER BY COUNT(T2.document_id) DESC LIMIT 1,1,1
Return the code of the template type that is most commonly used in documents.,extra,SELECT T1.template_type_code FROM Templates AS T1 JOIN Documents AS T2 ON T1.template_id  =  T2.template_id GROUP BY T1.template_type_code ORDER BY count(*) DESC LIMIT 1,"SELECT template_type_code FROM (     SELECT t.template_type_code, COUNT(*) AS usage_count     FROM templates t     JOIN documents d ON t.template_id = d.template_id     GROUP BY t.template_type_code     ORDER BY usage_count DESC     LIMIT 1 ) subquery",SELECT T1.template_type_code FROM templates AS T1 INNER JOIN documents AS T2 ON T1.template_id = T2.template_id GROUP BY T1.template_type_code ORDER BY COUNT(*) DESC LIMIT 1,1,1
Show all template type codes that are not used by any document.,hard,SELECT template_type_code FROM Templates EXCEPT SELECT template_type_code FROM Templates AS T1 JOIN Documents AS T2 ON T1.template_id  =  T2.template_id,SELECT rt.template_type_code FROM ref_template_types rt LEFT JOIN templates t ON rt.template_type_code = t.template_type_code LEFT JOIN documents d ON t.template_id = d.template_id WHERE d.document_id IS NULL,SELECT T1.template_type_code FROM ref_template_types AS T1 LEFT JOIN templates AS T2 ON T1.template_type_code = T2.template_type_code LEFT JOIN documents AS T3 ON T2.template_id = T3.template_id WHERE T3.document_id IS NULL,0,0
What are the codes of template types that are not used for any document?,hard,SELECT template_type_code FROM Templates EXCEPT SELECT template_type_code FROM Templates AS T1 JOIN Documents AS T2 ON T1.template_id  =  T2.template_id,SELECT template_type_code FROM ref_template_types WHERE template_type_code NOT IN (     SELECT DISTINCT template_type_code     FROM templates     JOIN documents ON templates.template_id = documents.template_id ),SELECT T1.template_type_code FROM ref_template_types AS T1 LEFT JOIN templates AS T2 ON T1.template_type_code = T2.template_type_code WHERE T2.template_id IS NULL,1,0
Show all template type codes and descriptions.,medium,"SELECT template_type_code ,  template_type_description FROM Ref_template_types","SELECT template_type_code, template_type_description FROM ref_template_types","SELECT template_type_code, template_type_description FROM ref_template_types",1,1
What are the type codes and descriptions for all template types?,medium,"SELECT template_type_code ,  template_type_description FROM Ref_template_types","SELECT template_type_code, template_type_description FROM ref_template_types","SELECT template_type_code, template_type_description FROM ref_template_types",1,1
"What is the template type descriptions for template type code ""AD"".",easy,"SELECT template_type_description FROM Ref_template_types WHERE template_type_code  =  ""AD""",SELECT template_type_description FROM ref_template_types WHERE template_type_code = 'AD',SELECT T2.template_type_description FROM templates AS T1 INNER JOIN ref_template_types AS T2 ON T1.template_type_code = T2.template_type_code WHERE T1.template_type_code = 'AD',1,1
Return the template type description of the template type with the code AD.,easy,"SELECT template_type_description FROM Ref_template_types WHERE template_type_code  =  ""AD""",SELECT template_type_description FROM ref_template_types WHERE template_type_code = 'AD',SELECT T2.template_type_description FROM templates AS T1 INNER JOIN ref_template_types AS T2 ON T1.template_type_code = T2.template_type_code WHERE T1.template_type_code = 'AD',1,1
"What is the template type code for template type description ""Book"".",easy,"SELECT template_type_code FROM Ref_template_types WHERE template_type_description  =  ""Book""",SELECT template_type_code  FROM ref_template_types  WHERE template_type_description = 'Book',SELECT template_type_code FROM ref_template_types WHERE template_type_description = 'Book',1,1
"Return the type code of the template type with the description ""Book"".",easy,"SELECT template_type_code FROM Ref_template_types WHERE template_type_description  =  ""Book""",SELECT template_type_code  FROM ref_template_types  WHERE template_type_description = 'Book',SELECT T1.template_type_code FROM ref_template_types AS T1 INNER JOIN templates AS T2 ON T1.template_type_code = T2.template_type_code WHERE T1.template_type_description = 'Book',1,1
What are the distinct template type descriptions for the templates ever used by any document?,medium,SELECT DISTINCT T1.template_type_description FROM Ref_template_types AS T1 JOIN Templates AS T2 ON T1.template_type_code  = T2.template_type_code JOIN Documents AS T3 ON T2.Template_ID  =  T3.template_ID,SELECT DISTINCT template_type_description FROM ref_template_types WHERE template_type_code IN (     SELECT DISTINCT template_type_code     FROM templates     WHERE template_id IN (         SELECT DISTINCT template_id         FROM documents     ) ),SELECT DISTINCT T1.template_type_description FROM ref_template_types AS T1 INNER JOIN templates AS T2 ON T1.template_type_code = T2.template_type_code INNER JOIN documents AS T3 ON T2.template_id = T3.template_id,1,1
Return the different descriptions for templates that have been used in a document.,medium,SELECT DISTINCT T1.template_type_description FROM Ref_template_types AS T1 JOIN Templates AS T2 ON T1.template_type_code  = T2.template_type_code JOIN Documents AS T3 ON T2.Template_ID  =  T3.template_ID,SELECT DISTINCT template_type_description FROM templates JOIN documents ON templates.template_id = documents.template_id JOIN ref_template_types ON templates.template_type_code = ref_template_types.template_type_code,SELECT DISTINCT T1.template_type_description FROM templates AS T1 INNER JOIN documents AS T2 ON T1.template_id = T2.template_id INNER JOIN paragraphs AS T3 ON T2.document_id = T3.document_id,1,0
"What are the template ids with template type description ""Presentation"".",medium,"SELECT T2.template_id FROM Ref_template_types AS T1 JOIN Templates AS T2 ON T1.template_type_code  = T2.template_type_code WHERE T1.template_type_description  =  ""Presentation""",SELECT templates.template_id FROM templates JOIN ref_template_types ON templates.template_type_code = ref_template_types.template_type_code WHERE ref_template_types.template_type_description = 'Presentation',SELECT T1.template_id FROM templates AS T1 INNER JOIN ref_template_types AS T2 ON T1.template_type_code = T2.template_type_code WHERE T2.template_type_description = 'Presentation',1,1
Return the ids corresponding to templates with the description 'Presentation'.,medium,"SELECT T2.template_id FROM Ref_template_types AS T1 JOIN Templates AS T2 ON T1.template_type_code  = T2.template_type_code WHERE T1.template_type_description  =  ""Presentation""",SELECT template_id FROM templates JOIN ref_template_types ON templates.template_type_code = ref_template_types.template_type_code WHERE template_type_description = 'Presentation',SELECT template_id FROM templates WHERE template_type_code IN (SELECT template_type_code FROM ref_template_types WHERE template_type_description = 'Presentation'),1,1
How many paragraphs in total?,easy,SELECT count(*) FROM Paragraphs,SELECT COUNT(*) FROM paragraphs,SELECT COUNT(*) FROM paragraphs,1,1
Count the number of paragraphs.,easy,SELECT count(*) FROM Paragraphs,SELECT COUNT(*) FROM paragraphs,SELECT COUNT(*) FROM paragraphs,1,1
How many paragraphs for the document with name 'Summer Show'?,medium,SELECT count(*) FROM Paragraphs AS T1 JOIN Documents AS T2 ON T1.document_ID  =  T2.document_ID WHERE T2.document_name  =  'Summer Show',SELECT COUNT(*) AS number_of_paragraphs FROM paragraphs JOIN documents ON paragraphs.document_id = documents.document_id WHERE documents.document_name = 'Summer Show',SELECT COUNT(T2.paragraph_id) FROM documents AS T1 INNER JOIN paragraphs AS T2 ON T1.document_id = T2.document_id WHERE T1.document_name = 'Summer Show',1,1
Count the number of paragraphs in the document named 'Summer Show'.,medium,SELECT count(*) FROM Paragraphs AS T1 JOIN Documents AS T2 ON T1.document_ID  =  T2.document_ID WHERE T2.document_name  =  'Summer Show',SELECT COUNT(*) AS number_of_paragraphs FROM paragraphs JOIN documents ON paragraphs.document_id = documents.document_id WHERE documents.document_name = 'Summer Show',SELECT COUNT(T2.paragraph_id) FROM documents AS T1 INNER JOIN paragraphs AS T2 ON T1.document_id = T2.document_id WHERE T1.document_name = 'Summer Show',1,1
Show paragraph details for paragraph with text 'Korea ' .,medium,select other_details from paragraphs where paragraph_text like 'korea',"SELECT p.paragraph_id, p.document_id, p.paragraph_text, p.other_details FROM paragraphs p WHERE p.paragraph_text LIKE '%Korea%'","SELECT T3.paragraph_text, T3.other_details FROM documents AS T1 INNER JOIN templates AS T2 ON T1.template_id = T2.template_id INNER JOIN paragraphs AS T3 ON T1.document_id = T3.document_id WHERE T3.paragraph_text LIKE '%Korea%'",0,0
What are the details for the paragraph that includes the text 'Korea ' ?,medium,select other_details from paragraphs where paragraph_text like 'korea',"SELECT p.paragraph_text, p.other_details, d.document_name, d.document_description, t.template_details, tt.template_type_description FROM paragraphs p JOIN documents d ON p.document_id = d.document_id JOIN templates t ON d.template_id = t.template_id JOIN ref_template_types tt ON t.template_type_code = tt.template_type_code WHERE p.paragraph_text LIKE '%Korea%'","SELECT T3.paragraph_text, T3.other_details FROM documents AS T1 INNER JOIN paragraphs AS T2 ON T1.document_id = T2.document_id INNER JOIN paragraphs AS T3 ON T2.paragraph_id = T3.paragraph_id WHERE T1.document_name LIKE '%Korea%' OR T3.paragraph_text LIKE '%Korea%'",0,0
Show all paragraph ids and texts for the document with name 'Welcome to NY'.,medium,"SELECT T1.paragraph_id ,   T1.paragraph_text FROM Paragraphs AS T1 JOIN Documents AS T2 ON T1.document_id  =  T2.document_id WHERE T2.Document_Name  =  'Welcome to NY'","SELECT p.paragraph_id, p.paragraph_text FROM paragraphs p JOIN documents d ON p.document_id = d.document_id WHERE d.document_name = 'Welcome to NY'","SELECT P.paragraph_id, P.paragraph_text FROM paragraphs AS P INNER JOIN documents AS D ON P.document_id = D.document_id WHERE D.document_name = 'Welcome to NY'",1,1
What are the ids and texts of paragraphs in the document titled 'Welcome to NY'?,medium,"SELECT T1.paragraph_id ,   T1.paragraph_text FROM Paragraphs AS T1 JOIN Documents AS T2 ON T1.document_id  =  T2.document_id WHERE T2.Document_Name  =  'Welcome to NY'","SELECT p.paragraph_id, p.paragraph_text FROM paragraphs p JOIN documents d ON p.document_id = d.document_id WHERE d.document_name = 'Welcome to NY'","SELECT T2.paragraph_id, T2.paragraph_text FROM documents AS T1 INNER JOIN paragraphs AS T2 ON T1.document_id = T2.document_id WHERE T1.document_name = 'Welcome to NY'",1,1
"Show all paragraph texts for the document ""Customer reviews"".",medium,"SELECT T1.paragraph_text FROM Paragraphs AS T1 JOIN Documents AS T2 ON T1.document_id  =  T2.document_id WHERE T2.document_name  =  ""Customer reviews""",SELECT p.paragraph_text FROM paragraphs p JOIN documents d ON p.document_id = d.document_id WHERE d.document_name = 'Customer reviews',SELECT T2.paragraph_text FROM documents AS T1 INNER JOIN paragraphs AS T2 ON T1.document_id = T2.document_id WHERE T1.document_name = 'Customer reviews',1,1
What are the paragraph texts for the document with the name 'Customer reviews'?,medium,"SELECT T1.paragraph_text FROM Paragraphs AS T1 JOIN Documents AS T2 ON T1.document_id  =  T2.document_id WHERE T2.document_name  =  ""Customer reviews""",SELECT p.paragraph_text FROM paragraphs p JOIN documents d ON p.document_id = d.document_id WHERE d.document_name = 'Customer reviews',SELECT T3.paragraph_text FROM documents AS T1 INNER JOIN templates AS T2 ON T1.template_id = T2.template_id INNER JOIN paragraphs AS T3 ON T1.document_id = T3.document_id WHERE T1.document_name = 'Customer reviews',1,1
Show all document ids and the number of paragraphs in each document. Order by document id.,medium,"SELECT document_id ,  count(*) FROM Paragraphs GROUP BY document_id ORDER BY document_id","SELECT documents.document_id, COUNT(paragraphs.paragraph_id) AS number_of_paragraphs FROM documents LEFT JOIN paragraphs ON documents.document_id = paragraphs.document_id GROUP BY documents.document_id ORDER BY documents.document_id","SELECT T2.document_id, COUNT(T3.paragraph_id) AS num_paragraphs FROM templates AS T1 INNER JOIN documents AS T2 ON T1.template_id = T2.template_id INNER JOIN paragraphs AS T3 ON T2.document_id = T3.document_id GROUP BY T2.document_id ORDER BY T2.document_id",0,1
"Return the different document ids along with the number of paragraphs corresponding to each, ordered by id.",medium,"SELECT document_id ,  count(*) FROM Paragraphs GROUP BY document_id ORDER BY document_id","SELECT    d.document_id,    COUNT(p.paragraph_id) AS number_of_paragraphs FROM    documents d JOIN    paragraphs p ON d.document_id = p.document_id GROUP BY    d.document_id ORDER BY    d.document_id","SELECT T2.document_id, COUNT(T3.paragraph_id) AS num_paragraphs FROM templates AS T1 INNER JOIN documents AS T2 ON T1.template_id = T2.template_id INNER JOIN paragraphs AS T3 ON T2.document_id = T3.document_id GROUP BY T2.document_id ORDER BY T2.document_id",1,1
"Show all document ids, names and the number of paragraphs in each document.",medium,"SELECT T1.document_id ,  T2.document_name ,  count(*) FROM Paragraphs AS T1 JOIN Documents AS T2 ON T1.document_id  =  T2.document_id GROUP BY T1.document_id","SELECT    d.document_id,    d.document_name,    COUNT(p.paragraph_id) AS number_of_paragraphs FROM    documents d LEFT JOIN    paragraphs p ON d.document_id = p.document_id GROUP BY    d.document_id,    d.document_name","SELECT T2.document_id, T2.document_name, COUNT(T1.paragraph_id) AS num_paragraphs FROM paragraphs AS T1 INNER JOIN documents AS T2 ON T1.document_id = T2.document_id GROUP BY T2.document_id, T2.document_name",0,1
"What are the ids and names of each document, as well as the number of paragraphs in each?",medium,"SELECT T1.document_id ,  T2.document_name ,  count(*) FROM Paragraphs AS T1 JOIN Documents AS T2 ON T1.document_id  =  T2.document_id GROUP BY T1.document_id","SELECT      d.document_id,      d.document_name,      COUNT(p.paragraph_id) AS number_of_paragraphs FROM      documents d LEFT JOIN      paragraphs p ON d.document_id = p.document_id GROUP BY      d.document_id,      d.document_name",NULL,0,0
List all document ids with at least two paragraphs.,easy,SELECT document_id FROM Paragraphs GROUP BY document_id HAVING count(*)  >=  2,SELECT d.document_id FROM documents d JOIN paragraphs p ON d.document_id = p.document_id GROUP BY d.document_id HAVING COUNT(p.paragraph_id) >= 2,SELECT T2.document_id FROM documents AS T2 INNER JOIN (SELECT T1.document_id FROM paragraphs AS T1 GROUP BY T1.document_id HAVING COUNT(T1.paragraph_id) >= 2) AS T3 ON T2.document_id = T3.document_id,1,1
What are the ids of documents that have 2 or more paragraphs?,easy,SELECT document_id FROM Paragraphs GROUP BY document_id HAVING count(*)  >=  2,SELECT d.document_id FROM documents d JOIN paragraphs p ON d.document_id = p.document_id GROUP BY d.document_id HAVING COUNT(p.paragraph_id) >= 2,NULL,1,0
What is the document id and name with greatest number of paragraphs?,extra,"SELECT T1.document_id ,  T2.document_name FROM Paragraphs AS T1 JOIN Documents AS T2 ON T1.document_id  =  T2.document_id GROUP BY T1.document_id ORDER BY count(*) DESC LIMIT 1","SELECT d.document_id, d.document_name FROM documents d JOIN paragraphs p ON d.document_id = p.document_id GROUP BY d.document_id, d.document_name ORDER BY COUNT(p.paragraph_id) DESC LIMIT 1",NULL,1,0
Return the id and name of the document with the most paragraphs.,extra,"SELECT T1.document_id ,  T2.document_name FROM Paragraphs AS T1 JOIN Documents AS T2 ON T1.document_id  =  T2.document_id GROUP BY T1.document_id ORDER BY count(*) DESC LIMIT 1","SELECT d.document_id, d.document_name FROM documents d JOIN (     SELECT document_id, COUNT(*) AS paragraph_count     FROM paragraphs     GROUP BY document_id     ORDER BY paragraph_count DESC     LIMIT 1 ) p ON d.document_id = p.document_id",NULL,1,0
What is the document id with least number of paragraphs?,hard,SELECT document_id FROM Paragraphs GROUP BY document_id ORDER BY count(*) ASC LIMIT 1,SELECT d.document_id FROM documents d JOIN paragraphs p ON d.document_id = p.document_id GROUP BY d.document_id ORDER BY COUNT(p.paragraph_id) ASC LIMIT 1,NULL,1,0
Return the id of the document with the fewest paragraphs.,hard,SELECT document_id FROM Paragraphs GROUP BY document_id ORDER BY count(*) ASC LIMIT 1,"SELECT d.document_id FROM documents d JOIN (     SELECT document_id, COUNT(paragraph_id) AS num_paragraphs     FROM paragraphs     GROUP BY document_id ) p ON d.document_id = p.document_id ORDER BY p.num_paragraphs ASC LIMIT 1",NULL,1,0
What is the document id with 1 to 2 paragraphs?,easy,SELECT document_id FROM Paragraphs GROUP BY document_id HAVING count(*) BETWEEN 1 AND 2,SELECT d.document_id FROM documents d JOIN paragraphs p ON d.document_id = p.document_id GROUP BY d.document_id HAVING COUNT(p.paragraph_id) BETWEEN 1 AND 2,NULL,1,0
Give the ids of documents that have between one and two paragraphs.,easy,SELECT document_id FROM Paragraphs GROUP BY document_id HAVING count(*) BETWEEN 1 AND 2,SELECT d.document_id FROM documents d JOIN paragraphs p ON d.document_id = p.document_id GROUP BY d.document_id HAVING COUNT(p.paragraph_id) BETWEEN 1 AND 2,"SELECT T1.document_id FROM documents AS T1 INNER JOIN (SELECT document_id, COUNT(paragraph_id) AS num_paragraphs FROM paragraphs GROUP BY document_id HAVING num_paragraphs BETWEEN 1 AND 2) AS T2 ON T1.document_id = T2.document_id",1,1
Show the document id with paragraph text 'Brazil' and 'Ireland'.,hard,SELECT document_id FROM Paragraphs WHERE paragraph_text  =  'Brazil' INTERSECT SELECT document_id FROM Paragraphs WHERE paragraph_text  =  'Ireland',"SELECT p.document_id FROM paragraphs p WHERE p.paragraph_text IN ('Brazil', 'Ireland')","SELECT T2.document_id, T3.paragraph_text FROM templates AS T1 INNER JOIN documents AS T2 ON T1.template_id = T2.template_id INNER JOIN paragraphs AS T3 ON T2.document_id = T3.document_id WHERE T3.paragraph_text IN ('Brazil', 'Ireland')",1,0
What are the ids of documents that contain the paragraph text 'Brazil' and 'Ireland'?,hard,SELECT document_id FROM Paragraphs WHERE paragraph_text  =  'Brazil' INTERSECT SELECT document_id FROM Paragraphs WHERE paragraph_text  =  'Ireland',"SELECT d.document_id FROM documents d JOIN paragraphs p ON d.document_id = p.document_id WHERE p.paragraph_text IN ('Brazil', 'Ireland')",SELECT DISTINCT T1.document_id FROM paragraphs AS T1 INNER JOIN documents AS T2 ON T1.document_id = T2.document_id WHERE T1.paragraph_text LIKE '%Brazil%' AND T1.paragraph_text LIKE '%Ireland%',1,0
How many teachers are there?,easy,SELECT count(*) FROM teacher,SELECT COUNT(*) FROM teacher,SELECT COUNT(*) FROM teacher,1,1
What is the total count of teachers?,easy,SELECT count(*) FROM teacher,SELECT COUNT(*) FROM teacher,SELECT COUNT(*) FROM teacher,1,1
List the names of teachers in ascending order of age.,easy,SELECT Name FROM teacher ORDER BY Age ASC,SELECT name FROM teacher ORDER BY age ASC,SELECT T.name FROM teacher AS T ORDER BY T.age ASC,1,1
What are the names of the teachers ordered by ascending age?,easy,SELECT Name FROM teacher ORDER BY Age ASC,SELECT name FROM teacher ORDER BY age ASC,SELECT T2.name FROM teacher AS T2 ORDER BY T2.age ASC,1,1
What are the age and hometown of teachers?,medium,"SELECT Age ,  Hometown FROM teacher","SELECT age, hometown FROM teacher","SELECT T1.age, T1.hometown FROM teacher AS T1",1,1
What is the age and hometown of every teacher?,medium,"SELECT Age ,  Hometown FROM teacher","SELECT age, hometown FROM teacher","SELECT T.age, T.hometown FROM teacher AS T",1,1
List the name of teachers whose hometown is not `` Little Lever Urban District '' .,easy,"select name from teacher where hometown != ""little lever urban district""",SELECT name FROM teacher WHERE hometown != 'Little Lever Urban District',SELECT DISTINCT T2.name FROM teacher AS T2 WHERE T2.hometown != 'Little Lever Urban District',0,0
What are the names of the teachers whose hometown is not `` Little Lever Urban District '' ?,easy,"select name from teacher where hometown != ""little lever urban district""",SELECT name FROM teacher WHERE hometown != 'Little Lever Urban District',NULL,0,0
Show the name of teachers aged either 32 or 33?,medium,SELECT Name FROM teacher WHERE Age  =  32 OR Age  =  33,"SELECT name FROM teacher WHERE age IN (32, 33)","SELECT T.name FROM teacher AS T WHERE T.age IN (32, 33)",1,1
What are the names of the teachers who are aged either 32 or 33?,medium,SELECT Name FROM teacher WHERE Age  =  32 OR Age  =  33,"SELECT name FROM teacher WHERE age IN (32, 33)","SELECT DISTINCT T2.name FROM teacher AS T2 WHERE T2.age IN (32, 33)",1,1
What is the hometown of the youngest teacher?,medium,SELECT Hometown FROM teacher ORDER BY Age ASC LIMIT 1,SELECT hometown FROM teacher WHERE age = (SELECT MIN(age) FROM teacher),SELECT T2.hometown FROM teacher AS T2 WHERE T2.teacher_id = (SELECT T1.teacher_id FROM teacher AS T1 ORDER BY T1.age ASC LIMIT 1),1,1
Where is the youngest teacher from?,medium,SELECT Hometown FROM teacher ORDER BY Age ASC LIMIT 1,SELECT hometown FROM teacher ORDER BY age ASC LIMIT 1,SELECT T.hometown FROM teacher AS T WHERE T.age = (SELECT MIN(T2.age) FROM teacher AS T2),1,1
Show different hometown of teachers and the number of teachers from each hometown.,medium,"SELECT Hometown ,  COUNT(*) FROM teacher GROUP BY Hometown","SELECT hometown, COUNT(teacher_id) AS number_of_teachers FROM teacher GROUP BY hometown ORDER BY number_of_teachers DESC, hometown","SELECT T2.hometown, COUNT(T2.teacher_id) AS NumberOfTeachers FROM teacher AS T2 GROUP BY T2.hometown",1,1
"For each hometown, how many teachers are there?",medium,"SELECT Hometown ,  COUNT(*) FROM teacher GROUP BY Hometown","SELECT hometown, COUNT(teacher_id) AS teacher_count FROM teacher GROUP BY hometown","SELECT T2.hometown, COUNT(T1.teacher_id) AS teacher_count FROM teacher AS T1 INNER JOIN course_arrange AS T2 ON T1.teacher_id = T2.teacher_id GROUP BY T2.hometown",1,0
List the most common hometown of teachers.,hard,SELECT Hometown FROM teacher GROUP BY Hometown ORDER BY COUNT(*) DESC LIMIT 1,"SELECT hometown, COUNT(*) AS count FROM teacher GROUP BY hometown ORDER BY count DESC LIMIT 1","SELECT T2.hometown, COUNT(T2.hometown) AS count FROM course_arrange AS T1 INNER JOIN teacher AS T2 ON T1.teacher_id = T2.teacher_id GROUP BY T2.hometown ORDER BY count DESC LIMIT 1",0,0
What is the most commmon hometowns for teachers?,hard,SELECT Hometown FROM teacher GROUP BY Hometown ORDER BY COUNT(*) DESC LIMIT 1,"SELECT hometown, COUNT(*) AS count FROM teacher GROUP BY hometown ORDER BY count DESC LIMIT 1","SELECT T2.hometown, COUNT(T2.hometown) AS count FROM teacher AS T2 GROUP BY T2.hometown ORDER BY count DESC LIMIT 1",0,0
Show the hometowns shared by at least two teachers.,easy,SELECT Hometown FROM teacher GROUP BY Hometown HAVING COUNT(*)  >=  2,SELECT hometown FROM teacher GROUP BY hometown HAVING COUNT(teacher_id) >= 2,SELECT T1.hometown FROM teacher AS T1 INNER JOIN (SELECT hometown FROM teacher GROUP BY hometown HAVING COUNT(teacher_id) >= 2) AS T2 ON T1.hometown = T2.hometown,1,1
What are the towns from which at least two teachers come from?,easy,SELECT Hometown FROM teacher GROUP BY Hometown HAVING COUNT(*)  >=  2,SELECT hometown FROM teacher GROUP BY hometown HAVING COUNT(teacher_id) >= 2,SELECT T2.hometown FROM teacher AS T2 GROUP BY T2.hometown HAVING COUNT(T2.teacher_id) >= 2,1,1
Show names of teachers and the courses they are arranged to teach.,medium,"SELECT T3.Name ,  T2.Course FROM course_arrange AS T1 JOIN course AS T2 ON T1.Course_ID  =  T2.Course_ID JOIN teacher AS T3 ON T1.Teacher_ID  =  T3.Teacher_ID","SELECT t.name, c.course FROM teacher t JOIN course_arrange ca ON t.teacher_id = ca.teacher_id JOIN course c ON ca.course_id = c.course_id","SELECT T1.name, T3.course FROM teacher AS T1 INNER JOIN course_arrange AS T2 ON T1.teacher_id = T2.teacher_id INNER JOIN course AS T3 ON T2.course_id = T3.course_id",1,1
What is the name of each teacher and what course they teach?,medium,"SELECT T3.Name ,  T2.Course FROM course_arrange AS T1 JOIN course AS T2 ON T1.Course_ID  =  T2.Course_ID JOIN teacher AS T3 ON T1.Teacher_ID  =  T3.Teacher_ID","SELECT t.name, c.course FROM teacher t JOIN course_arrange ca ON t.teacher_id = ca.teacher_id JOIN course c ON ca.course_id = c.course_id","SELECT T1.name, T3.course FROM teacher AS T1 INNER JOIN course_arrange AS T2 ON T1.teacher_id = T2.teacher_id INNER JOIN course AS T3 ON T2.course_id = T3.course_id",1,1
Show names of teachers and the courses they are arranged to teach in ascending alphabetical order of the teacher's name.,hard,"SELECT T3.Name ,  T2.Course FROM course_arrange AS T1 JOIN course AS T2 ON T1.Course_ID  =  T2.Course_ID JOIN teacher AS T3 ON T1.Teacher_ID  =  T3.Teacher_ID ORDER BY T3.Name","SELECT t.name, c.course FROM teacher t JOIN course_arrange ca ON t.teacher_id = ca.teacher_id JOIN course c ON ca.course_id = c.course_id ORDER BY t.name ASC","SELECT T2.name, T1.course FROM course_arrange AS T3 INNER JOIN teacher AS T2 ON T3.teacher_id = T2.teacher_id INNER JOIN course AS T1 ON T3.course_id = T1.course_id ORDER BY T2.name ASC",1,1
What are the names of the teachers and the courses they teach in ascending alphabetical order by the name of the teacher?,hard,"SELECT T3.Name ,  T2.Course FROM course_arrange AS T1 JOIN course AS T2 ON T1.Course_ID  =  T2.Course_ID JOIN teacher AS T3 ON T1.Teacher_ID  =  T3.Teacher_ID ORDER BY T3.Name","SELECT t.name, c.course FROM teacher t JOIN course_arrange ca ON t.teacher_id = ca.teacher_id JOIN course c ON ca.course_id = c.course_id ORDER BY t.name ASC",select the names of the teachers and the courses they teach? 6. How can we order the results by the name of the teacher in ascending alphabetical order?,1,0
Show the name of the teacher for the math course.,hard,"SELECT T3.Name FROM course_arrange AS T1 JOIN course AS T2 ON T1.Course_ID  =  T2.Course_ID JOIN teacher AS T3 ON T1.Teacher_ID  =  T3.Teacher_ID WHERE T2.Course  =  ""Math""",SELECT t.name FROM teacher t JOIN course_arrange ca ON t.teacher_id = ca.teacher_id JOIN course c ON ca.course_id = c.course_id WHERE c.course = 'math',SELECT T2.name FROM course AS T1 INNER JOIN course_arrange AS T3 ON T1.course_id = T3.course_id INNER JOIN teacher AS T2 ON T3.teacher_id = T2.teacher_id WHERE T1.course = 'math',0,0
What are the names of the people who teach math courses?,hard,"SELECT T3.Name FROM course_arrange AS T1 JOIN course AS T2 ON T1.Course_ID  =  T2.Course_ID JOIN teacher AS T3 ON T1.Teacher_ID  =  T3.Teacher_ID WHERE T2.Course  =  ""Math""",SELECT t.name FROM teacher t JOIN course_arrange ca ON t.teacher_id = ca.teacher_id JOIN course c ON ca.course_id = c.course_id WHERE c.course = 'math',SELECT DISTINCT T2.name FROM teacher AS T2 INNER JOIN course_arrange AS T1 ON T2.teacher_id = T1.teacher_id INNER JOIN course AS T3 ON T1.course_id = T3.course_id WHERE T3.course = 'Math',0,1
Show names of teachers and the number of courses they teach.,medium,"SELECT T2.Name ,  COUNT(*) FROM course_arrange AS T1 JOIN teacher AS T2 ON T1.Teacher_ID  =  T2.Teacher_ID GROUP BY T2.Name","SELECT t.name, COUNT(ca.course_id) AS num_courses FROM teacher t JOIN course_arrange ca ON t.teacher_id = ca.teacher_id GROUP BY t.teacher_id ORDER BY num_courses DESC","SELECT T2.name, COUNT(T3.course_id) AS num_courses FROM teacher AS T2 INNER JOIN course_arrange AS T3 ON T2.teacher_id = T3.teacher_id GROUP BY T2.teacher_id",1,1
What are the names of the teachers and how many courses do they teach?,medium,"SELECT T2.Name ,  COUNT(*) FROM course_arrange AS T1 JOIN teacher AS T2 ON T1.Teacher_ID  =  T2.Teacher_ID GROUP BY T2.Name","SELECT t.name, COUNT(ca.course_id) AS num_courses_taught FROM teacher t JOIN course_arrange ca ON t.teacher_id = ca.teacher_id GROUP BY t.teacher_id ORDER BY num_courses_taught DESC, t.name ASC","SELECT T2.name, COUNT(T3.course_id) AS num_courses FROM teacher AS T2 INNER JOIN course_arrange AS T3 ON T2.teacher_id = T3.teacher_id GROUP BY T2.teacher_id",1,1
Show names of teachers that teach at least two courses.,medium,SELECT T2.Name FROM course_arrange AS T1 JOIN teacher AS T2 ON T1.Teacher_ID  =  T2.Teacher_ID GROUP BY T2.Name HAVING COUNT(*)  >=  2,SELECT t.name FROM teacher t JOIN course_arrange ca ON t.teacher_id = ca.teacher_id GROUP BY t.teacher_id HAVING COUNT(ca.course_id) >= 2,SELECT T2.name FROM teacher AS T2 INNER JOIN course_arrange AS T1 ON T2.teacher_id = T1.teacher_id GROUP BY T2.teacher_id HAVING COUNT(T1.course_id) >= 2,1,1
What are the names of the teachers who teach at least two courses?,medium,SELECT T2.Name FROM course_arrange AS T1 JOIN teacher AS T2 ON T1.Teacher_ID  =  T2.Teacher_ID GROUP BY T2.Name HAVING COUNT(*)  >=  2,SELECT t.name FROM teacher t JOIN course_arrange ca ON t.teacher_id = ca.teacher_id GROUP BY t.teacher_id HAVING COUNT(ca.course_id) >= 2,NULL,1,0
List the names of teachers who have not been arranged to teach courses.,hard,SELECT Name FROM teacher WHERE Teacher_id NOT IN (SELECT Teacher_id FROM course_arrange),SELECT name FROM teacher WHERE teacher_id NOT IN (   SELECT teacher_id   FROM course_arrange ),SELECT T1.name FROM teacher AS T1 LEFT JOIN course_arrange AS T2 ON T1.teacher_id = T2.teacher_id WHERE T2.course_id IS NULL,1,1
What are the names of the teachers whose courses have not been arranged?,hard,SELECT Name FROM teacher WHERE Teacher_id NOT IN (SELECT Teacher_id FROM course_arrange),SELECT t.name FROM teacher t LEFT JOIN course_arrange ca ON t.teacher_id = ca.teacher_id WHERE ca.course_id IS NULL,NULL,1,0
How many visitors below age 30 are there?,easy,SELECT count(*) FROM visitor WHERE age  <  30,SELECT COUNT(*) FROM visitor WHERE age < 30,SELECT COUNT(*) FROM visitor WHERE age < 30,1,1
"Find the names of the visitors whose membership level is higher than 4, and order the results by the level from high to low.",medium,SELECT name FROM visitor WHERE Level_of_membership  >  4 ORDER BY Level_of_membership DESC,SELECT v.name FROM visitor v WHERE v.level_of_membership > 4 ORDER BY v.level_of_membership DESC,SELECT V.name FROM visitor AS V WHERE V.level_of_membership > 4 ORDER BY V.level_of_membership DESC,1,1
What is the average age of the visitors whose membership level is not higher than 4?,easy,SELECT avg(age) FROM visitor WHERE Level_of_membership  <=  4,SELECT AVG(age) AS average_age FROM visitor WHERE level_of_membership <= 4,SELECT AVG(T2.age) FROM visit AS T1 INNER JOIN visitor AS T2 ON T1.visitor_id = T2.id WHERE T2.level_of_membership <= 4,1,0
"Find the name and membership level of the visitors whose membership level is higher than 4, and sort by their age from old to young.",medium,"SELECT name ,  Level_of_membership FROM visitor WHERE Level_of_membership  >  4 ORDER BY age DESC","SELECT name, level_of_membership FROM visitor WHERE level_of_membership > 4 ORDER BY age DESC","SELECT V.name, V.level_of_membership FROM visitor AS V WHERE V.level_of_membership > 4 ORDER BY V.age DESC",1,1
Find the id and name of the museum that has the most staff members?,medium,"SELECT museum_id ,  name FROM museum ORDER BY num_of_staff DESC LIMIT 1","SELECT museum_id, name FROM museum ORDER BY num_of_staff DESC LIMIT 1",NULL,1,0
Find the average number of staff working for the museums that were open before 2009.,easy,SELECT avg(num_of_staff) FROM museum WHERE open_year  <  2009,SELECT AVG(num_of_staff) AS average_staff FROM museum WHERE open_year < 2009,SELECT AVG(T1.num_of_staff) FROM museum AS T1 WHERE T1.open_year < 2009,1,1
What are the opening year and staff number of the museum named Plaza Museum?,medium,"SELECT Num_of_Staff ,  Open_Year FROM museum WHERE name  =  'Plaza Museum'","SELECT open_year, num_of_staff FROM museum WHERE name = 'Plaza Museum'","SELECT T1.open_year, T1.num_of_staff FROM museum AS T1 WHERE T1.name = 'Plaza Museum'",0,0
find the names of museums which have more staff than the minimum staff number of all museums opened after 2010.,hard,SELECT name FROM museum WHERE num_of_staff  >  (SELECT min(num_of_staff) FROM museum WHERE open_year  >  2010),SELECT m.name FROM museum m WHERE m.num_of_staff > (SELECT MIN(num_of_staff) FROM museum WHERE open_year > 2010),SELECT T1.name FROM museum AS T1 WHERE T1.num_of_staff > (SELECT MIN(T2.num_of_staff) FROM museum AS T2 WHERE T2.open_year > 2010),1,1
"find the id, name and age for visitors who visited some museums more than once.",medium,"SELECT t1.id ,  t1.name ,  t1.age FROM visitor AS t1 JOIN visit AS t2 ON t1.id  =  t2.visitor_id GROUP BY t1.id HAVING count(*)  >  1","SELECT v.id, v.name, v.age FROM visitor v JOIN visit vi ON v.id = vi.visitor_id GROUP BY v.id HAVING COUNT(vi.museum_id) > 1","SELECT V.id, V.name, V.age FROM visitor AS V INNER JOIN (SELECT visitor_id FROM visit GROUP BY visitor_id HAVING COUNT(visitor_id) > 1) AS V2 ON V.id = V2.visitor_id",1,1
"What are the id, name and membership level of visitors who have spent the largest amount of money in total in all museum tickets?",extra,"SELECT t2.visitor_id ,  t1.name ,  t1.Level_of_membership FROM visitor AS t1 JOIN visit AS t2 ON t1.id  =  t2.visitor_id GROUP BY t2.visitor_id ORDER BY sum(t2.Total_spent) DESC LIMIT 1","SELECT v.id, v.name, v.level_of_membership FROM visitor v JOIN visit vi ON v.id = vi.visitor_id GROUP BY v.id, v.name, v.level_of_membership HAVING SUM(vi.total_spent) = (     SELECT MAX(total_spent_sum)     FROM (         SELECT SUM(vi2.total_spent) AS total_spent_sum         FROM visit vi2         GROUP BY vi2.visitor_id     ) AS max_spent )",NULL,0,0
What are the id and name of the museum visited most times?,extra,"SELECT t2.Museum_ID ,  t1.name FROM museum AS t1 JOIN visit AS t2 ON t1.Museum_ID  =  t2.Museum_ID GROUP BY t2.Museum_ID ORDER BY count(*) DESC LIMIT 1","SELECT museum_id, COUNT(*) AS visit_count FROM visit GROUP BY museum_id ORDER BY visit_count DESC LIMIT 1",NULL,0,0
What is the name of the museum that had no visitor yet?,hard,SELECT name FROM museum WHERE Museum_ID NOT IN (SELECT museum_id FROM visit),SELECT name FROM museum WHERE museum_id NOT IN (SELECT museum_id FROM visit),SELECT T1.name FROM museum AS T1 LEFT JOIN visit AS T2 ON T1.museum_id = T2.museum_id WHERE T2.visitor_id IS NULL,1,1
Find the name and age of the visitor who bought the most tickets at once.,hard,"SELECT t1.name ,  t1.age FROM visitor AS t1 JOIN visit AS t2 ON t1.id  =  t2.visitor_id ORDER BY t2.num_of_ticket DESC LIMIT 1","SELECT v.name, v.age FROM visitor v JOIN visit vi ON v.id = vi.visitor_id ORDER BY vi.num_of_ticket DESC LIMIT 1","SELECT V.name, V.age FROM visitor AS V INNER JOIN visit AS Vi ON V.id = Vi.visitor_id GROUP BY V.id ORDER BY SUM(Vi.num_of_ticket) DESC LIMIT 1",1,1
What are the average and maximum number of tickets bought in all visits?,medium,"SELECT avg(num_of_ticket) ,  max(num_of_ticket) FROM visit","SELECT AVG(num_of_ticket) AS average_num_of_tickets, MAX(num_of_ticket) AS max_num_of_tickets FROM visit","SELECT AVG(T3.num_of_ticket) AS Average_Num_of_Tickets, MAX(T3.num_of_ticket) AS Maximum_Num_of_Tickets FROM visit AS T3",1,1
What is the total ticket expense of the visitors whose membership level is 1?,medium,SELECT sum(t2.Total_spent) FROM visitor AS t1 JOIN visit AS t2 ON t1.id  =  t2.visitor_id WHERE t1.Level_of_membership  =  1,SELECT SUM(v.total_spent) AS total_expense FROM visit v JOIN visitor vi ON v.visitor_id = vi.id WHERE vi.level_of_membership = 1,SELECT SUM(T3.total_spent) FROM visitor AS T1 INNER JOIN visit AS T2 ON T1.id = T2.visitor_id INNER JOIN visitor AS T3 ON T2.visitor_id = T3.id WHERE T1.level_of_membership = 1,1,0
What is the name of the visitor who visited both a museum opened before 2009 and a museum opened after 2011?,extra,SELECT t1.name FROM visitor AS t1 JOIN visit AS t2 ON t1.id  =  t2.visitor_id JOIN museum AS t3 ON t3.Museum_ID  =  t2.Museum_ID WHERE t3.open_year  <  2009 INTERSECT SELECT t1.name FROM visitor AS t1 JOIN visit AS t2 ON t1.id  =  t2.visitor_id JOIN museum AS t3 ON t3.Museum_ID  =  t2.Museum_ID WHERE t3.open_year  >  2011,SELECT v.name FROM visitor v JOIN visit vi ON v.id = vi.visitor_id JOIN museum m ON vi.museum_id = m.museum_id WHERE m.open_year < 2009 AND m.open_year > 2011,NULL,0,0
Find the number of visitors who did not visit any museum opened after 2010.,extra,SELECT count(*) FROM visitor WHERE id NOT IN (SELECT t2.visitor_id FROM museum AS t1 JOIN visit AS t2 ON t1.Museum_ID  =  t2.Museum_ID WHERE t1.open_year  >  2010),SELECT COUNT(*)  FROM visitor  WHERE visitor.id NOT IN (     SELECT visit.visitor_id      FROM visit      JOIN museum ON visit.museum_id = museum.museum_id      WHERE museum.open_year > 2010 ),SELECT COUNT(DISTINCT V.id) FROM visitor AS V LEFT JOIN visit AS Vi ON V.id = Vi.visitor_id LEFT JOIN museum AS M ON Vi.museum_id = M.museum_id WHERE M.open_year <= 2010 OR M.open_year IS NULL,1,0
How many museums were opened after 2013 or before 2008?,medium,SELECT count(*) FROM museum WHERE open_year  >  2013 OR open_year  <  2008,SELECT COUNT(*)  FROM museum  WHERE open_year > 2013 OR open_year < 2008,SELECT COUNT(*) FROM museum WHERE open_year > 2013 OR open_year < 2008,1,1
Find the total number of players.,easy,SELECT count(*) FROM players,SELECT COUNT(*) AS total_players FROM players,SELECT COUNT(*) FROM players,1,1
How many players are there?,easy,SELECT count(*) FROM players,SELECT COUNT(*) AS total_players FROM players,SELECT COUNT(*) FROM players,1,1
Find the total number of matches.,easy,SELECT count(*) FROM matches,SELECT COUNT(*) FROM matches,SELECT COUNT(*) FROM matches,1,1
Count the number of matches.,easy,SELECT count(*) FROM matches,SELECT COUNT(*) FROM matches,SELECT COUNT(*) FROM matches,1,1
List the first name and birth date of all players from the country with code USA.,medium,"SELECT first_name ,  birth_date FROM players WHERE country_code  =  'USA'","SELECT first_name, birth_date FROM players WHERE country_code = 'USA'","SELECT first_name, birth_date FROM players WHERE country_code = 'USA'",1,1
What are the first names and birth dates of players from the USA?,medium,"SELECT first_name ,  birth_date FROM players WHERE country_code  =  'USA'","SELECT first_name, birth_date FROM players WHERE country_code = 'USA'","SELECT first_name, birth_date FROM players WHERE country_code = 'USA'",1,1
Find the average age of losers and winners of all matches.,medium,"SELECT avg(loser_age) ,  avg(winner_age) FROM matches","SELECT AVG(loser_age) AS avg_loser_age, AVG(winner_age) AS avg_winner_age FROM matches","SELECT AVG(T1.winner_age) AS avg_winner_age, AVG(T1.loser_age) AS avg_loser_age FROM matches AS T1",1,0
What are the average ages of losers and winners across matches?,medium,"SELECT avg(loser_age) ,  avg(winner_age) FROM matches","SELECT      AVG(winner_age) AS avg_winner_age,      AVG(loser_age) AS avg_loser_age  FROM matches","SELECT AVG(loser_age) AS avg_loser_age, AVG(winner_age) AS avg_winner_age FROM matches",0,1
Find the average rank of winners in all matches.,easy,SELECT avg(winner_rank) FROM matches,SELECT AVG(winner_rank) AS average_winner_rank FROM matches,SELECT AVG(T2.winner_rank) FROM matches AS T1 INNER JOIN players AS T2 ON T1.winner_id = T2.player_id,1,0
What is the average rank for winners in all matches?,easy,SELECT avg(winner_rank) FROM matches,SELECT AVG(winner_rank) AS average_winner_rank FROM matches,SELECT AVG(T2.winner_rank) FROM matches AS T1 INNER JOIN players AS T2 ON T1.winner_id = T2.player_id,1,0
Find the highest rank of losers in all matches.,easy,SELECT min(loser_rank) FROM matches,SELECT MAX(loser_rank) AS highest_rank_of_losers FROM matches,SELECT MAX(T2.loser_rank) FROM matches AS T1 INNER JOIN players AS T2 ON T1.loser_id = T2.player_id,0,0
What is the best rank of losers across all matches?,easy,SELECT min(loser_rank) FROM matches,SELECT MIN(loser_rank) AS best_rank_of_losers FROM matches,SELECT MIN(T2.loser_rank) FROM matches AS T1 INNER JOIN players AS T2 ON T1.loser_id = T2.player_id,1,0
find the number of distinct country codes of all players.,easy,SELECT count(DISTINCT country_code) FROM players,SELECT COUNT(DISTINCT country_code) FROM players,SELECT COUNT(DISTINCT country_code) FROM players,1,1
How many distinct countries do players come from?,easy,SELECT count(DISTINCT country_code) FROM players,SELECT COUNT(DISTINCT country_code) AS distinct_countries FROM players,SELECT COUNT(DISTINCT country_code) FROM players,1,1
Find the number of distinct name of losers.,easy,SELECT count(DISTINCT loser_name) FROM matches,SELECT COUNT(DISTINCT loser_name) FROM matches,SELECT COUNT(DISTINCT loser_name) FROM matches,1,1
How many different loser names are there?,easy,SELECT count(DISTINCT loser_name) FROM matches,SELECT COUNT(DISTINCT loser_name) AS distinct_loser_names FROM matches,SELECT COUNT(DISTINCT loser_name) FROM matches,1,1
Find the name of tourney that has more than 10 matches.,easy,SELECT tourney_name FROM matches GROUP BY tourney_name HAVING count(*)  >  10,SELECT tourney_name FROM matches GROUP BY tourney_name HAVING COUNT(match_num) > 10,SELECT Tourney_name FROM matches GROUP BY Tourney_name HAVING COUNT(Match_num) > 10,1,1
What are the names of tournaments that have more than 10 matches?,easy,SELECT tourney_name FROM matches GROUP BY tourney_name HAVING count(*)  >  10,SELECT tourney_name FROM matches GROUP BY tourney_name HAVING COUNT(match_num) > 10,SELECT Tourney_name FROM matches GROUP BY Tourney_id HAVING COUNT(Match_num) > 10,1,0
List the names of all winners who played in both 2013 and 2016.,hard,SELECT winner_name FROM matches WHERE YEAR  =  2013 INTERSECT SELECT winner_name FROM matches WHERE YEAR  =  2016,"SELECT DISTINCT winner_name FROM matches WHERE year IN (2013, 2016) GROUP BY winner_name HAVING COUNT(DISTINCT year) = 2",SELECT DISTINCT T3.winner_name FROM matches AS T1 INNER JOIN matches AS T2 ON T1.winner_id = T2.winner_id AND T1.year = 2013 AND T2.year = 2016 INNER JOIN players AS T3 ON T1.winner_id = T3.player_id,1,0
What are the names of players who won in both 2013 and 2016?,hard,SELECT winner_name FROM matches WHERE YEAR  =  2013 INTERSECT SELECT winner_name FROM matches WHERE YEAR  =  2016,"SELECT DISTINCT p.first_name, p.last_name FROM players p JOIN matches m ON p.player_id = m.winner_id WHERE m.year IN (2013, 2016) GROUP BY p.player_id HAVING COUNT(DISTINCT m.year) = 2","SELECT DISTINCT T1.first_name, T1.last_name FROM players AS T1 INNER JOIN matches AS T2 ON T1.player_id = T2.winner_id WHERE T2.year = 2013 AND T1.player_id IN (SELECT T3.player_id FROM rankings AS T3 WHERE T3.ranking_date LIKE '2016%' AND T3.ranking_points > 0) AND T1.player_id IN (SELECT T4.player_id FROM rankings AS T4 WHERE T4.ranking_date LIKE '2013%' AND T4.ranking_points > 0)",0,0
List the number of all matches who played in years of 2013 or 2016.,medium,SELECT count(*) FROM matches WHERE YEAR  =  2013 OR YEAR  =  2016,"SELECT COUNT(*) AS matches_count FROM matches WHERE year IN (2013, 2016)","SELECT COUNT(*) FROM matches WHERE year IN (2013, 2016)",1,1
How many matches were played in 2013 or 2016?,medium,SELECT count(*) FROM matches WHERE YEAR  =  2013 OR YEAR  =  2016,"SELECT COUNT(*) FROM matches WHERE year IN (2013, 2016)","SELECT COUNT(*) FROM matches WHERE year IN (2013, 2016)",1,1
What are the country code and first name of the players who won in both tourney WTA Championships and Australian Open?,extra,"SELECT T1.country_code ,  T1.first_name FROM players AS T1 JOIN matches AS T2 ON T1.player_id  =  T2.winner_id WHERE T2.tourney_name  =  'WTA Championships' INTERSECT SELECT T1.country_code ,  T1.first_name FROM players AS T1 JOIN matches AS T2 ON T1.player_id  =  T2.winner_id WHERE T2.tourney_name  =  'Australian Open'","SELECT DISTINCT p.country_code, p.first_name FROM players p JOIN matches m ON p.player_id = m.winner_id WHERE m.tourney_name IN ('WTA Championships', 'Australian Open') AND (p.country_code, p.first_name) IN (     SELECT DISTINCT p2.country_code, p2.first_name     FROM players p2     JOIN matches m2 ON p2.player_id = m2.winner_id     WHERE m2.tourney_name = 'WTA Championships' ) AND (p.country_code, p.first_name) IN (     SELECT DISTINCT p3.country_code, p3.first_name     FROM players p3     JOIN matches m3 ON p3.player_id = m3.winner_id     WHERE m3.tourney_name = 'Australian Open' )","SELECT DISTINCT T1.country_code, T1.first_name FROM players AS T1 INNER JOIN matches AS T2 ON T1.player_id = T2.winner_id WHERE T2.tourney_name IN ('WTA Championships', 'Australian Open') AND T1.player_id IN (SELECT winner_id FROM matches WHERE tourney_name = 'WTA Championships') AND T1.player_id IN (SELECT winner_id FROM matches WHERE tourney_name = 'Australian Open')",1,1
What are the first names and country codes for players who won both the WTA Championships and the Australian Open?,extra,"SELECT T1.country_code ,  T1.first_name FROM players AS T1 JOIN matches AS T2 ON T1.player_id  =  T2.winner_id WHERE T2.tourney_name  =  'WTA Championships' INTERSECT SELECT T1.country_code ,  T1.first_name FROM players AS T1 JOIN matches AS T2 ON T1.player_id  =  T2.winner_id WHERE T2.tourney_name  =  'Australian Open'","SELECT p.first_name, p.country_code FROM players p JOIN matches m ON p.player_id = m.winner_id WHERE m.tourney_name IN ('WTA Championships', 'Australian Open') GROUP BY p.player_id HAVING COUNT(DISTINCT m.tourney_name) = 2","SELECT DISTINCT T1.first_name, T1.country_code FROM players AS T1 INNER JOIN matches AS T2 ON T1.player_id = T2.winner_id INNER JOIN rankings AS T3 ON T1.player_id = T3.player_id WHERE T2.tourney_name IN ('WTA Championships', 'Australian Open') AND T3.ranking_points > 2000 GROUP BY T1.player_id HAVING COUNT(DISTINCT T2.tourney_name) = 2",0,0
Find the first name and country code of the oldest player.,medium,"SELECT first_name ,  country_code FROM players ORDER BY birth_date LIMIT 1","SELECT first_name, country_code FROM players ORDER BY birth_date ASC LIMIT 1","SELECT first_name, country_code FROM players ORDER BY birth_date ASC LIMIT 1",1,1
What is the first name and country code of the oldest player?,medium,"SELECT first_name ,  country_code FROM players ORDER BY birth_date LIMIT 1","SELECT first_name, country_code FROM players ORDER BY birth_date ASC LIMIT 1","SELECT first_name, country_code FROM players ORDER BY birth_date ASC LIMIT 1",1,1
List the first and last name of all players in the order of birth date.,medium,"SELECT first_name ,  last_name FROM players ORDER BY birth_date","SELECT first_name, last_name FROM players ORDER BY birth_date","SELECT first_name, last_name FROM players ORDER BY birth_date",0,0
"What are the full names of all players, sorted by birth date?",medium,"SELECT first_name ,  last_name FROM players ORDER BY birth_date","SELECT first_name, last_name FROM players ORDER BY birth_date","SELECT first_name, last_name FROM players ORDER BY birth_date",0,0
List the first and last name of all players who are left / L hand in the order of birth date.,medium,"SELECT first_name ,  last_name FROM players WHERE hand  =  'L' ORDER BY birth_date","SELECT first_name, last_name FROM players WHERE hand = 'L' ORDER BY birth_date","SELECT first_name, last_name FROM players WHERE hand = 'L' ORDER BY birth_date",1,1
"What are the full names of all left handed players, in order of birth date?",medium,"SELECT first_name ,  last_name FROM players WHERE hand  =  'L' ORDER BY birth_date","SELECT first_name, last_name FROM players WHERE hand = 'L' ORDER BY birth_date","SELECT first_name, last_name FROM players WHERE hand = 'L' ORDER BY birth_date",1,1
Find the first name and country code of the player who did the most number of tours.,hard,"SELECT T1.country_code ,  T1.first_name FROM players AS T1 JOIN rankings AS T2 ON T1.player_id  =  T2.player_id ORDER BY T2.tours DESC LIMIT 1","SELECT p.first_name, p.country_code FROM players p JOIN rankings r ON p.player_id = r.player_id GROUP BY p.player_id ORDER BY SUM(r.tours) DESC LIMIT 1","SELECT T1.first_name, T1.country_code FROM players AS T1 INNER JOIN rankings AS T2 ON T1.player_id = T2.player_id GROUP BY T1.player_id ORDER BY COUNT(T2.tours) DESC LIMIT 1",0,0
What is the first name and country code of the player with the most tours?,hard,"SELECT T1.country_code ,  T1.first_name FROM players AS T1 JOIN rankings AS T2 ON T1.player_id  =  T2.player_id ORDER BY T2.tours DESC LIMIT 1","SELECT first_name, country_code FROM players ORDER BY tours DESC LIMIT 1","SELECT T1.first_name, T1.country_code FROM players AS T1 INNER JOIN rankings AS T2 ON T1.player_id = T2.player_id GROUP BY T1.player_id ORDER BY T2.tours DESC LIMIT 1",0,0
Find the year that has the most number of matches.,hard,SELECT YEAR FROM matches GROUP BY YEAR ORDER BY count(*) DESC LIMIT 1,"SELECT year, COUNT(*) AS match_count FROM matches GROUP BY year ORDER BY match_count DESC LIMIT 1","SELECT year, COUNT(*) AS matches_count FROM matches GROUP BY year ORDER BY matches_count DESC LIMIT 1",0,0
Which year had the most matches?,hard,SELECT YEAR FROM matches GROUP BY YEAR ORDER BY count(*) DESC LIMIT 1,"SELECT year, COUNT(*) AS match_count FROM matches GROUP BY year ORDER BY match_count DESC LIMIT 1","SELECT year, COUNT(*) AS matches_count FROM matches GROUP BY year ORDER BY matches_count DESC LIMIT 1",0,0
Find the name and rank points of the winner who won the most times.,hard,"SELECT winner_name ,  winner_rank_points FROM matches GROUP BY winner_name ORDER BY count(*) DESC LIMIT 1","SELECT w.winner_name, w.winner_rank_points FROM matches m JOIN players p ON m.winner_id = p.player_id GROUP BY m.winner_id ORDER BY COUNT(*) DESC LIMIT 1","SELECT T2.winner_name, T2.winner_rank_points  FROM matches AS T1  INNER JOIN players AS T2 ON T1.winner_id = T2.player_id  GROUP BY T1.winner_id  ORDER BY COUNT(*) DESC  LIMIT 1",0,0
"What is the name of the winner who has won the most matches, and how many rank points does this player have?",hard,"SELECT winner_name ,  winner_rank_points FROM matches GROUP BY winner_name ORDER BY count(*) DESC LIMIT 1","SELECT w.winner_name, r.ranking_points FROM matches m JOIN players p ON m.winner_id = p.player_id JOIN rankings r ON p.player_id = r.player_id ORDER BY COUNT(m.winner_id) DESC LIMIT 1","SELECT T3.winner_name, T3.ranking_points FROM (SELECT T1.winner_id, COUNT(T1.winner_id) AS matches_won FROM matches AS T1 GROUP BY T1.winner_id ORDER BY matches_won DESC LIMIT 1) AS T2 INNER JOIN rankings AS T3 ON T2.winner_id = T3.player_id",0,0
Find the name of the winner who has the highest rank points and participated in the Australian Open tourney.,hard,SELECT winner_name FROM matches WHERE tourney_name  =  'Australian Open' ORDER BY winner_rank_points DESC LIMIT 1,SELECT winner_name FROM matches WHERE tourney_name = 'Australian Open' ORDER BY winner_rank_points DESC LIMIT 1,SELECT T2.winner_name FROM matches AS T1 INNER JOIN players AS T2 ON T1.winner_id = T2.player_id WHERE T1.tourney_name = 'Australian Open' ORDER BY T2.winner_rank_points DESC LIMIT 1,1,0
What is the name of the winner with the most rank points who participated in the Australian Open tournament?,hard,SELECT winner_name FROM matches WHERE tourney_name  =  'Australian Open' ORDER BY winner_rank_points DESC LIMIT 1,SELECT w.winner_name FROM matches m JOIN players p ON m.winner_id = p.player_id WHERE m.tourney_name = 'Australian Open' ORDER BY m.winner_rank_points DESC LIMIT 1,SELECT T3.winner_name FROM matches AS T1 INNER JOIN players AS T2 ON T1.winner_id = T2.player_id INNER JOIN rankings AS T3 ON T2.player_id = T3.player_id WHERE T1.tourney_name = 'Australian Open' ORDER BY T3.ranking_points DESC LIMIT 1,0,0
find the names of loser and winner who played in the match with greatest number of minutes.,medium,"SELECT winner_name ,  loser_name FROM matches ORDER BY minutes DESC LIMIT 1","SELECT      m.winner_name,      m.loser_name  FROM      matches m  ORDER BY      m.minutes DESC  LIMIT 1","SELECT T2.winner_name, T3.loser_name FROM matches AS T1 INNER JOIN players AS T2 ON T1.winner_id = T2.player_id INNER JOIN players AS T3 ON T1.loser_id = T3.player_id WHERE T1.minutes = (SELECT MAX(minutes) FROM matches)",1,0
What are the names of the winner and loser who played in the longest match?,medium,"SELECT winner_name ,  loser_name FROM matches ORDER BY minutes DESC LIMIT 1","SELECT      w.winner_name,      l.loser_name  FROM      matches m JOIN      players w ON m.winner_id = w.player_id JOIN      players l ON m.loser_id = l.player_id ORDER BY      m.minutes DESC LIMIT 1","SELECT T2.winner_name, T2.loser_name FROM matches AS T1 INNER JOIN (SELECT winner_id, loser_id FROM matches WHERE minutes = (SELECT MAX(minutes) FROM matches)) AS T2 ON T1.winner_id = T2.winner_id AND T1.loser_id = T2.loser_id",0,0
Find the average ranking for each player and their first name.,medium,"SELECT avg(ranking) ,  T1.first_name FROM players AS T1 JOIN rankings AS T2 ON T1.player_id  =  T2.player_id GROUP BY T1.first_name","SELECT p.first_name, AVG(r.ranking) AS average_ranking FROM players p JOIN rankings r ON p.player_id = r.player_id GROUP BY p.player_id, p.first_name","SELECT T1.first_name, AVG(T2.ranking) AS average_ranking FROM players AS T1 INNER JOIN rankings AS T2 ON T1.player_id = T2.player_id GROUP BY T1.player_id",0,0
"What are the first names of all players, and their average rankings?",medium,"SELECT avg(ranking) ,  T1.first_name FROM players AS T1 JOIN rankings AS T2 ON T1.player_id  =  T2.player_id GROUP BY T1.first_name","SELECT p.first_name, AVG(r.ranking_points) AS average_ranking FROM players p JOIN rankings r ON p.player_id = r.player_id GROUP BY p.player_id, p.first_name","SELECT T1.first_name, AVG(T2.ranking_points) AS avg_ranking_points FROM players AS T1 INNER JOIN rankings AS T2 ON T1.player_id = T2.player_id GROUP BY T1.player_id",0,0
Find the total ranking points for each player and their first name.,medium,"SELECT sum(ranking_points) ,  T1.first_name FROM players AS T1 JOIN rankings AS T2 ON T1.player_id  =  T2.player_id GROUP BY T1.first_name","SELECT p.first_name, SUM(r.ranking_points) AS total_ranking_points FROM players p JOIN rankings r ON p.player_id = r.player_id GROUP BY p.player_id, p.first_name","SELECT T1.first_name, SUM(T2.ranking_points) AS total_ranking_points FROM players AS T1 INNER JOIN rankings AS T2 ON T1.player_id = T2.player_id GROUP BY T1.player_id",0,0
"What are the first names of all players, and their total ranking points?",medium,"SELECT sum(ranking_points) ,  T1.first_name FROM players AS T1 JOIN rankings AS T2 ON T1.player_id  =  T2.player_id GROUP BY T1.first_name","SELECT p.first_name, SUM(r.ranking_points) AS total_ranking_points FROM players p JOIN rankings r ON p.player_id = r.player_id GROUP BY p.player_id ORDER BY p.first_name","SELECT T1.first_name, SUM(T3.ranking_points) AS total_ranking_points FROM players AS T1 INNER JOIN rankings AS T3 ON T1.player_id = T3.player_id GROUP BY T1.player_id",0,0
find the number of players for each country.,medium,"SELECT count(*) ,  country_code FROM players GROUP BY country_code","SELECT country_code, COUNT(*) AS number_of_players FROM players GROUP BY country_code","SELECT country_code, COUNT(player_id) AS num_players FROM players GROUP BY country_code",0,0
How many players are from each country?,medium,"SELECT count(*) ,  country_code FROM players GROUP BY country_code","SELECT country_code, COUNT(*) AS player_count FROM players GROUP BY country_code","SELECT country_code, COUNT(player_id) AS num_players FROM players GROUP BY country_code",0,0
find the code of the country where has the greatest number of players.,hard,SELECT country_code FROM players GROUP BY country_code ORDER BY count(*) DESC LIMIT 1,SELECT country_code FROM players GROUP BY country_code ORDER BY COUNT(*) DESC LIMIT 1,"SELECT country_code, COUNT(player_id) AS num_players FROM players GROUP BY country_code ORDER BY num_players DESC LIMIT 1",1,0
What is the code of the country with the most players?,hard,SELECT country_code FROM players GROUP BY country_code ORDER BY count(*) DESC LIMIT 1,SELECT country_code FROM players GROUP BY country_code ORDER BY COUNT(*) DESC LIMIT 1,SELECT T2.country_code FROM players AS T1 INNER JOIN countries AS T2 ON T1.country_code = T2.code GROUP BY T2.country_code ORDER BY COUNT(T1.player_id) DESC LIMIT 1,1,0
Find the codes of countries that have more than 50 players.,easy,SELECT country_code FROM players GROUP BY country_code HAVING count(*)  >  50,SELECT country_code FROM players GROUP BY country_code HAVING COUNT(player_id) > 50,"SELECT country_code, COUNT(player_id) AS player_count FROM players GROUP BY country_code HAVING player_count > 50",1,0
What are the codes of countries with more than 50 players?,easy,SELECT country_code FROM players GROUP BY country_code HAVING count(*)  >  50,SELECT country_code FROM players GROUP BY country_code HAVING COUNT(player_id) > 50,"SELECT T3.country_code FROM (SELECT T2.country_code, COUNT(T2.player_id) AS player_count FROM players AS T2 GROUP BY T2.country_code) AS T3 WHERE T3.player_count > 50",1,1
Find the total number of tours for each ranking date.,medium,"SELECT sum(tours) ,  ranking_date FROM rankings GROUP BY ranking_date","SELECT ranking_date, SUM(tours) AS total_tours FROM rankings GROUP BY ranking_date ORDER BY ranking_date","SELECT ranking_date, SUM(tours) AS total_tours FROM rankings GROUP BY ranking_date",0,0
How many total tours were there for each ranking date?,medium,"SELECT sum(tours) ,  ranking_date FROM rankings GROUP BY ranking_date","SELECT ranking_date, SUM(tours) AS total_tours FROM rankings GROUP BY ranking_date ORDER BY ranking_date","SELECT ranking_date, COUNT(player_id) AS total_tours FROM rankings GROUP BY ranking_date ORDER BY ranking_date",0,0
Find the number of matches happened in each year.,medium,"SELECT count(*) ,  YEAR FROM matches GROUP BY YEAR","SELECT year, COUNT(*) AS number_of_matches FROM matches GROUP BY year ORDER BY year","SELECT year, COUNT(*) AS matches_count FROM matches GROUP BY year",0,0
How many matches were played in each year?,medium,"SELECT count(*) ,  YEAR FROM matches GROUP BY YEAR","SELECT year, COUNT(*) AS matches_played FROM matches GROUP BY year ORDER BY year","SELECT year, COUNT(*) AS matches_played FROM matches GROUP BY year",0,0
Find the name and rank of the 3 youngest winners across all matches.,medium,"SELECT DISTINCT winner_name ,  winner_rank FROM matches ORDER BY winner_age LIMIT 3","SELECT p.first_name, p.last_name, m.winner_rank FROM matches m JOIN players p ON m.winner_id = p.player_id ORDER BY m.winner_age ASC LIMIT 3","SELECT T3.winner_name, T3.winner_rank FROM matches AS T1 INNER JOIN players AS T2 ON T1.winner_id = T2.player_id INNER JOIN (SELECT winner_id, winner_name, winner_rank FROM matches ORDER BY winner_age LIMIT 3) AS T3 ON T1.winner_id = T3.winner_id ORDER BY T3.winner_age",0,0
What are the names and ranks of the three youngest winners across all matches?,medium,"SELECT DISTINCT winner_name ,  winner_rank FROM matches ORDER BY winner_age LIMIT 3","SELECT w.winner_name, w.winner_rank FROM matches w ORDER BY w.winner_age ASC LIMIT 3","SELECT T3.winner_name, T3.winner_rank FROM matches AS T1 INNER JOIN players AS T2 ON T1.winner_id = T2.player_id INNER JOIN (SELECT winner_id, winner_name, winner_rank FROM matches ORDER BY winner_age LIMIT 3) AS T3 ON T1.winner_id = T3.winner_id",1,1
How many different winners both participated in the WTA Championships and were left handed?,medium,SELECT count(DISTINCT winner_name) FROM matches WHERE tourney_name  =  'WTA Championships' AND winner_hand  =  'L',SELECT COUNT(DISTINCT winner_id) AS winners_in_wta_championships_left_handed FROM matches WHERE tourney_name = 'WTA Championships' AND winner_hand = 'L',SELECT COUNT(DISTINCT T1.winner_id) FROM matches AS T1 INNER JOIN rankings AS T2 ON T1.winner_id = T2.player_id WHERE T1.tourney_name = 'WTA Championships' AND T2.ranking = 1 AND T1.winner_hand = 'L',1,0
Find the number of left handed winners who participated in the WTA Championships.,medium,SELECT count(DISTINCT winner_name) FROM matches WHERE tourney_name  =  'WTA Championships' AND winner_hand  =  'L',SELECT COUNT(*) AS left_handed_winners FROM matches m JOIN players p ON m.winner_id = p.player_id WHERE p.hand = 'L' AND m.tourney_name = 'WTA Championships',SELECT COUNT(*) FROM matches AS M INNER JOIN players AS P ON M.winner_id = P.player_id WHERE M.tourney_name = 'WTA Championships' AND P.hand = 'L',0,0
"Find the first name, country code and birth date of the winner who has the highest rank points in all matches.",hard,"SELECT T1.first_name ,  T1.country_code ,  T1.birth_date FROM players AS T1 JOIN matches AS T2 ON T1.player_id  =  T2.winner_id ORDER BY T2.winner_rank_points DESC LIMIT 1","SELECT p.first_name, p.country_code, p.birth_date FROM players p JOIN matches m ON p.player_id = m.winner_id ORDER BY m.winner_rank_points DESC LIMIT 1","SELECT T3.first_name, T3.country_code, T3.birth_date FROM matches AS T1 INNER JOIN players AS T3 ON T1.winner_id = T3.player_id ORDER BY T1.winner_rank_points DESC LIMIT 1",1,1
"What is the first name, country code, and birth date of the player with the most winner rank points across all matches?",hard,"SELECT T1.first_name ,  T1.country_code ,  T1.birth_date FROM players AS T1 JOIN matches AS T2 ON T1.player_id  =  T2.winner_id ORDER BY T2.winner_rank_points DESC LIMIT 1","SELECT p.first_name, p.country_code, p.birth_date FROM players p JOIN (     SELECT winner_id, MAX(winner_rank_points) AS max_rank_points     FROM matches     GROUP BY winner_id ) m ON p.player_id = m.winner_id ORDER BY m.max_rank_points DESC LIMIT 1",NULL,1,0
Find the number of players for each hand type.,medium,"SELECT count(*) ,  hand FROM players GROUP BY hand","SELECT hand, COUNT(*) AS number_of_players FROM players GROUP BY hand","SELECT hand, COUNT(player_id) AS number_of_players FROM players GROUP BY hand",0,0
How many players are there for each hand type?,medium,"SELECT count(*) ,  hand FROM players GROUP BY hand","SELECT hand, COUNT(*) AS player_count FROM players GROUP BY hand","SELECT T2.hand, COUNT(T2.player_id) AS num_players FROM players AS T2 GROUP BY T2.hand",0,0
How many ships ended up being 'Captured'?,easy,SELECT count(*) FROM ship WHERE disposition_of_ship  =  'Captured',SELECT COUNT(*) FROM ship WHERE disposition_of_ship = 'Captured',SELECT COUNT(*) FROM ship WHERE disposition_of_ship = 'Captured',1,1
List the name and tonnage ordered by in descending alphaetical order for the names.,medium,"SELECT name ,  tonnage FROM ship ORDER BY name DESC","SELECT name, tonnage FROM ship ORDER BY name DESC","SELECT name, tonnage FROM ship ORDER BY name DESC",1,1
"List the name, date and result of each battle.",medium,"SELECT name ,  date FROM battle","SELECT name, date, result FROM battle","SELECT name, date, result FROM battle",0,0
What is maximum and minimum death toll caused each time?,medium,"SELECT max(killed) ,  min(killed) FROM death",NULL,"SELECT T1.caused_by_ship_id, MAX(T2.killed + T2.injured) AS max_deaths, MIN(T2.killed + T2.injured) AS min_deaths FROM death AS T2 INNER JOIN ship AS T1 ON T2.caused_by_ship_id = T1.id GROUP BY T1.caused_by_ship_id",0,0
What is the average number of injuries caused each time?,easy,SELECT avg(injured) FROM death,SELECT AVG(injured) AS average_injuries FROM death,SELECT AVG(T3.injured) FROM death AS T3 INNER JOIN ship AS T2 ON T3.caused_by_ship_id = T2.id INNER JOIN battle AS T1 ON T2.lost_in_battle = T1.id,1,1
What are the death and injury situations caused by the ship with tonnage 't'?,medium,"SELECT T1.killed ,  T1.injured FROM death AS T1 JOIN ship AS t2 ON T1.caused_by_ship_id  =  T2.id WHERE T2.tonnage  =  't'","SELECT d.note, d.killed, d.injured FROM death d JOIN ship s ON d.caused_by_ship_id = s.id WHERE s.tonnage = 't'","SELECT T3.note, T3.killed, T3.injured FROM ship AS T1 INNER JOIN death AS T2 ON T1.id = T2.caused_by_ship_id INNER JOIN battle AS T4 ON T1.lost_in_battle = T4.id WHERE T1.tonnage = 't'",0,0
What are the name and results of the battles when the bulgarian commander is not 'Boril',medium,"SELECT name ,  RESULT FROM battle WHERE bulgarian_commander != 'Boril'","SELECT name, result FROM battle WHERE bulgarian_commander != 'Boril'","SELECT T1.name, T1.result FROM battle AS T1 WHERE T1.bulgarian_commander != 'Boril'",1,1
What are the different ids and names of the battles that lost any 'Brig' type shipes?,medium,"SELECT DISTINCT T1.id ,  T1.name FROM battle AS T1 JOIN ship AS T2 ON T1.id  =  T2.lost_in_battle WHERE T2.ship_type  =  'Brig'","SELECT DISTINCT b.id, b.name FROM battle b JOIN ship s ON b.id = s.lost_in_battle WHERE s.ship_type = 'Brig'","SELECT DISTINCT T1.id, T1.name FROM battle AS T1 INNER JOIN ship AS T2 ON T1.id = T2.lost_in_battle WHERE T2.ship_type = 'Brig'",1,1
What are the ids and names of the battles that led to more than 10 people killed in total.,hard,"SELECT T1.id ,  T1.name FROM battle AS T1 JOIN ship AS T2 ON T1.id  =  T2.lost_in_battle JOIN death AS T3 ON T2.id  =  T3.caused_by_ship_id GROUP BY T1.id HAVING sum(T3.killed)  >  10","SELECT b.id, b.name FROM battle b JOIN death d ON b.id = d.killed GROUP BY b.id HAVING SUM(d.killed) > 10","SELECT T1.id, T1.name FROM battle AS T1 INNER JOIN death AS T2 ON T1.id = T2.caused_by_ship_id WHERE T2.killed > 0 GROUP BY T1.id HAVING SUM(T2.killed) > 10",0,0
What is the ship id and name that caused most total injuries?,extra,"SELECT T2.id ,  T2.name FROM death AS T1 JOIN ship AS t2 ON T1.caused_by_ship_id  =  T2.id GROUP BY T2.id ORDER BY count(*) DESC LIMIT 1","SELECT s.id, s.name FROM ship s JOIN death d ON s.id = d.caused_by_ship_id GROUP BY s.id ORDER BY SUM(d.injured) DESC LIMIT 1",NULL,0,0
What are the distinct battle names which are between bulgarian commander 'Kaloyan' and latin commander 'Baldwin I'?,medium,SELECT name FROM battle WHERE bulgarian_commander  =  'Kaloyan' AND latin_commander  =  'Baldwin I',SELECT DISTINCT b.name FROM battle b WHERE b.bulgarian_commander = 'Kaloyan' AND b.latin_commander = 'Baldwin I',SELECT DISTINCT T1.name FROM battle AS T1 WHERE T1.bulgarian_commander = 'Kaloyan' AND T1.latin_commander = 'Baldwin I',1,1
How many different results are there for the battles?,easy,SELECT count(DISTINCT RESULT) FROM battle,SELECT COUNT(DISTINCT result) FROM battle,SELECT COUNT(DISTINCT result) FROM battle,1,1
How many battles did not lose any ship with tonnage '225'?,extra,SELECT count(*) FROM battle WHERE id NOT IN ( SELECT lost_in_battle FROM ship WHERE tonnage  =  '225' );,SELECT COUNT(*) FROM battle WHERE id NOT IN (     SELECT lost_in_battle     FROM ship     WHERE tonnage = 225 ),SELECT COUNT(DISTINCT T1.id) FROM battle AS T1 LEFT JOIN ship AS T2 ON T1.id = T2.lost_in_battle WHERE T2.tonnage = '225' AND T2.disposition_of_ship = 'Lost',1,0
List the name and date the battle that has lost the ship named 'Lettice' and the ship named 'HMS Atalanta',extra,"SELECT T1.name ,  T1.date FROM battle AS T1 JOIN ship AS T2 ON T1.id  =  T2.lost_in_battle WHERE T2.name  =  'Lettice' INTERSECT SELECT T1.name ,  T1.date FROM battle AS T1 JOIN ship AS T2 ON T1.id  =  T2.lost_in_battle WHERE T2.name  =  'HMS Atalanta'","SELECT b.name, b.date FROM battle b JOIN ship s ON b.id = s.lost_in_battle WHERE s.name IN ('Lettice', 'HMS Atalanta')","SELECT T1.name, T1.date FROM battle AS T1 INNER JOIN ship AS T2 ON T1.id = T2.lost_in_battle WHERE T2.name = 'Lettice' OR T2.name = 'HMS Atalanta'",1,1
"Show names, results and bulgarian commanders of the battles with no ships lost in the 'English Channel'.",extra,"SELECT name ,  RESULT ,  bulgarian_commander FROM battle EXCEPT SELECT T1.name ,  T1.result ,  T1.bulgarian_commander FROM battle AS T1 JOIN ship AS T2 ON T1.id  =  T2.lost_in_battle WHERE T2.location  =  'English Channel'","SELECT b.name, b.result, b.bulgarian_commander FROM battle b WHERE b.id NOT IN (     SELECT s.lost_in_battle     FROM ship s     WHERE s.location = 'English Channel' )","SELECT T1.name, T1.result, T1.bulgarian_commander FROM battle AS T1 LEFT JOIN ship AS T2 ON T1.id = T2.lost_in_battle WHERE T2.location != 'English Channel'",1,0
What are the notes of the death events which has substring 'East'?,medium,SELECT note FROM death WHERE note LIKE '%East%',SELECT note FROM death WHERE note LIKE '%East%',SELECT T2.note FROM death AS T2 INNER JOIN ship AS T1 ON T2.caused_by_ship_id = T1.id WHERE T1.location LIKE '%East%',1,0
what are all the addresses including line 1 and line 2?,medium,"SELECT line_1 ,  line_2 FROM addresses","SELECT address_id, line_1, line_2 FROM addresses","SELECT line_1, line_2 FROM addresses",0,1
What is the first and second line for all addresses?,medium,"SELECT line_1 ,  line_2 FROM addresses","SELECT line_1, line_2 FROM addresses","SELECT line_1, line_2 FROM addresses",1,1
How many courses in total are listed?,easy,SELECT count(*) FROM Courses,SELECT COUNT(*) AS total_courses FROM courses,SELECT COUNT(*) FROM courses,1,1
How many courses are there?,easy,SELECT count(*) FROM Courses,SELECT COUNT(*) AS total_courses FROM courses,SELECT COUNT(*) FROM courses,1,1
How is the math course described?,easy,SELECT course_description FROM Courses WHERE course_name  =  'math',SELECT course_description FROM courses WHERE course_name = 'Math',SELECT c.course_description FROM courses AS c INNER JOIN sections AS s ON c.course_id = s.course_id WHERE c.course_name = 'Math',0,0
What are the descriptions for all the math courses?,easy,SELECT course_description FROM Courses WHERE course_name  =  'math',SELECT c.course_description FROM courses c JOIN sections s ON c.course_id = s.course_id WHERE c.course_name LIKE '%Math%',SELECT T2.course_description FROM courses AS T1 INNER JOIN sections AS T2 ON T1.course_id = T2.course_id WHERE T1.course_name LIKE '%Math%' AND T2.section_description IS NOT NULL,1,0
What is the zip code of the address in the city Port Chelsea?,easy,SELECT zip_postcode FROM Addresses WHERE city  =  'Port Chelsea',SELECT zip_postcode  FROM addresses  WHERE city = 'Port Chelsea',SELECT T1.zip_postcode FROM addresses AS T1 WHERE T1.city = 'Port Chelsea',1,1
What is the zip code for Port Chelsea?,easy,SELECT zip_postcode FROM Addresses WHERE city  =  'Port Chelsea',SELECT zip_postcode FROM addresses WHERE city = 'Port Chelsea',SELECT T2.zip_postcode FROM addresses AS T1 INNER JOIN students AS T2 ON T1.address_id = T2.current_address_id WHERE T2.first_name = 'Port' AND T2.last_name = 'Chelsea',1,0
Which department offers the most number of degrees? List department name and id.,extra,"SELECT T2.department_name ,  T1.department_id FROM Degree_Programs AS T1 JOIN Departments AS T2 ON T1.department_id  =  T2.department_id GROUP BY T1.department_id ORDER BY count(*) DESC LIMIT 1","SELECT d.department_id, d.department_name FROM departments d JOIN degree_programs dp ON d.department_id = dp.department_id GROUP BY d.department_id, d.department_name ORDER BY COUNT(dp.degree_program_id) DESC LIMIT 1","SELECT T1.department_id, T1.department_name FROM departments AS T1 INNER JOIN degree_programs AS T2 ON T1.department_id = T2.department_id GROUP BY T1.department_id ORDER BY COUNT(T2.degree_program_id) DESC LIMIT 1",0,0
What is the name and id of the department with the most number of degrees ?,extra,"select t2.department_name ,  t1.department_id from degree_programs as t1 join departments as t2 on t1.department_id  =  t2.department_id group by t1.department_id order by count(*) desc limit 1","SELECT d.department_id, d.department_name FROM departments d JOIN degree_programs dp ON d.department_id = dp.department_id GROUP BY d.department_id ORDER BY COUNT(dp.degree_program_id) DESC LIMIT 1",NULL,0,0
How many departments offer any degree?,easy,SELECT count(DISTINCT department_id) FROM Degree_Programs,SELECT COUNT(DISTINCT department_id) AS departments_offering_degrees FROM degree_programs,SELECT COUNT(DISTINCT T1.department_id) FROM departments AS T1 INNER JOIN degree_programs AS T2 ON T1.department_id = T2.department_id,1,1
How many different departments offer degrees?,easy,SELECT count(DISTINCT department_id) FROM Degree_Programs,SELECT COUNT(DISTINCT department_id) AS distinct_departments FROM degree_programs,SELECT COUNT(DISTINCT T1.department_id) FROM degree_programs AS T1,1,1
How many different degree names are offered?,easy,SELECT count(DISTINCT degree_summary_name) FROM Degree_Programs,SELECT COUNT(DISTINCT degree_summary_name) AS distinct_degree_names FROM degree_programs,SELECT COUNT(DISTINCT T1.degree_summary_name) FROM degree_programs AS T1,1,1
How many different degrees are offered?,easy,SELECT count(DISTINCT degree_summary_name) FROM Degree_Programs,SELECT COUNT(DISTINCT degree_program_id) AS number_of_degrees FROM degree_programs,SELECT COUNT(DISTINCT degree_program_id) AS distinct_degrees FROM degree_programs,0,0
How many degrees does the engineering department offer?,medium,SELECT count(*) FROM Departments AS T1 JOIN Degree_Programs AS T2 ON T1.department_id  =  T2.department_id WHERE T1.department_name  =  'engineer',SELECT COUNT(*) AS number_of_degrees FROM degree_programs WHERE department_id IN (     SELECT department_id     FROM departments     WHERE department_name = 'Engineering' ),SELECT COUNT(T2.degree_program_id) FROM departments AS T1 INNER JOIN degree_programs AS T2 ON T1.department_id = T2.department_id WHERE T1.department_name = 'Engineering',1,1
How many degrees does the engineering department have?,medium,SELECT count(*) FROM Departments AS T1 JOIN Degree_Programs AS T2 ON T1.department_id  =  T2.department_id WHERE T1.department_name  =  'engineer',SELECT COUNT(*) AS number_of_degrees FROM degree_programs WHERE department_id IN (     SELECT department_id     FROM departments     WHERE department_name = 'Engineering' ),SELECT COUNT(*) FROM degree_programs AS T1 INNER JOIN departments AS T2 ON T1.department_id = T2.department_id WHERE T2.department_name = 'Engineering',1,1
What are the names and descriptions of all the sections?,medium,"SELECT section_name ,  section_description FROM Sections","SELECT section_name, section_description FROM sections",NULL,1,0
What are the names and descriptions for all the sections?,medium,"SELECT section_name ,  section_description FROM Sections","SELECT section_name, section_description FROM sections","SELECT T2.section_name, T2.section_description FROM sections AS T2",1,1
What are the names and id of courses having at most 2 sections?,medium,"SELECT T1.course_name ,  T1.course_id FROM Courses AS T1 JOIN Sections AS T2 ON T1.course_id  =  T2.course_id GROUP BY T1.course_id HAVING count(*)  <=  2","SELECT c.course_name, c.course_id FROM courses c LEFT JOIN sections s ON c.course_id = s.course_id GROUP BY c.course_id HAVING COUNT(s.section_id) <= 2",NULL,0,0
What are the names and ids of every course with less than 2 sections?,medium,"SELECT T1.course_name ,  T1.course_id FROM Courses AS T1 JOIN Sections AS T2 ON T1.course_id  =  T2.course_id GROUP BY T1.course_id HAVING count(*)  <=  2","SELECT c.course_id, c.course_name FROM courses c LEFT JOIN sections s ON c.course_id = s.course_id GROUP BY c.course_id HAVING COUNT(s.section_id) < 2",NULL,0,0
List the section_name in reversed lexicographical order.,easy,SELECT section_name FROM Sections ORDER BY section_name DESC,SELECT section_name FROM sections ORDER BY section_name DESC,SELECT section_name FROM sections ORDER BY section_name DESC,1,1
What are the names of the sections in reverse alphabetical order?,easy,SELECT section_name FROM Sections ORDER BY section_name DESC,SELECT section_name FROM sections ORDER BY section_name DESC,SELECT section_name FROM sections ORDER BY section_name DESC,1,1
What is the semester which most student registered in? Show both the name and the id.,extra,"SELECT T1.semester_name ,  T1.semester_id FROM Semesters AS T1 JOIN Student_Enrolment AS T2 ON T1.semester_id  =  T2.semester_id GROUP BY T1.semester_id ORDER BY count(*) DESC LIMIT 1","SELECT s.semester_id, s.semester_name FROM semesters s JOIN student_enrolment se ON s.semester_id = se.semester_id GROUP BY s.semester_id, s.semester_name ORDER BY COUNT(se.student_id) DESC LIMIT 1",NULL,0,0
"For each semester, what is the name and id of the one with the most students registered?",extra,"SELECT T1.semester_name ,  T1.semester_id FROM Semesters AS T1 JOIN Student_Enrolment AS T2 ON T1.semester_id  =  T2.semester_id GROUP BY T1.semester_id ORDER BY count(*) DESC LIMIT 1","SELECT s.semester_id, s.semester_name FROM semesters s JOIN student_enrolment se ON s.semester_id = se.semester_id GROUP BY s.semester_id, s.semester_name ORDER BY COUNT(se.student_id) DESC LIMIT 1",NULL,0,0
What is the description of the department whose name has the substring the computer?,medium,SELECT department_description FROM Departments WHERE department_name LIKE '%computer%',SELECT department_description FROM departments WHERE department_name LIKE '%computer%',SELECT T2.department_description FROM departments AS T1 INNER JOIN departments AS T2 ON T1.department_id = T2.department_id WHERE T1.department_name LIKE '%the computer%' OR T2.department_name LIKE '%the computer%',1,0
What is the department description for the one whose name has the word computer?,medium,SELECT department_description FROM Departments WHERE department_name LIKE '%computer%',SELECT department_description FROM departments WHERE department_name LIKE '%computer%',SELECT T2.department_description FROM departments AS T1 INNER JOIN departments AS T2 ON T1.department_id = T2.department_id WHERE T1.department_name LIKE '%computer%' OR T2.department_name LIKE '%computer%',1,1
"Who are enrolled in 2 degree programs in one semester? List the first name, middle name and last name and the id.",medium,"SELECT T1.first_name ,  T1.middle_name ,  T1.last_name ,  T1.student_id FROM Students AS T1 JOIN Student_Enrolment AS T2 ON T1.student_id  =  T2.student_id GROUP BY T1.student_id HAVING count(*)  =  2","SELECT s.first_name, s.middle_name, s.last_name, s.student_id FROM students s JOIN student_enrolment se ON s.student_id = se.student_id WHERE se.degree_program_id IN (     SELECT degree_program_id     FROM student_enrolment     GROUP BY degree_program_id     HAVING COUNT(degree_program_id) = 2 ) AND se.semester_id IN (     SELECT semester_id     FROM student_enrolment     GROUP BY semester_id     HAVING COUNT(semester_id) = 1 )","SELECT T1.first_name, T1.middle_name, T1.last_name, T1.student_id FROM students AS T1 INNER JOIN student_enrolment AS T2 ON T1.student_id = T2.student_id INNER JOIN student_enrolment_courses AS T3 ON T2.student_enrolment_id = T3.student_enrolment_id WHERE T2.degree_program_id IN (SELECT degree_program_id FROM student_enrolment GROUP BY degree_program_id HAVING COUNT(DISTINCT semester_id) = 2)",0,0
"What are the first, middle, and last names, along with the ids, of all students who enrolled in 2 degree programs in one semester?",medium,"SELECT T1.first_name ,  T1.middle_name ,  T1.last_name ,  T1.student_id FROM Students AS T1 JOIN Student_Enrolment AS T2 ON T1.student_id  =  T2.student_id GROUP BY T1.student_id HAVING count(*)  =  2","SELECT s.student_id, s.first_name, s.middle_name, s.last_name FROM students s JOIN student_enrolment se ON s.student_id = se.student_id GROUP BY s.student_id HAVING COUNT(DISTINCT se.degree_program_id) = 2 ",NULL,0,0
"Who is enrolled in a Bachelor degree program? List the first name, middle name, last name.",hard,"SELECT DISTINCT T1.first_name ,  T1.middle_name ,  T1.last_name FROM Students AS T1 JOIN Student_Enrolment AS T2 ON T1.student_id  =  T2.student_id JOIN Degree_Programs AS T3 ON T2.degree_program_id  =  T3.degree_program_id WHERE T3.degree_summary_name  =  'Bachelor'","SELECT s.first_name, s.middle_name, s.last_name FROM students s JOIN student_enrolment se ON s.student_id = se.student_id JOIN degree_programs dp ON se.degree_program_id = dp.degree_program_id WHERE dp.degree_summary_name = 'Bachelor'","SELECT T2.first_name, T2.middle_name, T2.last_name FROM students AS T2 INNER JOIN student_enrolment AS T1 ON T2.student_id = T1.student_id INNER JOIN degree_programs AS T3 ON T1.degree_program_id = T3.degree_program_id WHERE T3.degree_summary_name = 'Bachelor'",1,1
"What are the first, middle, and last names for everybody enrolled in a Bachelors program?",hard,"SELECT DISTINCT T1.first_name ,  T1.middle_name ,  T1.last_name FROM Students AS T1 JOIN Student_Enrolment AS T2 ON T1.student_id  =  T2.student_id JOIN Degree_Programs AS T3 ON T2.degree_program_id  =  T3.degree_program_id WHERE T3.degree_summary_name  =  'Bachelor'","SELECT s.first_name, s.middle_name, s.last_name FROM students s JOIN student_enrolment se ON s.student_id = se.student_id JOIN degree_programs dp ON se.degree_program_id = dp.degree_program_id WHERE dp.degree_summary_name = 'Bachelors'",NULL,0,0
Find the kind of program which most number of students are enrolled in?,extra,SELECT T1.degree_summary_name FROM Degree_Programs AS T1 JOIN Student_Enrolment AS T2 ON T1.degree_program_id  =  T2.degree_program_id GROUP BY T1.degree_summary_name ORDER BY count(*) DESC LIMIT 1,"SELECT degree_programs.degree_summary_name, COUNT(student_enrolment.student_id) AS student_count FROM degree_programs JOIN student_enrolment ON degree_programs.degree_program_id = student_enrolment.degree_program_id GROUP BY degree_programs.degree_program_id ORDER BY student_count DESC LIMIT 1",NULL,0,0
What is the degree summary name that has the most number of students enrolled?,extra,SELECT T1.degree_summary_name FROM Degree_Programs AS T1 JOIN Student_Enrolment AS T2 ON T1.degree_program_id  =  T2.degree_program_id GROUP BY T1.degree_summary_name ORDER BY count(*) DESC LIMIT 1,SELECT d.degree_summary_name FROM degree_programs d JOIN student_enrolment se ON d.degree_program_id = se.degree_program_id GROUP BY d.degree_program_id ORDER BY COUNT(se.student_id) DESC LIMIT 1,NULL,1,0
Find the program which most number of students are enrolled in. List both the id and the summary.,extra,"SELECT T1.degree_program_id ,  T1.degree_summary_name FROM Degree_Programs AS T1 JOIN Student_Enrolment AS T2 ON T1.degree_program_id  =  T2.degree_program_id GROUP BY T1.degree_program_id ORDER BY count(*) DESC LIMIT 1","SELECT    d.degree_program_id,    d.degree_summary_name  FROM    degree_programs d  JOIN    student_enrolment s ON d.degree_program_id = s.degree_program_id  GROUP BY    d.degree_program_id  ORDER BY    COUNT(s.student_id) DESC  LIMIT 1","SELECT T1.degree_program_id, T2.degree_summary_name, T2.degree_summary_description FROM student_enrolment AS T1 INNER JOIN degree_programs AS T2 ON T1.degree_program_id = T2.degree_program_id GROUP BY T1.degree_program_id ORDER BY COUNT(T1.student_id) DESC LIMIT 1",1,0
What is the program id and the summary of the degree that has the most students enrolled?,extra,"SELECT T1.degree_program_id ,  T1.degree_summary_name FROM Degree_Programs AS T1 JOIN Student_Enrolment AS T2 ON T1.degree_program_id  =  T2.degree_program_id GROUP BY T1.degree_program_id ORDER BY count(*) DESC LIMIT 1","SELECT d.degree_program_id, d.degree_summary_name FROM degree_programs d JOIN student_enrolment se ON d.degree_program_id = se.degree_program_id GROUP BY d.degree_program_id ORDER BY COUNT(se.student_id) DESC LIMIT 1",NULL,1,0
"Which student has enrolled for the most times in any program? List the id, first name, middle name, last name, the number of enrollments and student id.",extra,"SELECT T1.student_id ,  T1.first_name ,  T1.middle_name ,  T1.last_name ,  count(*) ,  T1.student_id FROM Students AS T1 JOIN Student_Enrolment AS T2 ON T1.student_id  =  T2.student_id GROUP BY T1.student_id ORDER BY count(*) DESC LIMIT 1","SELECT    s.student_id,   s.first_name,   s.middle_name,   s.last_name,   COUNT(se.student_enrolment_id) AS num_enrollments FROM    students s JOIN    student_enrolment se ON s.student_id = se.student_id GROUP BY    s.student_id ORDER BY    num_enrollments DESC LIMIT 1","SELECT T1.student_id, T1.first_name, T1.middle_name, T1.last_name, COUNT(T2.student_enrolment_id) AS num_enrollments, T1.student_id FROM students AS T1 INNER JOIN student_enrolment AS T2 ON T1.student_id = T2.student_id GROUP BY T1.student_id ORDER BY num_enrollments DESC LIMIT 1",0,1
"What is the first, middle, and last name, along with the id and number of enrollments, for the student who enrolled the most in any program?",extra,"SELECT T1.student_id ,  T1.first_name ,  T1.middle_name ,  T1.last_name ,  count(*) ,  T1.student_id FROM Students AS T1 JOIN Student_Enrolment AS T2 ON T1.student_id  =  T2.student_id GROUP BY T1.student_id ORDER BY count(*) DESC LIMIT 1","SELECT s.student_id, s.first_name, s.middle_name, s.last_name, COUNT(se.student_enrolment_id) AS number_of_enrollments FROM students s JOIN student_enrolment se ON s.student_id = se.student_id GROUP BY s.student_id ORDER BY number_of_enrollments DESC LIMIT 1",NULL,0,0
Which semesters do not have any student enrolled? List the semester name.,hard,SELECT semester_name FROM Semesters WHERE semester_id NOT IN( SELECT semester_id FROM Student_Enrolment ),SELECT s.semester_name FROM semesters s LEFT JOIN student_enrolment se ON s.semester_id = se.semester_id WHERE se.student_enrolment_id IS NULL,SELECT T2.semester_name FROM semesters AS T2 LEFT JOIN student_enrolment AS T1 ON T2.semester_id = T1.semester_id WHERE T1.student_enrolment_id IS NULL,1,1
What is the name of the semester with no students enrolled?,hard,SELECT semester_name FROM Semesters WHERE semester_id NOT IN( SELECT semester_id FROM Student_Enrolment ),SELECT s.semester_name FROM semesters s LEFT JOIN student_enrolment se ON s.semester_id = se.semester_id WHERE se.student_enrolment_id IS NULL,NULL,1,0
What are all the course names of the courses which ever have students enrolled in?,easy,SELECT DISTINCT T1.course_name FROM Courses AS T1 JOIN Student_Enrolment_Courses AS T2 ON T1.course_id  =  T2.course_id,SELECT DISTINCT courses.course_name FROM courses JOIN student_enrolment_courses ON courses.course_id = student_enrolment_courses.course_id JOIN student_enrolment ON student_enrolment_courses.student_enrolment_id = student_enrolment.student_enrolment_id ORDER BY courses.course_name,SELECT DISTINCT T2.course_name FROM student_enrolment_courses AS T1 INNER JOIN courses AS T2 ON T1.course_id = T2.course_id,1,1
What are the names of all courses that have some students enrolled?,easy,SELECT DISTINCT T1.course_name FROM Courses AS T1 JOIN Student_Enrolment_Courses AS T2 ON T1.course_id  =  T2.course_id,SELECT DISTINCT courses.course_name FROM courses JOIN student_enrolment_courses ON courses.course_id = student_enrolment_courses.course_id JOIN student_enrolment ON student_enrolment_courses.student_enrolment_id = student_enrolment.student_enrolment_id ORDER BY courses.course_name,NULL,1,0
What's the name of the course with most number of enrollments?,extra,SELECT  T1.course_name FROM Courses AS T1 JOIN Student_Enrolment_Courses AS T2 ON T1.course_id  =  T2.course_id GROUP BY T1.course_name ORDER BY count(*) DESC LIMIT 1,SELECT c.course_name FROM courses c JOIN student_enrolment_courses sec ON c.course_id = sec.course_id GROUP BY c.course_id ORDER BY COUNT(sec.student_enrolment_id) DESC LIMIT 1,NULL,0,0
What is the name of the course with the most students enrolled?,extra,SELECT  T1.course_name FROM Courses AS T1 JOIN Student_Enrolment_Courses AS T2 ON T1.course_id  =  T2.course_id GROUP BY T1.course_name ORDER BY count(*) DESC LIMIT 1,SELECT c.course_name FROM courses c JOIN student_enrolment_courses sec ON c.course_id = sec.course_id JOIN student_enrolment se ON sec.student_enrolment_id = se.student_enrolment_id GROUP BY c.course_id ORDER BY COUNT(se.student_id) DESC LIMIT 1,NULL,0,0
Find the last name of the students who currently live in the state of North Carolina but have not registered in any degree program.,extra,SELECT T1.last_name FROM Students AS T1 JOIN Addresses AS T2 ON T1.current_address_id  =  T2.address_id WHERE T2.state_province_county  =  'NorthCarolina' EXCEPT SELECT DISTINCT T3.last_name FROM Students AS T3 JOIN Student_Enrolment AS T4 ON T3.student_id  =  T4.student_id,SELECT s.last_name FROM students s LEFT JOIN student_enrolment se ON s.student_id = se.student_id WHERE s.state_province_county = 'North Carolina' AND se.degree_program_id IS NULL,SELECT DISTINCT T2.last_name FROM students AS T2 WHERE T2.state_province_county = 'North Carolina' AND T2.student_id NOT IN (SELECT T1.student_id FROM student_enrolment AS T1),0,0
What are the last name of the students who live in North Carolina but have not registered in any degree programs?,extra,SELECT T1.last_name FROM Students AS T1 JOIN Addresses AS T2 ON T1.current_address_id  =  T2.address_id WHERE T2.state_province_county  =  'NorthCarolina' EXCEPT SELECT DISTINCT T3.last_name FROM Students AS T3 JOIN Student_Enrolment AS T4 ON T3.student_id  =  T4.student_id,SELECT s.last_name FROM students s LEFT JOIN student_enrolment se ON s.student_id = se.student_id WHERE s.state_province_county = 'North Carolina' AND se.degree_program_id IS NULL,SELECT DISTINCT T2.last_name FROM students AS T2 WHERE T2.state_province_county = 'North Carolina' AND T2.student_id NOT IN (SELECT T1.student_id FROM student_enrolment AS T1),0,0
Show the date and id of the transcript with at least 2 course results.,medium,"SELECT T2.transcript_date ,  T1.transcript_id FROM Transcript_Contents AS T1 JOIN Transcripts AS T2 ON T1.transcript_id  =  T2.transcript_id GROUP BY T1.transcript_id HAVING count(*)  >=  2","SELECT t.transcript_date, t.transcript_id FROM transcripts t JOIN transcript_contents tc ON t.transcript_id = tc.transcript_id GROUP BY t.transcript_id HAVING COUNT(tc.student_course_id) >= 2","SELECT T1.transcript_date, T1.transcript_id FROM transcripts AS T1 INNER JOIN transcript_contents AS T2 ON T1.transcript_id = T2.transcript_id GROUP BY T1.transcript_id HAVING COUNT(T2.student_course_id) >= 2",1,1
What is the date and id of the transcript with at least 2 courses listed?,medium,"SELECT T2.transcript_date ,  T1.transcript_id FROM Transcript_Contents AS T1 JOIN Transcripts AS T2 ON T1.transcript_id  =  T2.transcript_id GROUP BY T1.transcript_id HAVING count(*)  >=  2","SELECT t.transcript_id, t.transcript_date FROM transcripts t JOIN transcript_contents tc ON t.transcript_id = tc.transcript_id GROUP BY t.transcript_id HAVING COUNT(tc.student_course_id) >= 2",NULL,0,0
What is the phone number of the man with the first name Timmothy and the last name Ward?,medium,SELECT cell_mobile_number FROM Students WHERE first_name  =  'Timmothy' AND last_name  =  'Ward',SELECT cell_mobile_number FROM students WHERE first_name = 'Timmothy' AND last_name = 'Ward',SELECT T2.cell_mobile_number FROM students AS T1 INNER JOIN students AS T2 ON T1.student_id = T2.student_id WHERE T1.first_name = 'Timmothy' AND T2.last_name = 'Ward',1,1
What is the mobile phone number of the student named Timmothy Ward ?,medium,select cell_mobile_number from students where first_name  =  'timmothy' and last_name  =  'ward',SELECT cell_mobile_number FROM students WHERE first_name = 'Timmothy' AND last_name = 'Ward',SELECT T2.cell_mobile_number FROM students AS T1 INNER JOIN students AS T2 ON T1.student_id = T2.student_id WHERE T1.first_name = 'Timmothy' AND T1.last_name = 'Ward',0,0
"Who is the first student to register? List the first name, middle name and last name.",medium,"SELECT first_name ,  middle_name ,  last_name FROM Students ORDER BY date_first_registered ASC LIMIT 1","SELECT first_name, middle_name, last_name FROM students ORDER BY date_first_registered LIMIT 1","SELECT first_name, middle_name, last_name FROM students WHERE date_first_registered = (SELECT MIN(date_first_registered) FROM students)",1,1
"What is the first, middle, and last name of the first student to register?",medium,"SELECT first_name ,  middle_name ,  last_name FROM Students ORDER BY date_first_registered ASC LIMIT 1","SELECT first_name, middle_name, last_name FROM students ORDER BY date_first_registered LIMIT 1","SELECT first_name, middle_name, last_name FROM students WHERE date_first_registered IS NOT NULL ORDER BY date_first_registered LIMIT 1",1,1
"Who is the earliest graduate of the school? List the first name, middle name and last name.",medium,"SELECT first_name ,  middle_name ,  last_name FROM Students ORDER BY date_left ASC LIMIT 1","SELECT first_name, middle_name, last_name FROM students WHERE date_left IS NOT NULL ORDER BY date_left ASC LIMIT 1","SELECT T2.first_name, T2.middle_name, T2.last_name FROM students AS T2 INNER JOIN student_enrolment AS T1 ON T2.student_id = T1.student_id INNER JOIN degree_programs AS T3 ON T1.degree_program_id = T3.degree_program_id WHERE T3.degree_summary_name = 'Graduate' ORDER BY T2.date_left ASC LIMIT 1",1,0
"What is the first, middle, and last name of the earliest school graduate?",medium,"SELECT first_name ,  middle_name ,  last_name FROM Students ORDER BY date_left ASC LIMIT 1","SELECT first_name, middle_name, last_name FROM students WHERE date_left IS NOT NULL ORDER BY date_left ASC LIMIT 1",NULL,1,0
Whose permanent address is different from his or her current address? List his or her first name.,easy,SELECT first_name FROM Students WHERE current_address_id != permanent_address_id,SELECT s.first_name FROM students s WHERE s.permanent_address_id != s.current_address_id,SELECT DISTINCT T2.first_name FROM students AS T2 WHERE T2.permanent_address_id != T2.current_address_id,1,1
What is the first name of the student whose permanent address is different from his or her current one?,easy,SELECT first_name FROM Students WHERE current_address_id != permanent_address_id,SELECT s.first_name FROM students s WHERE s.permanent_address_id != s.current_address_id,NULL,1,0
Which address holds the most number of students currently? List the address id and all lines.,extra,"SELECT T1.address_id ,  T1.line_1 ,  T1.line_2 FROM Addresses AS T1 JOIN Students AS T2 ON T1.address_id  =  T2.current_address_id GROUP BY T1.address_id ORDER BY count(*) DESC LIMIT 1","SELECT a.address_id, a.line_1, a.line_2, a.line_3, a.city, a.zip_postcode, a.state_province_county, a.country, a.other_address_details FROM addresses a JOIN students s ON a.address_id = s.current_address_id GROUP BY a.address_id ORDER BY COUNT(s.student_id) DESC LIMIT 1","SELECT T2.address_id, T2.line_1, T2.line_2, T2.line_3, T2.city, T2.zip_postcode, T2.state_province_county, T2.country FROM students AS T1 INNER JOIN addresses AS T2 ON T1.current_address_id = T2.address_id GROUP BY T1.current_address_id ORDER BY COUNT(T1.student_id) DESC LIMIT 1",0,0
"What is the id, line 1, and line 2 of the address with the most students?",extra,"SELECT T1.address_id ,  T1.line_1 ,  T1.line_2 FROM Addresses AS T1 JOIN Students AS T2 ON T1.address_id  =  T2.current_address_id GROUP BY T1.address_id ORDER BY count(*) DESC LIMIT 1","SELECT a.address_id, a.line_1, a.line_2 FROM addresses a JOIN students s ON a.address_id = s.current_address_id OR a.address_id = s.permanent_address_id GROUP BY a.address_id ORDER BY COUNT(s.student_id) DESC LIMIT 1",NULL,1,0
"On average, when were the transcripts printed?",easy,SELECT avg(transcript_date) FROM Transcripts,SELECT AVG(transcript_date) AS average_transcript_date FROM transcripts,SELECT AVG(T1.transcript_date) FROM transcripts AS T1,1,1
What is the average transcript date?,easy,SELECT avg(transcript_date) FROM Transcripts,SELECT AVG(transcript_date) AS average_transcript_date FROM transcripts,NULL,1,0
When is the first transcript released? List the date and details.,medium,"SELECT transcript_date ,  other_details FROM Transcripts ORDER BY transcript_date ASC LIMIT 1","SELECT transcripts.transcript_date, transcripts.other_details FROM transcripts ORDER BY transcripts.transcript_date ASC LIMIT 1","SELECT T2.transcript_date, T2.other_details FROM transcripts AS T1 INNER JOIN transcripts_contents AS T2 ON T1.transcript_id = T2.transcript_id ORDER BY T2.transcript_date LIMIT 1",1,0
"What is the earliest date of a transcript release, and what details can you tell me?",medium,"SELECT transcript_date ,  other_details FROM Transcripts ORDER BY transcript_date ASC LIMIT 1","SELECT MIN(t.transcript_date) AS earliest_transcript_date, t.other_details FROM transcripts t GROUP BY t.other_details ORDER BY earliest_transcript_date ASC LIMIT 1","SELECT MIN(T1.transcript_date) AS EarliestTranscriptDate, T2.first_name, T2.middle_name, T2.last_name, T3.course_name, T4.degree_summary_name FROM transcripts AS T1 INNER JOIN student_enrolment AS T2 ON T1.student_course_id = T2.student_enrolment_id INNER JOIN student_enrolment_courses AS T3 ON T2.student_enrolment_id = T3.student_enrolment_id INNER JOIN degree_programs AS T4 ON T2.degree_program_id = T4.degree_program_id GROUP BY T1.transcript_id",1,0
How many transcripts are released?,easy,SELECT count(*) FROM Transcripts,SELECT COUNT(*) AS number_of_transcripts FROM transcripts,SELECT COUNT(*) FROM transcripts AS T1,1,1
How many transcripts are listed?,easy,SELECT count(*) FROM Transcripts,SELECT COUNT(*) FROM transcripts,SELECT COUNT(*) FROM transcripts,1,1
What is the last transcript release date?,medium,SELECT transcript_date FROM Transcripts ORDER BY transcript_date DESC LIMIT 1,SELECT MAX(transcript_date) AS last_transcript_release_date FROM transcripts,SELECT MAX(T2.transcript_date) FROM transcripts AS T2,1,1
When was the last transcript released?,medium,SELECT transcript_date FROM Transcripts ORDER BY transcript_date DESC LIMIT 1,SELECT MAX(transcript_date) AS last_transcript_date FROM transcripts,SELECT MAX(T1.transcript_date) FROM transcripts AS T1,1,1
How many times at most can a course enrollment result show in different transcripts? Also show the course enrollment id.,hard,"SELECT count(*) ,  student_course_id FROM Transcript_Contents GROUP BY student_course_id ORDER BY count(*) DESC LIMIT 1","SELECT    sec.course_id,   sec.section_id,   sec.section_name,   sec.section_description,   sec.other_details,   COUNT(tc.transcript_id) AS max_transcript_count,   sec.student_enrolment_id FROM    sections sec JOIN    student_enrolment_courses sec_enrol ON sec.section_id = sec_enrol.course_id JOIN    transcripts_contents tc ON sec_enrol.student_course_id = tc.student_course_id GROUP BY    sec.section_id, sec.student_enrolment_id ORDER BY    max_transcript_count DESC, sec.section_id","SELECT COUNT(T1.student_course_id) AS MaxEnrollments, T1.student_course_id FROM student_enrolment_courses AS T1 INNER JOIN transcripts AS T2 ON T1.student_course_id = T2.student_course_id GROUP BY T1.student_course_id ORDER BY MaxEnrollments DESC LIMIT 1",0,0
What is the maximum number of times that a course shows up in different transcripts and what is that course's enrollment id?,hard,"SELECT count(*) ,  student_course_id FROM Transcript_Contents GROUP BY student_course_id ORDER BY count(*) DESC LIMIT 1","SELECT    sc.student_enrolment_id,    COUNT(sc.course_id) AS course_count FROM    student_enrolment_courses sc GROUP BY    sc.student_enrolment_id ORDER BY    course_count DESC LIMIT 1","SELECT T1.course_id, MAX(T1.course_count) AS max_course_count FROM (SELECT SEC.course_id, COUNT(TCO.transcript_id) AS course_count FROM sections AS SEC INNER JOIN transcript_contents AS TCO ON SEC.course_id = TCO.student_course_id GROUP BY SEC.course_id) AS T1",0,0
"Show the date of the transcript which shows the least number of results, also list the id.",extra,"SELECT T2.transcript_date ,  T1.transcript_id FROM Transcript_Contents AS T1 JOIN Transcripts AS T2 ON T1.transcript_id  =  T2.transcript_id GROUP BY T1.transcript_id ORDER BY count(*) ASC LIMIT 1","SELECT transcript_date, transcript_id FROM transcripts ORDER BY (     SELECT COUNT(*)     FROM transcript_contents     WHERE transcripts.transcript_id = transcript_contents.transcript_id ) ASC LIMIT 1",NULL,0,0
What is the date and id of the transcript with the least number of results?,extra,"SELECT T2.transcript_date ,  T1.transcript_id FROM Transcript_Contents AS T1 JOIN Transcripts AS T2 ON T1.transcript_id  =  T2.transcript_id GROUP BY T1.transcript_id ORDER BY count(*) ASC LIMIT 1","SELECT t.transcript_id, t.transcript_date FROM transcripts t ORDER BY (SELECT COUNT(*) FROM transcript_contents tc WHERE tc.transcript_id = t.transcript_id) ASC LIMIT 1",NULL,0,0
Find the semester when both Master students and Bachelor students got enrolled in.,extra,SELECT DISTINCT T2.semester_id FROM Degree_Programs AS T1 JOIN Student_Enrolment AS T2 ON T1.degree_program_id  =  T2.degree_program_id WHERE degree_summary_name  =  'Master' INTERSECT SELECT DISTINCT T2.semester_id FROM Degree_Programs AS T1 JOIN Student_Enrolment AS T2 ON T1.degree_program_id  =  T2.degree_program_id WHERE degree_summary_name  =  'Bachelor',"SELECT DISTINCT s.semester_name FROM semesters s JOIN student_enrolment se ON s.semester_id = se.semester_id JOIN degree_programs dp ON se.degree_program_id = dp.degree_program_id WHERE dp.degree_summary_name IN ('Master', 'Bachelor') GROUP BY s.semester_id, dp.degree_summary_name HAVING COUNT(DISTINCT dp.degree_summary_name) = 2","SELECT DISTINCT T1.semester_id FROM semesters AS T1 INNER JOIN student_enrolment AS T2 ON T1.semester_id = T2.semester_id INNER JOIN degree_programs AS T3 ON T2.degree_program_id = T3.degree_program_id WHERE T3.degree_summary_name IN ('Master', 'Bachelor')",0,0
What is the id of the semester that had both Masters and Bachelors students enrolled?,extra,SELECT DISTINCT T2.semester_id FROM Degree_Programs AS T1 JOIN Student_Enrolment AS T2 ON T1.degree_program_id  =  T2.degree_program_id WHERE degree_summary_name  =  'Master' INTERSECT SELECT DISTINCT T2.semester_id FROM Degree_Programs AS T1 JOIN Student_Enrolment AS T2 ON T1.degree_program_id  =  T2.degree_program_id WHERE degree_summary_name  =  'Bachelor',"SELECT s.semester_id FROM semesters s JOIN student_enrolment se ON s.semester_id = se.semester_id JOIN degree_programs dp ON se.degree_program_id = dp.degree_program_id WHERE dp.degree_summary_name IN ('Masters', 'Bachelors') GROUP BY s.semester_id HAVING COUNT(DISTINCT dp.degree_summary_name) = 2",NULL,0,0
How many different addresses do the students currently live?,easy,SELECT count(DISTINCT current_address_id) FROM Students,SELECT COUNT(DISTINCT current_address_id) AS distinct_addresses FROM students,SELECT COUNT(DISTINCT T1.current_address_id) FROM students AS T1,1,1
What are the different addresses that have students living there?,easy,SELECT count(DISTINCT current_address_id) FROM Students,"SELECT DISTINCT a.address_id, a.line_1, a.line_2, a.line_3, a.city, a.zip_postcode, a.state_province_county, a.country, a.other_address_details FROM addresses a JOIN students s ON a.address_id = s.current_address_id OR a.address_id = s.permanent_address_id ORDER BY a.address_id","SELECT DISTINCT T2.address_id, T2.line_1, T2.line_2, T2.line_3, T2.city, T2.zip_postcode, T2.state_province_county, T2.country FROM students AS T1 INNER JOIN addresses AS T2 ON T1.current_address_id = T2.address_id OR T1.permanent_address_id = T2.address_id WHERE T1.current_address_id IS NOT NULL OR T1.permanent_address_id IS NOT NULL",0,0
List all the student details in reversed lexicographical order.,easy,SELECT other_student_details FROM Students ORDER BY other_student_details DESC,"SELECT * FROM students ORDER BY last_name DESC, first_name DESC, middle_name DESC","SELECT * FROM students ORDER BY last_name DESC, first_name DESC, middle_name DESC",0,0
What other details can you tell me about students in reverse alphabetical order?,easy,SELECT other_student_details FROM Students ORDER BY other_student_details DESC,SELECT other_student_details FROM students ORDER BY last_name DESC,SELECT other_student_details FROM students ORDER BY last_name DESC,1,1
Describe the section h.,easy,SELECT section_description FROM Sections WHERE section_name  =  'h',NULL,"SELECT section_name, section_description, course_name, department_name, degree_summary_name FROM sections JOIN courses ON sections.course_id = courses.course_id JOIN degree_programs ON courses.course_id = degree_programs.course_id JOIN departments ON degree_programs.department_id = departments.department_id WHERE section_id = 'h'",0,0
What is the description for the section named h?,easy,SELECT section_description FROM Sections WHERE section_name  =  'h',SELECT section_description FROM sections WHERE section_name = 'h',SELECT T2.section_description FROM sections AS T1 INNER JOIN sections AS T2 ON T1.section_id = T2.section_id WHERE T1.section_name = 'h',1,1
Find the first name of the students who permanently live in the country Haiti or have the cell phone number 09700166582 .,hard,select t1.first_name from students as t1 join addresses as t2 on t1.permanent_address_id  =  t2.address_id where t2.country  =  'haiti' or t1.cell_mobile_number  =  '09700166582',SELECT first_name FROM students WHERE country = 'Haiti' OR cell_mobile_number = '09700166582',SELECT T2.first_name FROM students AS T2 WHERE T2.country = 'Haiti' OR T2.cell_mobile_number = '09700166582',0,0
What are the first names of the students who live in Haiti permanently or have the cell phone number 09700166582 ?,hard,select t1.first_name from students as t1 join addresses as t2 on t1.permanent_address_id  =  t2.address_id where t2.country  =  'haiti' or t1.cell_mobile_number  =  '09700166582',SELECT first_name FROM students WHERE permanent_address_id IN (     SELECT address_id     FROM addresses     WHERE country = 'Haiti' ) OR cell_mobile_number = '09700166582',SELECT DISTINCT T2.first_name FROM students AS T2 WHERE T2.country = 'Haiti' AND T2.permanent_address_id IS NOT NULL OR T2.cell_mobile_number = '09700166582',0,0
List the title of all cartoons in alphabetical order.,easy,SELECT Title FROM Cartoon ORDER BY title,SELECT title FROM cartoon ORDER BY title ASC,NULL,1,0
What are the titles of the cartoons sorted alphabetically?,easy,SELECT Title FROM Cartoon ORDER BY title,SELECT title FROM cartoon ORDER BY title ASC,select the titles of these cartoons? 4. How can we sort the selected titles alphabetically?,1,0
"List all cartoon directed by ""Ben Jones"".",easy,"SELECT Title FROM Cartoon WHERE Directed_by = ""Ben Jones"";","SELECT c.id, c.title, c.directed_by, c.written_by, c.original_air_date, c.production_code, c.channel FROM cartoon c WHERE c.directed_by = 'Ben Jones'",SELECT c.title FROM cartoon AS c INNER JOIN tv_channel AS t ON c.channel = t.id WHERE c.directed_by = 'Ben Jones',0,1
What are the names of all cartoons directed by Ben Jones?,easy,"SELECT Title FROM Cartoon WHERE Directed_by = ""Ben Jones"";",SELECT title FROM cartoon WHERE directed_by = 'Ben Jones',SELECT T2.title FROM cartoon AS T2 WHERE T2.directed_by = 'Ben Jones',1,1
"How many cartoons were written by ""Joseph Kuhr""?",easy,"SELECT count(*) FROM Cartoon WHERE Written_by = ""Joseph Kuhr"";",SELECT COUNT(*)  FROM cartoon  WHERE written_by = 'Joseph Kuhr',SELECT COUNT(*) FROM cartoon AS T1 WHERE T1.written_by = 'Joseph Kuhr',1,1
What is the number of cartoones written by Joseph Kuhr?,easy,"SELECT count(*) FROM Cartoon WHERE Written_by = ""Joseph Kuhr"";",SELECT COUNT(*) FROM cartoon WHERE written_by = 'Joseph Kuhr',SELECT COUNT(*) FROM cartoon AS T1 INNER JOIN tv_channel AS T2 ON T1.channel = T2.id WHERE T2.country = 'USA' AND T1.written_by = 'Joseph Kuhr',1,0
list all cartoon titles and their directors ordered by their air date,medium,"SELECT title ,  Directed_by FROM Cartoon ORDER BY Original_air_date","SELECT title, directed_by FROM cartoon ORDER BY original_air_date","SELECT T3.title, T3.directed_by FROM cartoon AS T3 INNER JOIN tv_series AS T2 ON T3.channel = T2.channel WHERE T2.episode = 1 ORDER BY T2.air_date",1,0
What is the name and directors of all the cartoons that are ordered by air date?,medium,"SELECT title ,  Directed_by FROM Cartoon ORDER BY Original_air_date","SELECT title, directed_by FROM cartoon ORDER BY original_air_date",NULL,1,0
"List the title of all cartoon directed by ""Ben Jones"" or ""Brandon Vietti"".",medium,"SELECT Title FROM Cartoon WHERE Directed_by = ""Ben Jones"" OR Directed_by = ""Brandon Vietti"";","SELECT title FROM cartoon WHERE directed_by IN ('Ben Jones', 'Brandon Vietti')","SELECT c.title FROM cartoon AS c WHERE c.directed_by IN ('Ben Jones', 'Brandon Vietti')",1,1
What are the titles of all cartoons directed by Ben Jones or Brandon Vietti?,medium,"SELECT Title FROM Cartoon WHERE Directed_by = ""Ben Jones"" OR Directed_by = ""Brandon Vietti"";","SELECT title FROM cartoon WHERE directed_by IN ('Ben Jones', 'Brandon Vietti')",NULL,1,0
Which country has the most of TV Channels? List the country and number of TV Channels it has.,hard,"SELECT Country ,  count(*) FROM TV_Channel GROUP BY Country ORDER BY count(*) DESC LIMIT 1;","SELECT country, COUNT(id) AS num_channels FROM tv_channel GROUP BY country ORDER BY num_channels DESC LIMIT 1","SELECT Country, COUNT(id) AS NumberOfChannels FROM tv_channel GROUP BY Country ORDER BY NumberOfChannels DESC LIMIT 1",1,1
What is the country with the most number of TV Channels and how many does it have?,hard,"SELECT Country ,  count(*) FROM TV_Channel GROUP BY Country ORDER BY count(*) DESC LIMIT 1;","SELECT country, COUNT(id) AS num_channels FROM tv_channel GROUP BY country ORDER BY num_channels DESC LIMIT 1","SELECT T1.country, COUNT(T1.id) AS channel_count FROM tv_channel AS T1 GROUP BY T1.country ORDER BY channel_count DESC LIMIT 1",1,1
List the number of different series names and contents in the TV Channel table.,medium,"SELECT count(DISTINCT series_name) ,  count(DISTINCT content) FROM TV_Channel;","SELECT COUNT(DISTINCT series_name) AS distinct_series_names, COUNT(DISTINCT content) AS distinct_contents FROM tv_channel","SELECT COUNT(DISTINCT series_name) AS distinct_series_names, COUNT(DISTINCT content) AS distinct_contents FROM tv_channel",1,1
How many different series and contents are listed in the TV Channel table?,medium,"SELECT count(DISTINCT series_name) ,  count(DISTINCT content) FROM TV_Channel;",SELECT COUNT(DISTINCT series_name) + COUNT(DISTINCT content) AS total_series_and_contents FROM tv_channel,"SELECT COUNT(DISTINCT series_name) AS distinct_series, COUNT(DISTINCT content) AS distinct_content FROM tv_channel",0,1
"What is the content of TV Channel with serial name ""Sky Radio""?",easy,"SELECT Content FROM TV_Channel WHERE series_name = ""Sky Radio"";",SELECT content  FROM tv_channel  WHERE series_name = 'Sky Radio',SELECT T1.content FROM tv_channel AS T1 WHERE T1.series_name = 'Sky Radio',1,1
What is the content of the series Sky Radio?,easy,"SELECT Content FROM TV_Channel WHERE series_name = ""Sky Radio"";",SELECT content FROM tv_channel WHERE series_name = 'Sky Radio',SELECT T1.content FROM tv_channel AS T1 WHERE T1.series_name = 'Sky Radio',1,1
"What is the Package Option of TV Channel with serial name ""Sky Radio""?",easy,"SELECT Package_Option FROM TV_Channel WHERE series_name = ""Sky Radio"";",SELECT package_option  FROM tv_channel  WHERE series_name = 'Sky Radio',SELECT T2.package_option FROM tv_channel AS T1 INNER JOIN tv_channel AS T2 ON T1.id = T2.id WHERE T1.series_name = 'Sky Radio',1,1
What are the Package Options of the TV Channels whose series names are Sky Radio?,easy,"SELECT Package_Option FROM TV_Channel WHERE series_name = ""Sky Radio"";",SELECT package_option FROM tv_channel WHERE series_name = 'Sky Radio',SELECT DISTINCT T1.package_option FROM tv_channel AS T1 INNER JOIN tv_series AS T2 ON T1.id = T2.channel WHERE T2.series_name = 'Sky Radio',1,0
How many TV Channel using language English?,easy,"SELECT count(*) FROM TV_Channel WHERE LANGUAGE = ""English"";",SELECT COUNT(*)  FROM tv_channel  WHERE language = 'English',SELECT COUNT(DISTINCT T1.id) FROM tv_channel AS T1 WHERE T1.language = 'English',1,1
How many TV Channels use the English language?,easy,"SELECT count(*) FROM TV_Channel WHERE LANGUAGE = ""English"";",SELECT COUNT(*)  FROM tv_channel  WHERE language = 'English',SELECT COUNT(DISTINCT T1.id) FROM tv_channel AS T1 WHERE T1.language = 'English',1,1
List the language used least number of TV Channel. List language and number of TV Channel.,hard,"SELECT LANGUAGE ,  count(*) FROM TV_Channel GROUP BY LANGUAGE ORDER BY count(*) ASC LIMIT 1;","SELECT language, COUNT(*) AS num_channels FROM tv_channel GROUP BY language ORDER BY num_channels ASC LIMIT 1","SELECT T1.language, COUNT(T1.id) AS NumberOfTVChannel FROM tv_channel AS T1 GROUP BY T1.language ORDER BY NumberOfTVChannel ASC LIMIT 1",1,1
What are the languages used by the least number of TV Channels and how many channels use it?,hard,"SELECT LANGUAGE ,  count(*) FROM TV_Channel GROUP BY LANGUAGE ORDER BY count(*) ASC LIMIT 1;","SELECT language, COUNT(*) AS channel_count FROM tv_channel GROUP BY language ORDER BY channel_count ASC LIMIT 1","SELECT T1.language, COUNT(T1.id) AS channel_count FROM tv_channel AS T1 GROUP BY T1.language ORDER BY channel_count ASC LIMIT 1",1,1
List each language and the number of TV Channels using it.,medium,"SELECT LANGUAGE ,  count(*) FROM TV_Channel GROUP BY LANGUAGE","SELECT language, COUNT(id) AS number_of_channels FROM tv_channel GROUP BY language","SELECT T1.language, COUNT(T1.id) AS NumberOfChannels FROM tv_channel AS T1 GROUP BY T1.language",1,1
"For each language, list the number of TV Channels that use it.",medium,"SELECT LANGUAGE ,  count(*) FROM TV_Channel GROUP BY LANGUAGE","SELECT language, COUNT(id) AS num_channels FROM tv_channel GROUP BY language ORDER BY num_channels DESC, language","SELECT T2.language, COUNT(T1.id) AS NumberOfChannels FROM tv_channel AS T1 INNER JOIN tv_channel AS T2 ON T1.channel = T2.id GROUP BY T2.language",1,0
"What is the TV Channel that shows the cartoon ""The Rise of the Blue Beetle!""? List the TV Channel's series name.",medium,"SELECT T1.series_name FROM TV_Channel AS T1 JOIN Cartoon AS T2 ON T1.id = T2.Channel WHERE T2.Title = ""The Rise of the Blue Beetle!"";",SELECT tc.series_name FROM tv_channel tc JOIN cartoon c ON tc.id = c.channel WHERE c.title = ',SELECT T2.series_name FROM tv_channel AS T1 INNER JOIN cartoon AS T2 ON T1.id = T2.channel WHERE T2.title = ',0,0
"What is the series name of the TV Channel that shows the cartoon ""The Rise of the Blue Beetle""?",medium,"SELECT T1.series_name FROM TV_Channel AS T1 JOIN Cartoon AS T2 ON T1.id = T2.Channel WHERE T2.Title = ""The Rise of the Blue Beetle!"";",SELECT tv_channel.series_name FROM tv_channel JOIN cartoon ON tv_channel.id = cartoon.channel WHERE cartoon.title = ',SELECT T2.series_name FROM tv_channel AS T1 INNER JOIN cartoon AS T2 ON T1.id = T2.channel WHERE T2.title = ',0,0
"List the title of all  Cartoons showed on TV Channel with series name ""Sky Radio"".",medium,"SELECT T2.Title FROM TV_Channel AS T1 JOIN Cartoon AS T2 ON T1.id = T2.Channel WHERE T1.series_name = ""Sky Radio"";",SELECT cartoon.title FROM cartoon INNER JOIN tv_channel ON cartoon.channel = tv_channel.id WHERE tv_channel.series_name = 'Sky Radio',SELECT T2.title FROM cartoon AS T2 INNER JOIN tv_channel AS T1 ON T2.channel = T1.id WHERE T1.series_name = 'Sky Radio',1,1
"What is the title of all the cartools that are on the TV Channel with the series name ""Sky Radio""?",medium,"SELECT T2.Title FROM TV_Channel AS T1 JOIN Cartoon AS T2 ON T1.id = T2.Channel WHERE T1.series_name = ""Sky Radio"";",SELECT cartoon.title FROM cartoon JOIN tv_channel ON cartoon.channel = tv_channel.id WHERE tv_channel.series_name = 'Sky Radio',SELECT T2.title FROM cartoon AS T1 INNER JOIN tv_channel AS T2 ON T1.channel = T2.id WHERE T2.series_name = 'Sky Radio',1,0
List the Episode of all TV series sorted by rating.,easy,SELECT Episode FROM TV_series ORDER BY rating,"SELECT episode, rating FROM tv_series ORDER BY rating","SELECT ts.episode, ts.air_date, ts.rating, ts.share, ts.18_49_rating_share, ts.viewers_m, ts.weekly_rank, ts.channel FROM tv_series AS ts ORDER BY ts.rating DESC",0,0
What are all of the episodes ordered by ratings?,easy,SELECT Episode FROM TV_series ORDER BY rating,"SELECT episode, rating FROM tv_series ORDER BY rating","SELECT T2.episode, T2.air_date, T2.rating, T2.share, T2.18_49_rating_share, T2.viewers_m, T2.weekly_rank FROM tv_series AS T1 INNER JOIN tv_channel AS T2 ON T1.channel = T2.id ORDER BY T2.rating DESC",0,0
List top 3 highest Rating  TV series. List the TV series's Episode and Rating.,medium,"SELECT Episode ,  Rating FROM TV_series ORDER BY Rating DESC LIMIT 3;","SELECT episode, rating FROM tv_series ORDER BY rating DESC LIMIT 3","SELECT T2.episode, T2.rating FROM tv_series AS T2 ORDER BY T2.rating DESC LIMIT 3",1,1
What are 3 most highly rated episodes in the TV series table and what were those ratings?,medium,"SELECT Episode ,  Rating FROM TV_series ORDER BY Rating DESC LIMIT 3;","SELECT episode, rating FROM tv_series ORDER BY rating DESC LIMIT 3","SELECT T2.episode, T2.rating FROM tv_series AS T2 ORDER BY T2.rating DESC LIMIT 3",1,1
What is minimum and maximum share of TV series?,medium,"SELECT max(SHARE) , min(SHARE) FROM TV_series;","SELECT MIN(share) AS min_share, MAX(share) AS max_share FROM tv_series","SELECT MIN(T2.share) AS MinShare, MAX(T2.share) AS MaxShare FROM tv_series AS T2",0,0
What is the maximum and minimum share for the TV series?,medium,"SELECT max(SHARE) , min(SHARE) FROM TV_series;","SELECT MAX(share) AS Max_Share, MIN(share) AS Min_Share FROM tv_series","SELECT MAX(T2.share) AS MaxShare, MIN(T2.share) AS MinShare FROM tv_series AS T2",1,1
"What is the air date of TV series with Episode ""A Love of a Lifetime""?",easy,"SELECT Air_Date FROM TV_series WHERE Episode = ""A Love of a Lifetime"";",SELECT air_date  FROM tv_series  WHERE episode = 'A Love of a Lifetime',SELECT T2.air_date FROM tv_series AS T1 INNER JOIN tv_channel AS T2 ON T1.channel = T2.id WHERE T1.episode = 'A Love of a Lifetime',1,0
"When did the episode ""A Love of a Lifetime"" air?",easy,"SELECT Air_Date FROM TV_series WHERE Episode = ""A Love of a Lifetime"";",SELECT air_date FROM tv_series WHERE episode = 'A Love of a Lifetime',SELECT ts.air_date FROM tv_series ts INNER JOIN tv_channel tc ON ts.channel = tc.id WHERE ts.episode = 'A Love of a Lifetime',1,1
"What is Weekly Rank of TV series with Episode ""A Love of a Lifetime""?",easy,"SELECT Weekly_Rank FROM TV_series WHERE Episode = ""A Love of a Lifetime"";",SELECT weekly_rank  FROM tv_series  WHERE episode = 'A Love of a Lifetime',SELECT T2.weekly_rank FROM tv_series AS T1 INNER JOIN tv_channel AS T2 ON T1.channel = T2.id WHERE T1.episode = 'A Love of a Lifetime',1,0
"What is the weekly rank for the episode ""A Love of a Lifetime""?",easy,"SELECT Weekly_Rank FROM TV_series WHERE Episode = ""A Love of a Lifetime"";",SELECT weekly_rank  FROM tv_series  WHERE episode = 'A Love of a Lifetime',SELECT T2.weekly_rank FROM tv_series AS T1 INNER JOIN tv_channel AS T2 ON T1.channel = T2.id WHERE T2.series_name = 'A Love of a Lifetime',1,0
"What is the TV Channel of TV series with Episode ""A Love of a Lifetime""? List the TV Channel's series name.",medium,"SELECT T1.series_name FROM TV_Channel AS T1 JOIN TV_series AS T2 ON T1.id = T2.Channel WHERE T2.Episode = ""A Love of a Lifetime"";",SELECT tv_channel.series_name FROM tv_channel JOIN tv_series ON tv_channel.id = tv_series.channel WHERE tv_series.episode = 'A Love of a Lifetime',"SELECT T2.series_name, T1.channel FROM tv_series AS T1 INNER JOIN tv_channel AS T2 ON T1.channel = T2.id WHERE T1.episode = 'A Love of a Lifetime'",1,0
"What is the name of the series that has the episode ""A Love of a Lifetime""?",medium,"SELECT T1.series_name FROM TV_Channel AS T1 JOIN TV_series AS T2 ON T1.id = T2.Channel WHERE T2.Episode = ""A Love of a Lifetime"";",SELECT series_name FROM tv_channel JOIN tv_series ON tv_channel.id = tv_series.channel WHERE tv_series.episode = 'A Love of a Lifetime',SELECT T2.series_name FROM tv_series AS T1 INNER JOIN tv_channel AS T2 ON T1.channel = T2.id WHERE T1.episode = 'A Love of a Lifetime',1,1
"List the Episode of all  TV series showed on TV Channel with series name ""Sky Radio"".",medium,"SELECT T2.Episode FROM TV_Channel AS T1 JOIN TV_series AS T2 ON T1.id = T2.Channel WHERE T1.series_name = ""Sky Radio"";",SELECT ts.episode FROM tv_series ts JOIN tv_channel tc ON ts.channel = tc.id WHERE tc.series_name = 'Sky Radio',SELECT T2.episode FROM tv_series AS T1 INNER JOIN tv_channel AS T2 ON T1.channel = T2.id WHERE T2.series_name = 'Sky Radio',1,0
"What is the episode for the TV series named ""Sky Radio""?",medium,"SELECT T2.Episode FROM TV_Channel AS T1 JOIN TV_series AS T2 ON T1.id = T2.Channel WHERE T1.series_name = ""Sky Radio"";",SELECT episode FROM tv_series WHERE series_name = 'Sky Radio',SELECT T2.episode FROM tv_series AS T1 INNER JOIN tv_channel AS T2 ON T1.channel = T2.id WHERE T2.series_name = 'Sky Radio',0,0
Find the number of cartoons directed by each of the listed directors.,medium,"SELECT count(*) ,  Directed_by FROM cartoon GROUP BY Directed_by","SELECT directed_by, COUNT(*) AS number_of_cartoons FROM cartoon GROUP BY directed_by",NULL,0,0
How many cartoons did each director create?,medium,"SELECT count(*) ,  Directed_by FROM cartoon GROUP BY Directed_by","SELECT directed_by, COUNT(*) AS number_of_cartoons FROM cartoon GROUP BY directed_by ORDER BY number_of_cartoons DESC","SELECT T1.directed_by, COUNT(T1.id) AS total_cartoons FROM cartoon AS T1 GROUP BY T1.directed_by",0,0
Find the production code and channel of the most recently aired cartoon .,medium,"select production_code ,  channel from cartoon order by original_air_date desc limit 1","SELECT production_code, channel FROM cartoon ORDER BY air_date DESC LIMIT 1","SELECT T3.production_code, T3.channel FROM tv_series AS T1 INNER JOIN cartoon AS T3 ON T1.channel = T3.channel ORDER BY T1.air_date DESC LIMIT 1",0,0
What is the produdction code and channel of the most recent cartoon ?,medium,"select production_code ,  channel from cartoon order by original_air_date desc limit 1","SELECT production_code, channel FROM cartoon ORDER BY original_air_date DESC LIMIT 1",NULL,1,0
Find the package choice and series name of the TV channel that has high definition TV.,medium,"SELECT package_option ,  series_name FROM TV_Channel WHERE hight_definition_TV  =  ""yes""","SELECT package_option, series_name FROM tv_channel WHERE hight_definition_tv = 'Yes'","SELECT T1.package_option, T2.series_name FROM tv_channel AS T1 INNER JOIN tv_series AS T2 ON T1.id = T2.channel WHERE T1.hight_definition_tv = 'Yes'",0,0
What are the package options and the name of the series for the TV Channel that supports high definition TV?,medium,"SELECT package_option ,  series_name FROM TV_Channel WHERE hight_definition_TV  =  ""yes""","SELECT package_option, series_name FROM tv_channel WHERE hight_definition_tv = 'Yes'","SELECT T1.package_option, T2.series_name FROM tv_channel AS T1 INNER JOIN tv_series AS T2 ON T1.id = T2.channel WHERE T1.hight_definition_tv = 'Yes'",0,0
which countries' tv channels are playing some cartoon written by Todd Casey?,medium,SELECT T1.country FROM TV_Channel AS T1 JOIN cartoon AS T2 ON T1.id = T2.Channel WHERE T2.written_by  =  'Todd Casey',SELECT DISTINCT country FROM tv_channel WHERE content = 'cartoon' AND channel IN (     SELECT id     FROM cartoon     WHERE written_by = 'Todd Casey' ),SELECT DISTINCT T1.country FROM tv_channel AS T1 INNER JOIN cartoon AS T2 ON T1.id = T2.channel WHERE T2.written_by = 'Todd Casey',0,1
What are the countries that have cartoons on TV that were written by Todd Casey?,medium,SELECT T1.country FROM TV_Channel AS T1 JOIN cartoon AS T2 ON T1.id = T2.Channel WHERE T2.written_by  =  'Todd Casey',SELECT DISTINCT country FROM tv_channel JOIN cartoon ON tv_channel.id = cartoon.channel WHERE written_by = 'Todd Casey',SELECT DISTINCT T1.country FROM tv_channel AS T2 INNER JOIN cartoon AS T1 ON T2.id = T1.channel WHERE T1.written_by = 'Todd Casey',1,0
which countries' tv channels are not playing any cartoon written by Todd Casey?,hard,SELECT country FROM TV_Channel EXCEPT SELECT T1.country FROM TV_Channel AS T1 JOIN cartoon AS T2 ON T1.id = T2.Channel WHERE T2.written_by  =  'Todd Casey',SELECT DISTINCT country FROM tv_channel WHERE content = 'cartoon' AND package_option = 'none' AND id NOT IN (     SELECT channel     FROM cartoon     WHERE written_by = 'Todd Casey' ),SELECT DISTINCT T1.country FROM tv_channel AS T1 INNER JOIN cartoon AS T2 ON T1.id = T2.channel WHERE T2.written_by = 'Todd Casey' AND T2.channel NOT IN (SELECT channel FROM cartoon WHERE written_by = 'Todd Casey'),0,0
What are the countries that are not playing cartoons written by Todd Casey?,hard,SELECT country FROM TV_Channel EXCEPT SELECT T1.country FROM TV_Channel AS T1 JOIN cartoon AS T2 ON T1.id = T2.Channel WHERE T2.written_by  =  'Todd Casey',SELECT DISTINCT country FROM tv_channel WHERE content = 'cartoon' AND package_option = 'Todd Casey',SELECT DISTINCT T1.country FROM tv_channel AS T1 INNER JOIN cartoon AS T2 ON T1.id = T2.channel WHERE T2.written_by = 'Todd Casey',0,0
Find the series name and country of the tv channel that is playing some cartoons directed by Ben Jones and Michael Chang?,extra,"SELECT T1.series_name ,  T1.country FROM TV_Channel AS T1 JOIN cartoon AS T2 ON T1.id = T2.Channel WHERE T2.directed_by  =  'Michael Chang' INTERSECT SELECT T1.series_name ,  T1.country FROM TV_Channel AS T1 JOIN cartoon AS T2 ON T1.id = T2.Channel WHERE T2.directed_by  =  'Ben Jones'","SELECT tc.series_name, tc.country FROM tv_channel tc JOIN cartoon c ON tc.id = c.channel WHERE c.directed_by IN ('Ben Jones', 'Michael Chang')",NULL,0,0
What is the series name and country of all TV channels that are playing cartoons directed by Ben Jones and cartoons directed by Michael Chang?,extra,"SELECT T1.series_name ,  T1.country FROM TV_Channel AS T1 JOIN cartoon AS T2 ON T1.id = T2.Channel WHERE T2.directed_by  =  'Michael Chang' INTERSECT SELECT T1.series_name ,  T1.country FROM TV_Channel AS T1 JOIN cartoon AS T2 ON T1.id = T2.Channel WHERE T2.directed_by  =  'Ben Jones'","SELECT DISTINCT t1.series_name, t1.country FROM tv_channel t1 JOIN cartoon t2 ON t1.id = t2.channel WHERE t2.directed_by IN ('Ben Jones', 'Michael Chang')","SELECT DISTINCT T1.series_name, T1.country FROM tv_channel AS T1 INNER JOIN cartoon AS T2 ON T1.id = T2.channel WHERE T2.directed_by IN ('Ben Jones', 'Michael Chang')",0,0
find the pixel aspect ratio and nation of the tv channels that do not use English.,medium,"SELECT Pixel_aspect_ratio_PAR ,  country FROM tv_channel WHERE LANGUAGE != 'English'","SELECT pixel_aspect_ratio_par, country FROM tv_channel WHERE language != 'English'","SELECT pixel_aspect_ratio_par, country FROM tv_channel WHERE language != 'English'",1,1
What is the pixel aspect ratio and country of origin for all TV channels that do not use English?,medium,"SELECT Pixel_aspect_ratio_PAR ,  country FROM tv_channel WHERE LANGUAGE != 'English'","SELECT pixel_aspect_ratio_par, country FROM tv_channel WHERE language != 'English'","SELECT pixel_aspect_ratio_par, country FROM tv_channel WHERE language != 'English'",1,1
find id of the tv channels that from the countries where have more than two tv channels.,easy,SELECT id FROM tv_channel GROUP BY country HAVING count(*)  >  2,SELECT id FROM tv_channel WHERE country IN (     SELECT country     FROM tv_channel     GROUP BY country     HAVING COUNT(*) > 2 ),NULL,0,0
What are the ids of all tv channels that have more than 2 TV channels?,easy,SELECT id FROM tv_channel GROUP BY country HAVING count(*)  >  2,SELECT id FROM tv_channel GROUP BY id HAVING COUNT(*) > 2,NULL,0,0
find the id of tv channels that do not play any cartoon directed by Ben Jones.,hard,SELECT id FROM TV_Channel EXCEPT SELECT channel FROM cartoon WHERE directed_by  =  'Ben Jones',SELECT tv_channel.id FROM tv_channel LEFT JOIN cartoon ON tv_channel.id = cartoon.channel WHERE cartoon.directed_by != 'Ben Jones' OR cartoon.directed_by IS NULL,SELECT T1.id FROM tv_channel AS T1 LEFT JOIN cartoon AS T2 ON T1.id = T2.channel WHERE T2.directed_by != 'Ben Jones',0,0
What are the ids of the TV channels that do not have any cartoons directed by Ben Jones?,hard,SELECT id FROM TV_Channel EXCEPT SELECT channel FROM cartoon WHERE directed_by  =  'Ben Jones',SELECT tv_channel.id FROM tv_channel WHERE NOT EXISTS (     SELECT 1     FROM cartoon     WHERE cartoon.directed_by = 'Ben Jones' AND cartoon.channel = tv_channel.id ),SELECT T1.id FROM tv_channel AS T1 LEFT JOIN cartoon AS T2 ON T1.id = T2.channel WHERE T2.directed_by != 'Ben Jones' OR T2.directed_by IS NULL,1,0
find the package option of the tv channel that do not have any cartoon directed by Ben Jones.,hard,SELECT package_option FROM TV_Channel WHERE id NOT IN (SELECT channel FROM cartoon WHERE directed_by  =  'Ben Jones'),SELECT DISTINCT t.package_option FROM tv_channel t LEFT JOIN cartoon c ON t.id = c.channel WHERE c.directed_by != 'Ben Jones' OR c.directed_by IS NULL,SELECT DISTINCT T1.package_option FROM tv_channel AS T1 LEFT JOIN cartoon AS T2 ON T1.id = T2.channel WHERE T2.directed_by != 'Ben Jones',1,0
What are the package options of all tv channels that are not playing any cartoons directed by Ben Jones?,hard,SELECT package_option FROM TV_Channel WHERE id NOT IN (SELECT channel FROM cartoon WHERE directed_by  =  'Ben Jones'),SELECT DISTINCT package_option FROM tv_channel WHERE id NOT IN (     SELECT channel     FROM cartoon     WHERE directed_by = 'Ben Jones' ),SELECT DISTINCT T1.package_option FROM tv_channel AS T1 LEFT JOIN cartoon AS T2 ON T1.id = T2.channel WHERE T2.directed_by != 'Ben Jones' OR T2.directed_by IS NULL,1,1
How many poker players are there?,easy,SELECT count(*) FROM poker_player,SELECT COUNT(*) FROM poker_player,SELECT COUNT(*) FROM poker_player,1,1
Count the number of poker players.,easy,SELECT count(*) FROM poker_player,SELECT COUNT(*) FROM poker_player,SELECT COUNT(*) FROM poker_player,1,1
List the earnings of poker players in descending order.,easy,SELECT Earnings FROM poker_player ORDER BY Earnings DESC,SELECT earnings FROM poker_player ORDER BY earnings DESC,SELECT earnings FROM poker_player ORDER BY earnings DESC,1,1
"What are the earnings of poker players, ordered descending by value?",easy,SELECT Earnings FROM poker_player ORDER BY Earnings DESC,SELECT earnings FROM poker_player ORDER BY earnings DESC,SELECT p.earnings FROM poker_player AS p ORDER BY p.earnings DESC,1,1
List the final tables made and the best finishes of poker players.,medium,"SELECT Final_Table_Made ,  Best_Finish FROM poker_player","SELECT final_table_made, best_finish FROM poker_player","SELECT T1.final_table_made, T1.best_finish FROM poker_player AS T1",1,1
What are the final tables made and best finishes for all poker players?,medium,"SELECT Final_Table_Made ,  Best_Finish FROM poker_player","SELECT final_table_made, best_finish FROM poker_player",NULL,1,0
What is the average earnings of poker players?,easy,SELECT avg(Earnings) FROM poker_player,SELECT AVG(earnings) AS average_earnings FROM poker_player,NULL,1,0
Return the average earnings across all poker players.,easy,SELECT avg(Earnings) FROM poker_player,SELECT AVG(earnings) FROM poker_player,SELECT AVG(T1.earnings) FROM poker_player AS T1,1,1
What is the money rank of the poker player with the highest earnings?,medium,SELECT Money_Rank FROM poker_player ORDER BY Earnings DESC LIMIT 1,SELECT money_rank FROM poker_player WHERE earnings = (SELECT MAX(earnings) FROM poker_player),NULL,1,0
Return the money rank of the player with the greatest earnings.,medium,SELECT Money_Rank FROM poker_player ORDER BY Earnings DESC LIMIT 1,SELECT money_rank FROM poker_player ORDER BY earnings DESC LIMIT 1,NULL,1,0
What is the maximum number of final tables made among poker players with earnings less than 200000?,easy,SELECT max(Final_Table_Made) FROM poker_player WHERE Earnings  <  200000,SELECT MAX(final_table_made) FROM poker_player WHERE earnings < 200000,SELECT MAX(T1.final_table_made) FROM poker_player AS T1 INNER JOIN people AS T2 ON T1.people_id = T2.people_id WHERE T1.earnings < 200000,1,1
Return the maximum final tables made across all poker players who have earnings below 200000.,easy,SELECT max(Final_Table_Made) FROM poker_player WHERE Earnings  <  200000,SELECT MAX(final_table_made) AS max_final_tables FROM poker_player WHERE earnings < 200000,SELECT MAX(T1.final_table_made) FROM poker_player AS T1 INNER JOIN people AS T2 ON T1.people_id = T2.people_id WHERE T2.earnings < 200000,1,0
What are the names of poker players?,easy,SELECT T1.Name FROM people AS T1 JOIN poker_player AS T2 ON T1.People_ID  =  T2.People_ID,SELECT people.name FROM people JOIN poker_player ON people.people_id = poker_player.people_id,SELECT p.name FROM poker_player AS p INNER JOIN people AS pe ON p.people_id = pe.people_id,1,0
Return the names of all the poker players.,easy,SELECT T1.Name FROM people AS T1 JOIN poker_player AS T2 ON T1.People_ID  =  T2.People_ID,SELECT people.name FROM people JOIN poker_player ON people.people_id = poker_player.people_id,SELECT p.name FROM poker_player AS p INNER JOIN people AS pe ON p.people_id = pe.people_id,1,0
What are the names of poker players whose earnings is higher than 300000?,medium,SELECT T1.Name FROM people AS T1 JOIN poker_player AS T2 ON T1.People_ID  =  T2.People_ID WHERE T2.Earnings  >  300000,SELECT people.name FROM people JOIN poker_player ON people.people_id = poker_player.people_id WHERE poker_player.earnings > 300000,NULL,1,0
Give the names of poker players who have earnings above 300000.,medium,SELECT T1.Name FROM people AS T1 JOIN poker_player AS T2 ON T1.People_ID  =  T2.People_ID WHERE T2.Earnings  >  300000,SELECT people.name FROM people JOIN poker_player ON people.people_id = poker_player.people_id WHERE poker_player.earnings > 300000,SELECT p.name FROM poker_player AS p INNER JOIN people AS pe ON p.people_id = pe.people_id WHERE p.earnings > 300000,1,0
List the names of poker players ordered by the final tables made in ascending order.,medium,SELECT T1.Name FROM people AS T1 JOIN poker_player AS T2 ON T1.People_ID  =  T2.People_ID ORDER BY T2.Final_Table_Made,SELECT people.name FROM people JOIN poker_player ON people.people_id = poker_player.people_id ORDER BY poker_player.final_table_made ASC,SELECT P.name FROM poker_player AS P INNER JOIN people AS PE ON P.people_id = PE.people_id ORDER BY P.final_table_made ASC,1,0
"What are the names of poker players, ordered ascending by the number of final tables they have made?",medium,SELECT T1.Name FROM people AS T1 JOIN poker_player AS T2 ON T1.People_ID  =  T2.People_ID ORDER BY T2.Final_Table_Made,SELECT people.name FROM people JOIN poker_player ON people.people_id = poker_player.people_id ORDER BY poker_player.final_table_made ASC,NULL,1,0
What is the birth date of the poker player with the lowest earnings?,hard,SELECT T1.Birth_Date FROM people AS T1 JOIN poker_player AS T2 ON T1.People_ID  =  T2.People_ID ORDER BY T2.Earnings ASC LIMIT 1,SELECT p.birth_date FROM poker_player AS p ORDER BY p.earnings ASC LIMIT 1,SELECT P2.birth_date FROM poker_player AS P1 INNER JOIN people AS P2 ON P1.people_id = P2.people_id ORDER BY P1.earnings ASC LIMIT 1,0,1
Return the birth date of the poker player with the lowest earnings.,hard,SELECT T1.Birth_Date FROM people AS T1 JOIN poker_player AS T2 ON T1.People_ID  =  T2.People_ID ORDER BY T2.Earnings ASC LIMIT 1,SELECT p.birth_date FROM poker_player p ORDER BY p.earnings ASC LIMIT 1,SELECT P2.birth_date FROM poker_player AS P1 INNER JOIN people AS P2 ON P1.people_id = P2.people_id ORDER BY P1.earnings ASC LIMIT 1,0,1
What is the money rank of the tallest poker player?,hard,SELECT T2.Money_Rank FROM people AS T1 JOIN poker_player AS T2 ON T1.People_ID  =  T2.People_ID ORDER BY T1.Height DESC LIMIT 1,SELECT p.money_rank FROM poker_player p JOIN people pe ON p.people_id = pe.people_id WHERE pe.height = (SELECT MAX(height) FROM people),NULL,1,0
Return the money rank of the poker player with the greatest height.,hard,SELECT T2.Money_Rank FROM people AS T1 JOIN poker_player AS T2 ON T1.People_ID  =  T2.People_ID ORDER BY T1.Height DESC LIMIT 1,SELECT p.money_rank FROM poker_player p JOIN people pe ON p.people_id = pe.people_id ORDER BY pe.height DESC LIMIT 1,NULL,1,0
What is the average earnings of poker players with height higher than 200?,medium,SELECT avg(T2.Earnings) FROM people AS T1 JOIN poker_player AS T2 ON T1.People_ID  =  T2.People_ID WHERE T1.Height  >  200,SELECT AVG(earnings) AS average_earnings FROM poker_player WHERE height > 200,NULL,0,0
Give average earnings of poker players who are taller than 200.,medium,SELECT avg(T2.Earnings) FROM people AS T1 JOIN poker_player AS T2 ON T1.People_ID  =  T2.People_ID WHERE T1.Height  >  200,SELECT AVG(earnings) AS average_earnings FROM poker_player WHERE height > 200,SELECT AVG(T1.earnings) FROM poker_player AS T1 INNER JOIN people AS T2 ON T1.people_id = T2.people_id WHERE T2.height > 200,0,1
What are the names of poker players in descending order of earnings?,medium,SELECT T1.Name FROM people AS T1 JOIN poker_player AS T2 ON T1.People_ID  =  T2.People_ID ORDER BY T2.Earnings DESC,SELECT people.name FROM people JOIN poker_player ON people.people_id = poker_player.people_id ORDER BY poker_player.earnings DESC,SELECT T2.name FROM poker_player AS T1 INNER JOIN people AS T2 ON T1.people_id = T2.people_id ORDER BY T1.earnings DESC,1,1
Return the names of poker players sorted by their earnings descending.,medium,SELECT T1.Name FROM people AS T1 JOIN poker_player AS T2 ON T1.People_ID  =  T2.People_ID ORDER BY T2.Earnings DESC,SELECT people.name FROM poker_player JOIN people ON poker_player.people_id = people.people_id ORDER BY poker_player.earnings DESC,SELECT T2.name FROM poker_player AS T1 INNER JOIN people AS T2 ON T1.people_id = T2.people_id ORDER BY T1.earnings DESC,1,1
What are different nationalities of people and the corresponding number of people from each nation?,medium,"SELECT Nationality ,  COUNT(*) FROM people GROUP BY Nationality","SELECT nationality, COUNT(*) AS number_of_people FROM people GROUP BY nationality ORDER BY number_of_people DESC","SELECT P.nationality, COUNT(PP.people_id) AS number_of_people FROM people AS P INNER JOIN poker_player AS PP ON P.people_id = PP.people_id GROUP BY P.nationality",1,0
How many people are there of each nationality?,medium,"SELECT Nationality ,  COUNT(*) FROM people GROUP BY Nationality","SELECT nationality, COUNT(*) AS people_count FROM people GROUP BY nationality ORDER BY people_count DESC","SELECT P.nationality, COUNT(PP.people_id) AS number_of_people FROM people AS P INNER JOIN poker_player AS PP ON P.people_id = PP.people_id GROUP BY P.nationality",1,0
What is the most common nationality of people?,hard,SELECT Nationality FROM people GROUP BY Nationality ORDER BY COUNT(*) DESC LIMIT 1,"SELECT nationality, COUNT(*) AS count FROM people GROUP BY nationality ORDER BY count DESC LIMIT 1","SELECT P.nationality, COUNT(*) AS count FROM people AS P GROUP BY P.nationality ORDER BY count DESC LIMIT 1",0,0
Give the nationality that is most common across all people.,hard,SELECT Nationality FROM people GROUP BY Nationality ORDER BY COUNT(*) DESC LIMIT 1,"SELECT nationality, COUNT(*) AS count FROM people GROUP BY nationality ORDER BY count DESC LIMIT 1",SELECT nationality FROM people GROUP BY nationality ORDER BY COUNT(*) DESC LIMIT 1,0,1
What are the nationalities that are shared by at least two people?,easy,SELECT Nationality FROM people GROUP BY Nationality HAVING COUNT(*)  >=  2,SELECT nationality FROM people GROUP BY nationality HAVING COUNT(people_id) >= 2,SELECT P.nationality FROM people AS P GROUP BY P.nationality HAVING COUNT(P.people_id) >= 2,1,1
Return the nationalities for which there are two or more people.,easy,SELECT Nationality FROM people GROUP BY Nationality HAVING COUNT(*)  >=  2,SELECT nationality FROM people GROUP BY nationality HAVING COUNT(people_id) >= 2,SELECT p.nationality FROM people AS p GROUP BY p.nationality HAVING COUNT(p.people_id) >= 2,1,1
List the names and birth dates of people in ascending alphabetical order of name.,medium,"SELECT Name ,  Birth_Date FROM people ORDER BY Name ASC","SELECT people.name, people.birth_date  FROM people  ORDER BY people.name ASC","SELECT p.name, p.birth_date FROM people AS p ORDER BY p.name ASC",1,1
"What are the names and birth dates of people, ordered by their names in alphabetical order?",medium,"SELECT Name ,  Birth_Date FROM people ORDER BY Name ASC","SELECT people.name, people.birth_date FROM people ORDER BY people.name ASC","SELECT p.name, p.birth_date FROM people AS p ORDER BY p.name ASC",1,1
"Show names of people whose nationality is not ""Russia"".",easy,"SELECT Name FROM people WHERE Nationality != ""Russia""",SELECT people.name FROM people WHERE people.nationality != 'Russia',SELECT p.name FROM people AS p WHERE p.nationality != 'Russia',1,1
What are the names of people who are not from Russia?,easy,"SELECT Name FROM people WHERE Nationality != ""Russia""",SELECT people.name FROM people WHERE people.nationality != 'Russia',SELECT p.name FROM people AS p WHERE p.nationality != 'Russia',1,1
List the names of people that are not poker players.,hard,SELECT Name FROM people WHERE People_ID NOT IN (SELECT People_ID FROM poker_player),SELECT people.name FROM people WHERE people.people_id NOT IN (SELECT poker_player.people_id FROM poker_player),SELECT p.name FROM people AS p LEFT JOIN poker_player AS pp ON p.people_id = pp.people_id WHERE pp.poker_player_id IS NULL,1,1
What are the names of people who do not play poker?,hard,SELECT Name FROM people WHERE People_ID NOT IN (SELECT People_ID FROM poker_player),SELECT people.name FROM people WHERE people.people_id NOT IN (   SELECT poker_player.people_id   FROM poker_player ),SELECT p.name FROM people AS p LEFT JOIN poker_player AS pp ON p.people_id = pp.people_id WHERE pp.poker_player_id IS NULL,1,1
How many distinct nationalities are there?,easy,SELECT count(DISTINCT Nationality) FROM people,SELECT COUNT(DISTINCT nationality) FROM people,SELECT COUNT(DISTINCT nationality) FROM people,1,1
Count the number of different nationalities.,easy,SELECT count(DISTINCT Nationality) FROM people,SELECT COUNT(DISTINCT nationality) AS distinct_nationalities FROM people,SELECT COUNT(DISTINCT nationality) FROM people,1,1
How many states are there?,easy,SELECT count(*) FROM area_code_state,SELECT COUNT(DISTINCT state) FROM area_code_state,SELECT COUNT(DISTINCT state) FROM votes,0,0
"List the contestant numbers and names, ordered by contestant name descending.",medium,"SELECT contestant_number ,  contestant_name FROM contestants ORDER BY contestant_name DESC","SELECT contestants.contestant_number, contestants.contestant_name FROM contestants ORDER BY contestants.contestant_name DESC","SELECT T2.contestant_number, T2.contestant_name FROM contestants AS T2 ORDER BY T2.contestant_name DESC",1,1
"List the vote ids, phone numbers and states of all votes.",medium,"SELECT vote_id ,  phone_number ,  state FROM votes","SELECT vote_id, phone_number, state FROM votes","SELECT V.vote_id, V.phone_number, V.state FROM votes AS V",1,1
What are the maximum and minimum values of area codes?,medium,"SELECT max(area_code) ,  min(area_code) FROM area_code_state","SELECT MAX(area_code) AS max_area_code, MIN(area_code) AS min_area_code FROM area_code_state","SELECT MAX(area_code) AS MaxAreaCode, MIN(area_code) AS MinAreaCode FROM area_code_state",1,1
What is last date created of votes from the state 'CA'?,easy,SELECT max(created) FROM votes WHERE state  =  'CA',SELECT MAX(created) AS last_date_created FROM votes WHERE state = 'CA',SELECT MAX(created) FROM votes WHERE state = 'CA',1,1
What are the names of the contestants whose names are not 'Jessie Alloway',easy,SELECT contestant_name FROM contestants WHERE contestant_name != 'Jessie Alloway',SELECT contestant_name FROM contestants WHERE contestant_name != 'Jessie Alloway',SELECT T2.contestant_name FROM votes AS T1 INNER JOIN contestants AS T2 ON T1.contestant_number = T2.contestant_number WHERE T2.contestant_name != 'Jessie Alloway',1,0
What are the distinct states and create time of all votes?,medium,"SELECT DISTINCT state ,  created FROM votes","SELECT DISTINCT state, created FROM votes","SELECT DISTINCT T1.state, T3.created FROM votes AS T1 INNER JOIN area_code_state AS T2 ON T1.state = T2.state INNER JOIN votes AS T3 ON T1.vote_id = T3.vote_id",1,0
What are the contestant numbers and names of the contestants who had at least two votes?,medium,"SELECT T1.contestant_number , T1.contestant_name FROM contestants AS T1 JOIN votes AS T2 ON T1.contestant_number  =  T2.contestant_number GROUP BY T1.contestant_number HAVING count(*)  >=  2","SELECT c.contestant_number, c.contestant_name FROM contestants c JOIN votes v ON c.contestant_number = v.contestant_number GROUP BY c.contestant_number, c.contestant_name HAVING COUNT(v.vote_id) >= 2",NULL,1,0
"Of all the contestants who got voted, what is the contestant number and name of the contestant who got least votes?",extra,"SELECT T1.contestant_number , T1.contestant_name FROM contestants AS T1 JOIN votes AS T2 ON T1.contestant_number  =  T2.contestant_number GROUP BY T1.contestant_number ORDER BY count(*) ASC LIMIT 1","SELECT c.contestant_number, c.contestant_name FROM contestants c JOIN votes v ON c.contestant_number = v.contestant_number ORDER BY v.vote_id ASC LIMIT 1","SELECT T2.contestant_number, T2.contestant_name FROM votes AS T1 INNER JOIN contestants AS T2 ON T1.contestant_number = T2.contestant_number GROUP BY T2.contestant_number ORDER BY COUNT(T1.vote_id) ASC LIMIT 1",1,1
What are the number of votes from state 'NY' or 'CA'?,medium,SELECT count(*) FROM votes WHERE state  =  'NY' OR state  =  'CA',"SELECT SUM(v.vote_id) AS total_votes FROM votes v WHERE v.state IN ('NY', 'CA')","SELECT COUNT(V.vote_id) FROM votes AS V WHERE V.state IN ('NY', 'CA')",0,1
How many contestants did not get voted?,extra,SELECT count(*) FROM contestants WHERE contestant_number NOT IN ( SELECT contestant_number FROM votes ),SELECT COUNT(*) FROM contestants WHERE contestants.contestant_number NOT IN (SELECT contestants.contestant_number FROM votes),SELECT COUNT(T2.contestant_number) FROM contestants AS T1 LEFT JOIN votes AS T2 ON T1.contestant_number = T2.contestant_number WHERE T2.contestant_number IS NULL,0,0
What is the area code in which the most voters voted?,extra,SELECT T1.area_code FROM area_code_state AS T1 JOIN votes AS T2 ON T1.state  =  T2.state GROUP BY T1.area_code ORDER BY count(*) DESC LIMIT 1,SELECT area_code FROM area_code_state WHERE state IN (     SELECT state     FROM votes     GROUP BY state     ORDER BY COUNT(*) DESC     LIMIT 1 ),"SELECT T1.area_code, COUNT(T1.area_code) AS vote_count FROM votes AS T2 INNER JOIN area_code_state AS T1 ON T2.state = T1.state GROUP BY T1.area_code ORDER BY vote_count DESC LIMIT 1",0,0
"What are the create dates, states, and phone numbers of the votes that were for the contestant named 'Tabatha Gehling'?",medium,"SELECT T2.created ,  T2.state ,  T2.phone_number FROM contestants AS T1 JOIN votes AS T2 ON T1.contestant_number  =  T2.contestant_number WHERE T1.contestant_name  =  'Tabatha Gehling'","SELECT v.created, v.state, v.phone_number FROM votes v JOIN contestants c ON v.contestant_number = c.contestant_number WHERE c.contestant_name = 'Tabatha Gehling'","SELECT V.created, V.state, V.phone_number FROM votes AS V INNER JOIN contestants AS C ON V.contestant_number = C.contestant_number WHERE C.contestant_name = 'Tabatha Gehling'",1,1
List the area codes in which voters voted both for the contestant 'Tabatha Gehling' and the contestant 'Kelly Clauss'.,extra,SELECT T3.area_code FROM contestants AS T1 JOIN votes AS T2 ON T1.contestant_number  =  T2.contestant_number JOIN area_code_state AS T3 ON T2.state  =  T3.state WHERE T1.contestant_name  =  'Tabatha Gehling' INTERSECT SELECT T3.area_code FROM contestants AS T1 JOIN votes AS T2 ON T1.contestant_number  =  T2.contestant_number JOIN area_code_state AS T3 ON T2.state  =  T3.state WHERE T1.contestant_name  =  'Kelly Clauss',SELECT DISTINCT vc.area_code FROM (   SELECT v.area_code   FROM votes v   JOIN contestants c ON v.contestant_number = c.contestant_number   WHERE c.contestant_name = 'Tabatha Gehling' ) AS vc JOIN (   SELECT v.area_code   FROM votes v   JOIN contestants c ON v.contestant_number = c.contestant_number   WHERE c.contestant_name = 'Kelly Clauss' ) AS kc ON vc.area_code = kc.area_code,SELECT DISTINCT V1.area_code FROM votes AS V1 INNER JOIN votes AS V2 ON V1.phone_number = V2.phone_number AND V1.state = V2.state AND V1.contestant_number = 2 AND V2.contestant_number = 3 INNER JOIN area_code_state AS ACS ON V1.state = ACS.state WHERE ACS.area_code IN (SELECT ACS.area_code FROM votes AS V3 INNER JOIN area_code_state AS ACS ON V3.state = ACS.state WHERE V3.contestant_number = 2) AND ACS.area_code IN (SELECT ACS.area_code FROM votes AS V4 INNER JOIN area_code_state AS ACS ON V4.state = ACS.state WHERE V4.contestant_number = 3),0,0
Return the names of the contestants whose names contain the substring 'Al' .,medium,"select contestant_name from contestants where contestant_name like ""%al%""",SELECT contestant_name FROM contestants WHERE contestant_name LIKE '%Al%',SELECT DISTINCT T2.contestant_name FROM votes AS T1 INNER JOIN contestants AS T2 ON T1.contestant_number = T2.contestant_number WHERE T2.contestant_name LIKE '%Al%' AND T1.state = 'CA',1,0
What are the names of all the countries that became independent after 1950?,easy,SELECT Name FROM country WHERE IndepYear  >  1950,SELECT name  FROM country  WHERE indepyear > 1950,NULL,1,0
Give the names of the nations that were founded after 1950.,easy,SELECT Name FROM country WHERE IndepYear  >  1950,SELECT name  FROM country  WHERE indepyear > 1950,SELECT DISTINCT T1.name FROM country AS T1 WHERE T1.indepyear > 1950,1,1
How many countries have a republic as their form of government?,easy,"SELECT count(*) FROM country WHERE GovernmentForm  =  ""Republic""",SELECT COUNT(*) AS republic_count FROM country WHERE governmentform = 'Republic',SELECT COUNT(*) FROM country WHERE governmentform = 'Republic',1,1
How many countries have governments that are republics?,easy,"SELECT count(*) FROM country WHERE GovernmentForm  =  ""Republic""",SELECT COUNT(*) AS republic_count FROM country WHERE governmentform = 'Republic',SELECT COUNT(*) FROM country WHERE governmentform = 'Republic',1,1
What is the total surface area of the countries in the Caribbean region?,easy,"SELECT sum(SurfaceArea) FROM country WHERE Region  =  ""Caribbean""",SELECT SUM(surfacearea) AS total_surface_area FROM country WHERE region = 'Caribbean',NULL,1,0
How much surface area do the countires in the Carribean cover together?,easy,"SELECT sum(SurfaceArea) FROM country WHERE Region  =  ""Caribbean""",SELECT SUM(surfacearea) AS total_surface_area FROM country WHERE region = 'Caribbean',SELECT SUM(surfacearea) AS TotalSurfaceArea FROM country WHERE continent = 'North America' AND region = 'Caribbean',1,1
Which continent is Anguilla in?,easy,"SELECT Continent FROM country WHERE Name  =  ""Anguilla""",SELECT continent FROM country WHERE name = 'Anguilla',SELECT country.continent FROM country WHERE country.name = 'Anguilla',1,1
What is the continent name which Anguilla belongs to?,easy,"SELECT Continent FROM country WHERE Name  =  ""Anguilla""",SELECT continent FROM country WHERE name = 'Anguilla',SELECT T2.continent FROM country AS T1 INNER JOIN countrylanguage AS T2 ON T1.code = T2.countrycode WHERE T1.name = 'Anguilla',1,0
Which region is the city Kabul located in?,medium,"SELECT Region FROM country AS T1 JOIN city AS T2 ON T1.Code  =  T2.CountryCode WHERE T2.Name  =  ""Kabul""",SELECT c.region FROM city AS ct JOIN country AS c ON ct.countrycode = c.code WHERE ct.name = 'Kabul',SELECT T2.region FROM city AS T1 INNER JOIN country AS T2 ON T1.countrycode = T2.code WHERE T1.name = 'Kabul',1,1
What region is Kabul in?,medium,"SELECT Region FROM country AS T1 JOIN city AS T2 ON T1.Code  =  T2.CountryCode WHERE T2.Name  =  ""Kabul""",SELECT region FROM country WHERE capital = 'Kabul',SELECT region FROM country WHERE name = 'Afghanistan',0,1
Which language is the most popular in Aruba?,extra,"SELECT T2.Language FROM country AS T1 JOIN countrylanguage AS T2 ON T1.Code  =  T2.CountryCode WHERE T1.Name  =  ""Aruba"" ORDER BY Percentage DESC LIMIT 1","SELECT language, percentage FROM countrylanguage WHERE countrycode = 'ABW' ORDER BY percentage DESC LIMIT 1","SELECT cl.language, SUM(cl.percentage) AS total_percentage FROM countrylanguage cl JOIN country c ON cl.countrycode = c.code WHERE c.name = 'Aruba' GROUP BY cl.language ORDER BY total_percentage DESC LIMIT 1",0,0
What language is predominantly spoken in Aruba?,extra,"SELECT T2.Language FROM country AS T1 JOIN countrylanguage AS T2 ON T1.Code  =  T2.CountryCode WHERE T1.Name  =  ""Aruba"" ORDER BY Percentage DESC LIMIT 1",SELECT language FROM countrylanguage WHERE countrycode = 'ABW' AND isofficial = 'T',SELECT cl.language FROM countrylanguage AS cl INNER JOIN country AS c ON cl.countrycode = c.code WHERE c.name = 'Aruba' AND cl.isofficial = 'T',0,0
What are the population and life expectancies in Brazil?,medium,"SELECT Population ,  LifeExpectancy FROM country WHERE Name  =  ""Brazil""","SELECT population, lifeexpectancy  FROM country  WHERE name = 'Brazil'","SELECT T2.population, T2.lifeexpectancy FROM country AS T1 INNER JOIN country AS T2 ON T1.code = T2.code WHERE T1.name = 'Brazil' AND T2.name = 'Brazil'",1,1
Give me Brazil’s population and life expectancies.,medium,"SELECT Population ,  LifeExpectancy FROM country WHERE Name  =  ""Brazil""","SELECT population, lifeexpectancy  FROM country  WHERE name = 'Brazil'","SELECT population, lifeexpectancy FROM country WHERE name = 'Brazil'",1,1
What are the region and population of Angola?,medium,"SELECT Population ,  Region FROM country WHERE Name  =  ""Angola""","SELECT region, population  FROM country  WHERE name = 'Angola'","SELECT region, population FROM country WHERE name = 'Angola'",0,0
What region does Angola belong to and what is its population?,medium,"SELECT Population ,  Region FROM country WHERE Name  =  ""Angola""","SELECT c.region, c.population FROM country c WHERE c.name = 'Angola'","SELECT c.region, c.population FROM country AS c WHERE c.name = 'Angola'",0,0
What is the average expected life expectancy for countries in the region of Central Africa?,easy,"SELECT avg(LifeExpectancy) FROM country WHERE Region  =  ""Central Africa""",SELECT AVG(lifeexpectancy) AS average_life_expectancy FROM country WHERE region = 'Central Africa',SELECT AVG(T2.lifeexpectancy) FROM country AS T1 INNER JOIN countrylanguage AS T2 ON T1.code = T2.countrycode WHERE T2.language = 'French' AND T2.isofficial = 1 AND T1.region = 'Central Africa',1,0
How long is the people’s average life expectancy in Central Africa?,easy,"SELECT avg(LifeExpectancy) FROM country WHERE Region  =  ""Central Africa""",SELECT AVG(lifeexpectancy) AS average_life_expectancy FROM country WHERE region = 'Central Africa',SELECT AVG(T2.lifeexpectancy) FROM country AS T1 INNER JOIN countrylanguage AS T2 ON T1.code = T2.countrycode WHERE T1.continent = 'Africa' AND T2.language = 'French' AND T2.isofficial = 1,1,0
What is the name of country that has the shortest life expectancy in Asia?,hard,"SELECT Name FROM country WHERE Continent  =  ""Asia"" ORDER BY LifeExpectancy LIMIT 1",SELECT name  FROM country  WHERE continent = 'Asia'  ORDER BY lifeexpectancy ASC  LIMIT 1,SELECT T2.name FROM country AS T1 INNER JOIN countrylanguage AS T2 ON T1.code = T2.countrycode WHERE T1.continent = 'Asia' AND T2.language = 'English' ORDER BY T1.lifeexpectancy ASC LIMIT 1,1,0
Give the name of the country in Asia with the lowest life expectancy.,hard,"SELECT Name FROM country WHERE Continent  =  ""Asia"" ORDER BY LifeExpectancy LIMIT 1",SELECT name FROM country WHERE continent = 'Asia' ORDER BY lifeexpectancy ASC LIMIT 1,SELECT T2.name FROM country AS T1 INNER JOIN countrylanguage AS T2 ON T1.code = T2.countrycode WHERE T1.continent = 'Asia' AND T2.isofficial = 'T' AND T2.language = 'English' ORDER BY T1.lifeexpectancy ASC LIMIT 1,1,0
What is the total population and maximum GNP in Asia?,medium,"SELECT sum(Population) ,  max(GNP) FROM country WHERE Continent  =  ""Asia""","SELECT SUM(c.population) AS total_population, MAX(c.gnp) AS max_gnp FROM country c WHERE c.continent = 'Asia'","SELECT SUM(T2.population) AS TotalPopulation, MAX(T2.gnp) AS MaxGNP FROM country AS T1 INNER JOIN countrylanguage AS T2 ON T1.code = T2.countrycode WHERE T1.continent = 'Asia' AND T2.language = 'English' AND T2.isofficial = 1",1,0
"How many people live in Asia, and what is the largest GNP among them?",medium,"SELECT sum(Population) ,  max(GNP) FROM country WHERE Continent  =  ""Asia""","SELECT SUM(c.population) AS total_population, MAX(c.gnp) AS largest_gnp FROM country c JOIN countrylanguage cl ON c.code = cl.countrycode WHERE c.continent = 'Asia' AND cl.language = 'English' AND cl.isofficial = 'T'","SELECT MAX(T2.gnp), SUM(T1.population) FROM country AS T1 INNER JOIN countrylanguage AS T2 ON T1.code = T2.countrycode WHERE T2.continent = 'Asia' AND T2.isofficial = 'T'",0,0
What is the average life expectancy in African countries that are republics?,medium,"SELECT avg(LifeExpectancy) FROM country WHERE Continent  =  ""Africa"" AND GovernmentForm  =  ""Republic""",SELECT AVG(lifeexpectancy) AS average_life_expectancy FROM country WHERE continent = 'Africa' AND governmentform = 'Republic',SELECT AVG(T2.lifeexpectancy) FROM country AS T1 INNER JOIN countrylanguage AS T2 ON T1.code = T2.countrycode WHERE T1.continent = 'Africa' AND T2.isofficial = 'T',1,0
Give the average life expectancy for countries in Africa which are republics?,medium,"SELECT avg(LifeExpectancy) FROM country WHERE Continent  =  ""Africa"" AND GovernmentForm  =  ""Republic""",SELECT AVG(lifeexpectancy) AS average_life_expectancy FROM country WHERE continent = 'Africa' AND governmentform = 'Republic',SELECT AVG(T2.lifeexpectancy) FROM country AS T1 INNER JOIN countrylanguage AS T2 ON T1.code = T2.countrycode WHERE T1.continent = 'Africa' AND T2.isofficial = 'T' AND T1.governmentform = 'Republic',1,0
What is the total surface area of the continents Asia and Europe?,medium,"SELECT sum(SurfaceArea) FROM country WHERE Continent  =  ""Asia"" OR Continent  =  ""Europe""","SELECT SUM(surfacearea) AS total_surface_area FROM country WHERE continent IN ('Asia', 'Europe')","SELECT SUM(surfacearea) FROM country WHERE continent IN ('Asia', 'Europe')",1,1
Give the total surface area covered by countries in Asia or Europe.,medium,"SELECT sum(SurfaceArea) FROM country WHERE Continent  =  ""Asia"" OR Continent  =  ""Europe""","SELECT SUM(surfacearea) AS total_surface_area FROM country WHERE continent IN ('Asia', 'Europe')","SELECT SUM(surfacearea) FROM country WHERE continent IN ('Asia', 'Europe')",1,1
How many people live in Gelderland district?,easy,"SELECT sum(Population) FROM city WHERE District  =  ""Gelderland""",SELECT SUM(c.population) AS total_population FROM city c JOIN country co ON c.countrycode = co.code WHERE c.district = 'Gelderland',SELECT SUM(T2.population) FROM city AS T1 INNER JOIN country AS T2 ON T1.countrycode = T2.code WHERE T1.district = 'Gelderland',1,0
What is the total population of Gelderland district?,easy,"SELECT sum(Population) FROM city WHERE District  =  ""Gelderland""",SELECT SUM(city.population) AS total_population FROM city WHERE city.district = 'Gelderland',SELECT SUM(T1.population) FROM city AS T1 INNER JOIN country AS T2 ON T1.countrycode = T2.code WHERE T2.region = 'Gelderland',1,0
What is the average GNP and total population in all nations whose government is US territory?,medium,"SELECT avg(GNP) ,  sum(population) FROM country WHERE GovernmentForm  =  ""US Territory""","SELECT AVG(gnp) AS average_gnp, SUM(population) AS total_population FROM country WHERE governmentform = 'US territory'","SELECT AVG(T2.gnp) AS AvgGNP, SUM(T2.population) AS TotalPopulation FROM country AS T2 WHERE T2.governmentform = 'US territory'",0,0
Give the mean GNP and total population of nations which are considered US territory.,medium,"SELECT avg(GNP) ,  sum(population) FROM country WHERE GovernmentForm  =  ""US Territory""","SELECT AVG(gnp) AS mean_gnp, SUM(population) AS total_population FROM country WHERE headofstate = 'US'","SELECT AVG(T2.gnp) AS MeanGNP, SUM(T2.population) AS TotalPopulation FROM country AS T1 INNER JOIN country AS T2 ON T1.code = T2.code WHERE T1.continent = 'North America' AND T2.region = 'US territory'",0,0
How many unique languages are spoken in the world?,easy,SELECT count(DISTINCT LANGUAGE) FROM countrylanguage,SELECT COUNT(DISTINCT language) AS unique_languages FROM countrylanguage,SELECT COUNT(DISTINCT language) AS unique_languages FROM countrylanguage,1,1
What is the number of distinct languages used around the world?,easy,SELECT count(DISTINCT LANGUAGE) FROM countrylanguage,SELECT COUNT(DISTINCT language) AS distinct_languages FROM countrylanguage,SELECT COUNT(DISTINCT language) FROM countrylanguage,1,1
How many type of governments are in Africa?,easy,"SELECT count(DISTINCT GovernmentForm) FROM country WHERE Continent  =  ""Africa""",SELECT COUNT(*) AS government_types_in_africa FROM country WHERE continent = 'Africa',SELECT COUNT(*) FROM countrylanguage AS T1 INNER JOIN country AS T2 ON T1.countrycode = T2.code WHERE T2.continent = 'Africa' AND T1.language = 'French' AND T1.isofficial = 'T',0,0
How many different forms of governments are there in Africa?,easy,"SELECT count(DISTINCT GovernmentForm) FROM country WHERE Continent  =  ""Africa""",SELECT COUNT(DISTINCT governmentform) AS distinct_government_forms FROM country WHERE continent = 'Africa',SELECT COUNT(DISTINCT governmentform) FROM country WHERE continent = 'Africa',1,1
What is the total number of languages used in Aruba?,medium,"SELECT COUNT(T2.Language) FROM country AS T1 JOIN countrylanguage AS T2 ON T1.Code  =  T2.CountryCode WHERE T1.Name  =  ""Aruba""",SELECT COUNT(*) AS total_languages FROM countrylanguage WHERE countrycode = 'ABW',SELECT COUNT(DISTINCT language) AS total_languages FROM countrylanguage WHERE countrycode = 'ABW',1,1
How many languages are spoken in Aruba?,medium,"SELECT COUNT(T2.Language) FROM country AS T1 JOIN countrylanguage AS T2 ON T1.Code  =  T2.CountryCode WHERE T1.Name  =  ""Aruba""",SELECT COUNT(*) AS NumberOfLanguages FROM countrylanguage WHERE countrycode = 'ABW',SELECT COUNT(*) FROM countrylanguage WHERE countrycode = 'ABW',1,1
How many official languages does Afghanistan have?,medium,"SELECT COUNT(*) FROM country AS T1 JOIN countrylanguage AS T2 ON T1.Code  =  T2.CountryCode WHERE T1.Name  =  ""Afghanistan"" AND IsOfficial  =  ""T""",SELECT COUNT(*) AS official_languages_count FROM countrylanguage WHERE countrycode = 'AFG' AND isofficial = 'True',SELECT COUNT(*) FROM countrylanguage WHERE countrycode = 'AFG' AND isofficial = 'T',0,1
How many official languages are spoken in Afghanistan?,medium,"SELECT COUNT(*) FROM country AS T1 JOIN countrylanguage AS T2 ON T1.Code  =  T2.CountryCode WHERE T1.Name  =  ""Afghanistan"" AND IsOfficial  =  ""T""",SELECT COUNT(*) FROM countrylanguage WHERE countrycode = 'AFG' AND isofficial = 'T',SELECT COUNT(*) FROM countrylanguage WHERE countrycode = 'AFG' AND isofficial = 'T',1,1
What is name of the country that speaks the largest number of languages?,extra,SELECT T1.Name FROM country AS T1 JOIN countrylanguage AS T2 ON T1.Code  =  T2.CountryCode GROUP BY T1.Name ORDER BY COUNT(*) DESC LIMIT 1,SELECT c.name FROM country c JOIN countrylanguage cl ON c.code = cl.countrycode GROUP BY c.code ORDER BY COUNT(cl.language) DESC LIMIT 1,NULL,0,0
Give the name of the nation that uses the greatest amount of languages.,extra,SELECT T1.Name FROM country AS T1 JOIN countrylanguage AS T2 ON T1.Code  =  T2.CountryCode GROUP BY T1.Name ORDER BY COUNT(*) DESC LIMIT 1,SELECT c.name FROM country c JOIN countrylanguage cl ON c.code = cl.countrycode GROUP BY c.code ORDER BY COUNT(cl.language) DESC LIMIT 1,SELECT T2.name FROM country AS T1 INNER JOIN countrylanguage AS T2 ON T1.code = T2.countrycode GROUP BY T1.code ORDER BY COUNT(T2.language) DESC LIMIT 1,0,0
Which continent has the most diverse languages?,extra,SELECT T1.Continent FROM country AS T1 JOIN countrylanguage AS T2 ON T1.Code  =  T2.CountryCode GROUP BY T1.Continent ORDER BY COUNT(*) DESC LIMIT 1,"SELECT continent, COUNT(DISTINCT language) AS distinct_languages FROM countrylanguage GROUP BY continent ORDER BY distinct_languages DESC LIMIT 1","SELECT T2.continent, COUNT(DISTINCT T1.language) AS distinct_languages FROM countrylanguage AS T1 INNER JOIN country AS T2 ON T1.countrycode = T2.code GROUP BY T2.continent ORDER BY distinct_languages DESC LIMIT 1",0,0
Which continent speaks the most languages?,extra,SELECT T1.Continent FROM country AS T1 JOIN countrylanguage AS T2 ON T1.Code  =  T2.CountryCode GROUP BY T1.Continent ORDER BY COUNT(*) DESC LIMIT 1,"SELECT continent, COUNT(DISTINCT language) AS num_languages FROM country JOIN countrylanguage ON country.code = countrylanguage.countrycode GROUP BY continent ORDER BY num_languages DESC LIMIT 1","SELECT T2.continent, COUNT(DISTINCT T1.language) AS num_languages FROM countrylanguage AS T1 INNER JOIN country AS T2 ON T1.countrycode = T2.code GROUP BY T2.continent ORDER BY num_languages DESC LIMIT 1",0,0
How many countries speak both English and Dutch?,easy,"SELECT COUNT(*) FROM (SELECT T1.Name FROM country AS T1 JOIN countrylanguage AS T2 ON T1.Code  =  T2.CountryCode WHERE T2.Language  =  ""English"" INTERSECT SELECT T1.Name FROM country AS T1 JOIN countrylanguage AS T2 ON T1.Code  =  T2.CountryCode WHERE T2.Language  =  ""Dutch"")",SELECT COUNT(DISTINCT cl1.countrycode) AS num_countries_speaking_both FROM countrylanguage cl1 JOIN countrylanguage cl2 ON cl1.countrycode = cl2.countrycode WHERE cl1.language = 'English' AND cl2.language = 'Dutch',SELECT COUNT(DISTINCT cl1.countrycode) FROM countrylanguage AS cl1 INNER JOIN countrylanguage AS cl2 ON cl1.countrycode = cl2.countrycode WHERE cl1.language = 'English' AND cl2.language = 'Dutch',1,1
What is the number of nations that use English and Dutch?,easy,"SELECT COUNT(*) FROM (SELECT T1.Name FROM country AS T1 JOIN countrylanguage AS T2 ON T1.Code  =  T2.CountryCode WHERE T2.Language  =  ""English"" INTERSECT SELECT T1.Name FROM country AS T1 JOIN countrylanguage AS T2 ON T1.Code  =  T2.CountryCode WHERE T2.Language  =  ""Dutch"")","SELECT COUNT(DISTINCT countrycode) AS number_of_nations FROM countrylanguage WHERE language IN ('English', 'Dutch')","SELECT COUNT(DISTINCT T1.code) FROM country AS T1 INNER JOIN countrylanguage AS T2 ON T1.code = T2.countrycode WHERE T2.language IN ('English', 'Dutch')",0,0
What are the names of nations speak both English and French?,extra,"SELECT T1.Name FROM country AS T1 JOIN countrylanguage AS T2 ON T1.Code  =  T2.CountryCode WHERE T2.Language  =  ""English"" INTERSECT SELECT T1.Name FROM country AS T1 JOIN countrylanguage AS T2 ON T1.Code  =  T2.CountryCode WHERE T2.Language  =  ""French""",SELECT DISTINCT c.name FROM country c JOIN countrylanguage cl1 ON c.code = cl1.countrycode AND cl1.language = 'English' JOIN countrylanguage cl2 ON c.code = cl2.countrycode AND cl2.language = 'French' WHERE cl1.isofficial = 'T' AND cl2.isofficial = 'T',"SELECT DISTINCT T1.name FROM country AS T1 INNER JOIN countrylanguage AS T2 ON T1.code = T2.countrycode WHERE T2.language IN ('English', 'French') AND T2.isofficial = 'T' GROUP BY T1.name HAVING COUNT(DISTINCT T2.language) = 2",0,0
Give the names of nations that speak both English and French.,extra,"SELECT T1.Name FROM country AS T1 JOIN countrylanguage AS T2 ON T1.Code  =  T2.CountryCode WHERE T2.Language  =  ""English"" INTERSECT SELECT T1.Name FROM country AS T1 JOIN countrylanguage AS T2 ON T1.Code  =  T2.CountryCode WHERE T2.Language  =  ""French""","SELECT DISTINCT c.name FROM country c JOIN countrylanguage cl ON c.code = cl.countrycode WHERE cl.language IN ('English', 'French') GROUP BY c.name HAVING COUNT(DISTINCT cl.language) = 2","SELECT DISTINCT T1.name FROM country AS T1 INNER JOIN countrylanguage AS T2 ON T1.code = T2.countrycode WHERE T2.language IN ('English', 'French') AND T2.isofficial = 'T' GROUP BY T1.name HAVING COUNT(DISTINCT T2.language) = 2",1,0
What are the names of nations where both English and French are official languages?,extra,"SELECT T1.Name FROM country AS T1 JOIN countrylanguage AS T2 ON T1.Code  =  T2.CountryCode WHERE T2.Language  =  ""English"" AND T2.IsOfficial  =  ""T"" INTERSECT SELECT T1.Name FROM country AS T1 JOIN countrylanguage AS T2 ON T1.Code  =  T2.CountryCode WHERE T2.Language  =  ""French"" AND T2.IsOfficial  =  ""T""","SELECT DISTINCT c.name FROM country c JOIN countrylanguage cl ON c.code = cl.countrycode WHERE cl.language IN ('English', 'French') AND cl.isofficial = 'True' GROUP BY c.name HAVING COUNT(DISTINCT cl.language) = 2","SELECT DISTINCT T2.name FROM countrylanguage AS T1 INNER JOIN country AS T2 ON T1.countrycode = T2.code WHERE T1.language IN ('English', 'French') AND T1.isofficial = 1 GROUP BY T2.name HAVING COUNT(DISTINCT T1.language) = 2",0,0
Give the names of countries with English and French as official languages.,extra,"SELECT T1.Name FROM country AS T1 JOIN countrylanguage AS T2 ON T1.Code  =  T2.CountryCode WHERE T2.Language  =  ""English"" AND T2.IsOfficial  =  ""T"" INTERSECT SELECT T1.Name FROM country AS T1 JOIN countrylanguage AS T2 ON T1.Code  =  T2.CountryCode WHERE T2.Language  =  ""French"" AND T2.IsOfficial  =  ""T""","SELECT DISTINCT c.name FROM country c JOIN countrylanguage cl ON c.code = cl.countrycode WHERE cl.language IN ('English', 'French') AND cl.isofficial = 'True'","SELECT DISTINCT T2.name FROM countrylanguage AS T1 INNER JOIN country AS T2 ON T1.countrycode = T2.code WHERE T1.language IN ('English', 'French') AND T1.isofficial = 'T'",0,0
What is the number of distinct continents where Chinese is spoken?,medium,"SELECT COUNT( DISTINCT Continent) FROM country AS T1 JOIN countrylanguage AS T2 ON T1.Code  =  T2.CountryCode WHERE T2.Language  =  ""Chinese""",SELECT COUNT(DISTINCT continent)  FROM country  JOIN countrylanguage ON country.code = countrylanguage.countrycode  WHERE countrylanguage.language = 'Chinese',SELECT COUNT(DISTINCT cl.continent) FROM countrylanguage cl WHERE cl.language = 'Chinese',1,0
How many continents speak Chinese?,medium,"SELECT COUNT( DISTINCT Continent) FROM country AS T1 JOIN countrylanguage AS T2 ON T1.Code  =  T2.CountryCode WHERE T2.Language  =  ""Chinese""",SELECT COUNT(DISTINCT continent) AS NumberOfContinentsSpeakingChinese FROM country JOIN countrylanguage ON country.code = countrylanguage.countrycode WHERE countrylanguage.language = 'Chinese',SELECT COUNT(DISTINCT cl.continent) FROM countrylanguage AS cl WHERE cl.language = 'Chinese',1,0
What are the regions that use English or Dutch?,hard,"SELECT DISTINCT T1.Region FROM country AS T1 JOIN countrylanguage AS T2 ON T1.Code  =  T2.CountryCode WHERE T2.Language  =  ""English"" OR T2.Language  =  ""Dutch""",SELECT DISTINCT region FROM country WHERE code2 IN (SELECT code2 FROM country WHERE countrylanguage.language = 'English' OR countrylanguage.language = 'Dutch'),"SELECT DISTINCT T2.region FROM countrylanguage AS T1 INNER JOIN country AS T2 ON T1.countrycode = T2.code WHERE T1.language IN ('English', 'Dutch') ORDER BY T2.region",0,1
Which regions speak Dutch or English?,hard,"SELECT DISTINCT T1.Region FROM country AS T1 JOIN countrylanguage AS T2 ON T1.Code  =  T2.CountryCode WHERE T2.Language  =  ""English"" OR T2.Language  =  ""Dutch""","SELECT DISTINCT region FROM country WHERE code2 IN (     SELECT code2     FROM countrylanguage     WHERE language IN ('Dutch', 'English') )","SELECT DISTINCT T2.region FROM countrylanguage AS T1 INNER JOIN country AS T2 ON T1.countrycode = T2.code WHERE T1.language IN ('Dutch', 'English') GROUP BY T2.region",0,1
What are the countries where either English or Dutch is the official language ?,extra,"select t1.name from country as t1 join countrylanguage as t2 on t1.code  =  t2.countrycode where t2.language  =  ""english"" and isofficial  =  ""t"" union select t1.name from country as t1 join countrylanguage as t2 on t1.code  =  t2.countrycode where t2.language  =  ""dutch"" and isofficial  =  ""t""","SELECT DISTINCT country.name FROM country JOIN countrylanguage ON country.code = countrylanguage.countrycode WHERE countrylanguage.language IN ('English', 'Dutch') AND countrylanguage.isofficial = 'True'","SELECT DISTINCT T2.name FROM countrylanguage AS T1 INNER JOIN country AS T2 ON T1.countrycode = T2.code WHERE T1.language IN ('English', 'Dutch') AND T1.isofficial = 'T'",1,0
Which countries have either English or Dutch as an official language?,extra,"SELECT * FROM country AS T1 JOIN countrylanguage AS T2 ON T1.Code  =  T2.CountryCode WHERE T2.Language  =  ""English"" AND IsOfficial  =  ""T"" UNION SELECT * FROM country AS T1 JOIN countrylanguage AS T2 ON T1.Code  =  T2.CountryCode WHERE T2.Language  =  ""Dutch"" AND IsOfficial  =  ""T""","SELECT DISTINCT country.name FROM country JOIN countrylanguage ON country.code = countrylanguage.countrycode WHERE countrylanguage.language IN ('English', 'Dutch') AND countrylanguage.isofficial = 'True'","SELECT DISTINCT T2.name FROM countrylanguage AS T1 INNER JOIN country AS T2 ON T1.countrycode = T2.code WHERE T1.language IN ('English', 'Dutch') AND T1.isofficial = 'T'",0,0
Which language is the most popular on the Asian continent?,extra,"SELECT T2.Language FROM country AS T1 JOIN countrylanguage AS T2 ON T1.Code  =  T2.CountryCode WHERE T1.Continent  =  ""Asia"" GROUP BY T2.Language ORDER BY COUNT (*) DESC LIMIT 1","SELECT language, COUNT(*) AS popularity FROM countrylanguage JOIN country ON countrylanguage.countrycode = country.code WHERE continent = 'Asia' GROUP BY language ORDER BY popularity DESC LIMIT 1","SELECT cl.language, SUM(cl.percentage) AS total_percentage FROM countrylanguage AS cl INNER JOIN country AS c ON cl.countrycode = c.code WHERE c.continent = 'Asia' GROUP BY cl.language ORDER BY total_percentage DESC LIMIT 1",0,0
What is the language that is used by the largest number of Asian nations?,extra,"SELECT T2.Language FROM country AS T1 JOIN countrylanguage AS T2 ON T1.Code  =  T2.CountryCode WHERE T1.Continent  =  ""Asia"" GROUP BY T2.Language ORDER BY COUNT (*) DESC LIMIT 1","SELECT language, COUNT(countrycode) AS num_nations FROM countrylanguage JOIN country ON countrylanguage.countrycode = country.code WHERE continent = 'Asia' GROUP BY language ORDER BY num_nations DESC LIMIT 1","SELECT cl.language, COUNT(cl.countrycode) AS num_countries FROM countrylanguage AS cl INNER JOIN country AS c ON cl.countrycode = c.code WHERE c.continent = 'Asia' AND cl.isofficial = 'T' GROUP BY cl.language ORDER BY num_countries DESC LIMIT 1",0,0
Which languages are spoken by only one country in republic governments?,hard,"SELECT T2.Language FROM country AS T1 JOIN countrylanguage AS T2 ON T1.Code  =  T2.CountryCode WHERE T1.GovernmentForm  =  ""Republic"" GROUP BY T2.Language HAVING COUNT(*)  =  1",SELECT cl.language FROM countrylanguage cl JOIN country c ON cl.countrycode = c.code WHERE c.governmentform = 'Republic' GROUP BY cl.language HAVING COUNT(DISTINCT cl.countrycode) = 1,SELECT cl.language FROM countrylanguage AS cl INNER JOIN country AS c ON cl.countrycode = c.code WHERE c.governmentform = 'Republic' AND cl.isofficial = 'T' GROUP BY cl.language HAVING COUNT(cl.countrycode) = 1,1,0
What languages are only used by a single country with a republic government?,hard,"SELECT T2.Language FROM country AS T1 JOIN countrylanguage AS T2 ON T1.Code  =  T2.CountryCode WHERE T1.GovernmentForm  =  ""Republic"" GROUP BY T2.Language HAVING COUNT(*)  =  1",SELECT cl.language FROM countrylanguage cl JOIN country c ON cl.countrycode = c.code WHERE c.governmentform = 'Republic' GROUP BY cl.language HAVING COUNT(DISTINCT cl.countrycode) = 1,SELECT DISTINCT T2.language FROM countrylanguage AS T1 INNER JOIN country AS T2 ON T1.countrycode = T2.code WHERE T2.governmentform = 'Republic' AND (SELECT COUNT(DISTINCT T3.countrycode) FROM countrylanguage AS T3 WHERE T3.language = T1.language) = 1,1,0
Find the city with the largest population that uses English.,extra,"SELECT T1.Name ,  T1.Population FROM city AS T1 JOIN countrylanguage AS T2 ON T1.CountryCode  =  T2.CountryCode WHERE T2.Language  =  ""English"" ORDER BY T1.Population DESC LIMIT 1",SELECT c.name FROM city c JOIN countrylanguage cl ON c.countrycode = cl.countrycode WHERE cl.language = 'English' ORDER BY c.population DESC LIMIT 1,SELECT T1.name FROM city AS T1 INNER JOIN countrylanguage AS T2 ON T1.countrycode = T2.countrycode WHERE T2.language = 'English' ORDER BY T1.population DESC LIMIT 1,0,0
What is the most populace city that speaks English?,extra,"SELECT T1.Name ,  T1.Population FROM city AS T1 JOIN countrylanguage AS T2 ON T1.CountryCode  =  T2.CountryCode WHERE T2.Language  =  ""English"" ORDER BY T1.Population DESC LIMIT 1",SELECT c.name  FROM city c  JOIN countrylanguage cl ON c.countrycode = cl.countrycode  WHERE cl.language = 'English'  ORDER BY c.population DESC  LIMIT 1,"SELECT T1.name, T1.population FROM city AS T1 INNER JOIN countrylanguage AS T2 ON T1.countrycode = T2.countrycode WHERE T2.language = 'English' ORDER BY T1.population DESC LIMIT 1",0,1
"Find the name, population and expected life length of asian country with the largest area?",hard,"SELECT Name ,  Population ,  LifeExpectancy FROM country WHERE Continent  =  ""Asia"" ORDER BY SurfaceArea DESC LIMIT 1","SELECT c.name, c.population, c.lifeexpectancy FROM country c WHERE c.continent = 'Asia' ORDER BY c.surfacearea DESC LIMIT 1",NULL,1,0
"What are the name, population, and life expectancy of the largest Asian country by land?",hard,"SELECT Name ,  Population ,  LifeExpectancy FROM country WHERE Continent  =  ""Asia"" ORDER BY SurfaceArea DESC LIMIT 1","SELECT c.name, c.population, c.lifeexpectancy FROM country c WHERE c.continent = 'Asia' ORDER BY c.surfacearea DESC LIMIT 1","SELECT T2.name, T2.population, T2.lifeexpectancy FROM country AS T2 WHERE T2.continent = 'Asia' ORDER BY T2.surfacearea DESC LIMIT 1",1,1
What is average life expectancy in the countries where English is not the official language?,extra,"SELECT avg(LifeExpectancy) FROM country WHERE Name NOT IN (SELECT T1.Name FROM country AS T1 JOIN countrylanguage AS T2 ON T1.Code  =  T2.CountryCode WHERE T2.Language  =  ""English"" AND T2.IsOfficial  =  ""T"")",SELECT AVG(c.lifeexpectancy) AS average_life_expectancy FROM country c JOIN countrylanguage cl ON c.code = cl.countrycode WHERE cl.language = 'English' AND cl.isofficial = '0',SELECT AVG(T2.lifeexpectancy) FROM countrylanguage AS T1 INNER JOIN country AS T2 ON T1.countrycode = T2.code WHERE T1.language = 'English' AND T1.isofficial = 0,0,0
Give the mean life expectancy of countries in which English is not the official language.,extra,"SELECT avg(LifeExpectancy) FROM country WHERE Name NOT IN (SELECT T1.Name FROM country AS T1 JOIN countrylanguage AS T2 ON T1.Code  =  T2.CountryCode WHERE T2.Language  =  ""English"" AND T2.IsOfficial  =  ""T"")",SELECT AVG(c.lifeexpectancy) AS mean_life_expectancy FROM country c JOIN countrylanguage cl ON c.code = cl.countrycode WHERE cl.language = 'English' AND cl.isofficial = 'False',SELECT AVG(T2.lifeexpectancy) FROM country AS T1 INNER JOIN countrylanguage AS T2 ON T1.code = T2.countrycode WHERE T2.language != 'English' AND T2.isofficial = 0,0,0
What is the total number of people living in the nations that do not use English?,extra,"SELECT sum(Population) FROM country WHERE Name NOT IN (SELECT T1.Name FROM country AS T1 JOIN countrylanguage AS T2 ON T1.Code  =  T2.CountryCode WHERE T2.Language  =  ""English"")",SELECT SUM(c.population) AS total_population FROM country c WHERE c.code NOT IN (     SELECT cl.countrycode     FROM countrylanguage cl     WHERE cl.language = 'English' ),SELECT SUM(T2.population) FROM country AS T1 INNER JOIN countrylanguage AS T2 ON T1.code = T2.countrycode WHERE T2.language != 'English',1,0
How many people live in countries that do not speak English?,extra,"SELECT sum(Population) FROM country WHERE Name NOT IN (SELECT T1.Name FROM country AS T1 JOIN countrylanguage AS T2 ON T1.Code  =  T2.CountryCode WHERE T2.Language  =  ""English"")",SELECT SUM(city.population) AS non_english_population FROM city JOIN country ON city.countrycode = country.code LEFT JOIN countrylanguage ON city.countrycode = countrylanguage.countrycode AND countrylanguage.language = 'English' WHERE countrylanguage.language IS NULL,SELECT SUM(T2.population) FROM country AS T1 INNER JOIN countrylanguage AS T2 ON T1.code = T2.countrycode WHERE T2.language != 'English',0,0
What is the official language spoken in the country whose head of state is Beatrix?,medium,"SELECT T2.Language FROM country AS T1 JOIN countrylanguage AS T2 ON T1.Code  =  T2.CountryCode WHERE T1.HeadOfState  =  ""Beatrix"" AND T2.IsOfficial  =  ""T""",SELECT cl.language FROM countrylanguage cl JOIN country c ON cl.countrycode = c.code WHERE c.headofstate = 'Beatrix',SELECT cl.language FROM countrylanguage AS cl INNER JOIN country AS c ON cl.countrycode = c.code WHERE c.headofstate = 'Beatrix',0,0
What is the official language used in the country the name of whose head of state is Beatrix.,medium,"SELECT T2.Language FROM country AS T1 JOIN countrylanguage AS T2 ON T1.Code  =  T2.CountryCode WHERE T1.HeadOfState  =  ""Beatrix"" AND T2.IsOfficial  =  ""T""",SELECT cl.language FROM countrylanguage cl JOIN country c ON cl.countrycode = c.code WHERE c.headofstate = 'Beatrix',SELECT cl.language FROM countrylanguage AS cl INNER JOIN country AS c ON cl.countrycode = c.code WHERE c.headofstate = 'Beatrix' AND cl.isofficial = 'T',0,1
What is the total number of unique official languages spoken in the countries that are founded before 1930?,medium,"SELECT count(DISTINCT T2.Language) FROM country AS T1 JOIN countrylanguage AS T2 ON T1.Code  =  T2.CountryCode WHERE  IndepYear  <  1930 AND T2.IsOfficial  =  ""T""",SELECT COUNT(DISTINCT language) AS unique_official_languages FROM countrylanguage WHERE countrycode IN (     SELECT code     FROM country     WHERE indepyear < 1930 AND continent = 'Europe' ) AND isofficial = 'T',SELECT COUNT(DISTINCT T2.language) FROM country AS T1 INNER JOIN countrylanguage AS T2 ON T1.code = T2.countrycode WHERE T1.indepyear < 1930 AND T2.isofficial = 'T',0,1
"For the countries founded before 1930, what is the total number of distinct official languages?",medium,"SELECT count(DISTINCT T2.Language) FROM country AS T1 JOIN countrylanguage AS T2 ON T1.Code  =  T2.CountryCode WHERE  IndepYear  <  1930 AND T2.IsOfficial  =  ""T""",SELECT COUNT(DISTINCT language) AS distinct_official_languages FROM countrylanguage WHERE countrycode IN (     SELECT code     FROM country     WHERE indepyear < 1930 ) AND isofficial = 'T',SELECT COUNT(DISTINCT T2.language) FROM country AS T1 INNER JOIN countrylanguage AS T2 ON T1.code = T2.countrycode WHERE T1.indepyear < 1930 AND T2.isofficial = 'T',1,1
What are the countries that have greater surface area than any country in Europe?,hard,"SELECT Name FROM country WHERE SurfaceArea  >  (SELECT min(SurfaceArea) FROM country WHERE Continent  =  ""Europe"")",SELECT name FROM country WHERE surfacearea > (SELECT MAX(surfacearea) FROM country WHERE continent = 'Europe'),SELECT name FROM country WHERE surfacearea > (SELECT MAX(surfacearea) FROM country WHERE continent = 'Europe'),0,0
Which countries have greater area than that of any country in Europe?,hard,"SELECT Name FROM country WHERE SurfaceArea  >  (SELECT min(SurfaceArea) FROM country WHERE Continent  =  ""Europe"")",SELECT name FROM country WHERE surfacearea > ALL (SELECT surfacearea FROM country WHERE continent = 'Europe'),SELECT name FROM country WHERE surfacearea > (SELECT MAX(surfacearea) FROM country WHERE continent = 'Europe'),0,0
What are the African countries that have a  population less than any country in Asia?,extra,"SELECT Name FROM country WHERE Continent  =  ""Africa""  AND population  <  (SELECT max(population) FROM country WHERE Continent  =  ""Asia"")",SELECT DISTINCT c.name FROM country c WHERE c.continent = 'Africa' AND c.population < (     SELECT MIN(population)     FROM country     WHERE continent = 'Asia' ),SELECT DISTINCT T1.name FROM country AS T1 INNER JOIN countrylanguage AS T2 ON T1.code = T2.countrycode WHERE T2.language = 'African' AND T1.continent = 'Africa' AND T1.population < (SELECT MIN(population) FROM country WHERE continent = 'Asia'),0,0
Which African countries have a smaller population than that of any country in Asia?,extra,"SELECT Name FROM country WHERE Continent  =  ""Africa""  AND population  <  (SELECT min(population) FROM country WHERE Continent  =  ""Asia"")",SELECT DISTINCT c.name FROM country c WHERE c.continent = 'Africa' AND c.population < (     SELECT MIN(population)     FROM country     WHERE continent = 'Asia' ),SELECT DISTINCT T1.name FROM country AS T1 INNER JOIN countrylanguage AS T2 ON T1.code = T2.countrycode WHERE T2.language = 'African' AND T1.continent = 'Africa' AND T1.population < (SELECT MIN(population) FROM country WHERE continent = 'Asia'),1,0
Which Asian countries have a population that is larger than any country in Africa?,extra,"SELECT Name FROM country WHERE Continent  =  ""Asia""  AND population  >  (SELECT max(population) FROM country WHERE Continent  =  ""Africa"")",SELECT c.name FROM country c WHERE c.continent = 'Asia' AND c.population > (     SELECT MAX(population)     FROM country     WHERE continent = 'Africa' ),SELECT DISTINCT T1.name FROM country AS T1 INNER JOIN countrylanguage AS T2 ON T1.code = T2.countrycode WHERE T2.language = 'Asian' AND T1.continent = 'Asia' AND T1.population > (SELECT MAX(population) FROM country WHERE continent = 'Africa'),1,0
What are the Asian countries which have a population larger than that of any country in Africa?,extra,"SELECT Name FROM country WHERE Continent  =  ""Asia""  AND population  >  (SELECT min(population) FROM country WHERE Continent  =  ""Africa"")",SELECT c.name FROM country c WHERE c.continent = 'Asia' AND c.population > (     SELECT MAX(population)     FROM country     WHERE continent = 'Africa' ),SELECT DISTINCT T1.name FROM country AS T1 INNER JOIN countrylanguage AS T2 ON T1.code = T2.countrycode WHERE T2.language = 'Asian' AND T1.continent = 'Asia' AND T1.population > (SELECT MAX(population) FROM country WHERE continent = 'Africa'),0,0
What are the country codes for countries that do not speak English?,hard,"SELECT CountryCode FROM countrylanguage EXCEPT SELECT CountryCode FROM countrylanguage WHERE LANGUAGE  =  ""English""",SELECT DISTINCT country.code FROM country LEFT JOIN countrylanguage ON country.code = countrylanguage.countrycode WHERE countrylanguage.language != 'English',SELECT DISTINCT T1.code FROM country AS T1 INNER JOIN countrylanguage AS T2 ON T1.code = T2.countrycode WHERE T2.language != 'English',0,0
Return the country codes for countries that do not speak English.,hard,"SELECT CountryCode FROM countrylanguage EXCEPT SELECT CountryCode FROM countrylanguage WHERE LANGUAGE  =  ""English""",SELECT DISTINCT country.code FROM country LEFT JOIN countrylanguage ON country.code = countrylanguage.countrycode WHERE countrylanguage.language != 'English',SELECT DISTINCT T1.code FROM country AS T1 INNER JOIN countrylanguage AS T2 ON T1.code = T2.countrycode WHERE T2.language != 'English',0,0
What are the country codes of countries where people use languages other than English?,easy,"SELECT DISTINCT CountryCode FROM countrylanguage WHERE LANGUAGE != ""English""",SELECT DISTINCT countrycode FROM countrylanguage WHERE language != 'English',SELECT DISTINCT T1.code FROM country AS T1 INNER JOIN countrylanguage AS T2 ON T1.code = T2.countrycode WHERE T2.language != 'English',1,1
Give the country codes for countries in which people speak langauges that are not English.,easy,"SELECT DISTINCT CountryCode FROM countrylanguage WHERE LANGUAGE != ""English""",SELECT DISTINCT countrycode FROM countrylanguage WHERE language != 'English',SELECT DISTINCT T1.code FROM country AS T1 INNER JOIN countrylanguage AS T2 ON T1.code = T2.countrycode WHERE T2.language <> 'English',1,1
What are the codes of the countries that do not speak English and whose government forms are not Republic?,hard,"SELECT Code FROM country WHERE GovernmentForm != ""Republic"" EXCEPT SELECT CountryCode FROM countrylanguage WHERE LANGUAGE  =  ""English""",SELECT DISTINCT country.code FROM country WHERE country.governmentform != 'Republic' AND country.code NOT IN (     SELECT countrycode     FROM countrylanguage     WHERE language = 'English' ),SELECT DISTINCT T1.code FROM country AS T1 INNER JOIN countrylanguage AS T2 ON T1.code = T2.countrycode WHERE T2.language != 'English' AND T1.governmentform != 'Republic',1,0
Return the codes of countries that do not speak English and do not have Republics for governments.,hard,"SELECT Code FROM country WHERE GovernmentForm != ""Republic"" EXCEPT SELECT CountryCode FROM countrylanguage WHERE LANGUAGE  =  ""English""",SELECT code FROM country WHERE governmentform != 'Republic' AND code NOT IN (     SELECT countrycode     FROM countrylanguage     WHERE language = 'English' ),SELECT DISTINCT T1.code FROM country AS T1 INNER JOIN countrylanguage AS T2 ON T1.code = T2.countrycode WHERE T2.language != 'English' AND T1.governmentform != 'Republic',1,0
Which cities are in European countries where English is not the official language?,extra,SELECT DISTINCT T2.Name FROM country AS T1 JOIN city AS T2 ON T2.CountryCode  =  T1.Code WHERE T1.Continent  =  'Europe' AND T1.Name NOT IN (SELECT T3.Name FROM country AS T3 JOIN countrylanguage AS T4 ON T3.Code  =  T4.CountryCode WHERE T4.IsOfficial  =  'T' AND T4.Language  =  'English'),"SELECT c.name AS city_name, cl.language AS language, cl.isofficial AS is_official FROM city c JOIN countrylanguage cl ON c.countrycode = cl.countrycode JOIN country co ON c.countrycode = co.code WHERE co.continent = 'Europe' AND cl.language = 'English' AND cl.isofficial = 'FALSE'",SELECT DISTINCT T1.name FROM city AS T1 INNER JOIN country AS T2 ON T1.countrycode = T2.code INNER JOIN countrylanguage AS T3 ON T2.code = T3.countrycode WHERE T2.continent = 'Europe' AND T3.language != 'English' AND T3.isofficial = 0,0,0
What are the names of cities in Europe for which English is not the official language?,extra,SELECT DISTINCT T2.Name FROM country AS T1 JOIN city AS T2 ON T2.CountryCode  =  T1.Code WHERE T1.Continent  =  'Europe' AND T1.Name NOT IN (SELECT T3.Name FROM country AS T3 JOIN countrylanguage AS T4 ON T3.Code  =  T4.CountryCode WHERE T4.IsOfficial  =  'T' AND T4.Language  =  'English'),SELECT c.name FROM city c JOIN countrylanguage cl ON c.countrycode = cl.countrycode WHERE cl.language = 'English' AND cl.isofficial = 'False' AND c.countrycode IN (     SELECT code     FROM country     WHERE continent = 'Europe' ),SELECT DISTINCT T1.name FROM city AS T1 INNER JOIN countrylanguage AS T2 ON T1.countrycode = T2.countrycode WHERE T2.language = 'English' AND T2.isofficial = '0' AND T2.countrycode IN (SELECT code FROM country WHERE continent = 'Europe'),0,0
Which unique cities are in Asian countries where Chinese is the official language ?,hard,"select distinct t3.name from country as t1 join countrylanguage as t2 on t1.code  =  t2.countrycode join city as t3 on t1.code  =  t3.countrycode where t2.isofficial  =  't' and t2.language  =  'chinese' and t1.continent  =  ""asia""",SELECT DISTINCT c.name FROM city c JOIN country co ON c.countrycode = co.code JOIN countrylanguage cl ON co.code = cl.countrycode WHERE co.continent = 'Asia' AND cl.language = 'Chinese' AND cl.isofficial = 'True',SELECT DISTINCT T1.name FROM city AS T1 INNER JOIN country AS T2 ON T1.countrycode = T2.code INNER JOIN countrylanguage AS T3 ON T2.code = T3.countrycode WHERE T3.language = 'Chinese' AND T3.isofficial = 'T' AND T2.continent = 'Asia',1,0
Return the different names of cities that are in Asia and for which Chinese is the official language.,hard,"SELECT DISTINCT T3.Name FROM country AS T1 JOIN countrylanguage AS T2 ON T1.Code  =  T2.CountryCode JOIN city AS T3 ON T1.Code  =  T3.CountryCode WHERE T2.IsOfficial  =  'T' AND T2.Language  =  'Chinese' AND T1.Continent  =  ""Asia""",SELECT DISTINCT c.name FROM city c JOIN countrylanguage cl ON c.countrycode = cl.countrycode WHERE cl.language = 'Chinese' AND cl.isofficial = 'True' AND c.countrycode IN (     SELECT code     FROM country     WHERE continent = 'Asia' ),SELECT DISTINCT T1.name FROM city AS T1 INNER JOIN countrylanguage AS T2 ON T1.countrycode = T2.countrycode WHERE T2.language = 'Chinese' AND T2.isofficial = 'T' AND T2.countrycode IN (SELECT code FROM country WHERE continent = 'Asia'),0,1
"What are the name, independence year, and surface area of the country with the smallest population?",medium,"SELECT Name ,  SurfaceArea ,  IndepYear FROM country ORDER BY Population LIMIT 1","SELECT name, indepyear, surfacearea FROM country ORDER BY population ASC LIMIT 1",NULL,0,0
"Give the name, year of independence, and surface area of the country that has the lowest population.",medium,"SELECT Name ,  SurfaceArea ,  IndepYear FROM country ORDER BY Population LIMIT 1","SELECT name, indepyear, surfacearea FROM country ORDER BY population ASC LIMIT 1","SELECT T2.name, T2.indepyear, T2.surfacearea FROM country AS T2 WHERE T2.population = (SELECT MIN(T1.population) FROM country AS T1)",0,0
"What are the population, name and leader of the country with the largest area?",medium,"SELECT Name ,  population ,  HeadOfState FROM country ORDER BY SurfaceArea DESC LIMIT 1","SELECT c.population, c.name, c.headofstate FROM country c ORDER BY c.surfacearea DESC LIMIT 1","SELECT T2.name, T2.population, T2.headofstate FROM country AS T2 ORDER BY T2.surfacearea DESC LIMIT 1",0,1
"Give the name, population, and head of state for the country that has the largest area.",medium,"SELECT Name ,  population ,  HeadOfState FROM country ORDER BY SurfaceArea DESC LIMIT 1","SELECT c.name, c.population, c.headofstate FROM country c ORDER BY c.surfacearea DESC LIMIT 1","SELECT T2.name, T2.population, T2.headofstate FROM country AS T2 ORDER BY T2.surfacearea DESC LIMIT 1",1,1
Return the country name and the numbers of languages spoken for each country that speaks at least 3 languages.,medium,"SELECT COUNT(T2.Language) ,  T1.Name FROM country AS T1 JOIN countrylanguage AS T2 ON T1.Code  =  T2.CountryCode GROUP BY T1.Name HAVING COUNT(*)  >  2","SELECT c.name AS country_name, COUNT(cl.language) AS number_of_languages FROM country c JOIN countrylanguage cl ON c.code = cl.countrycode GROUP BY c.name HAVING COUNT(cl.language) >= 3","SELECT T2.name, COUNT(T3.language) AS NumberOfLanguages FROM country AS T2 INNER JOIN countrylanguage AS T3 ON T2.code = T3.countrycode GROUP BY T2.code HAVING COUNT(T3.language) >= 3",0,0
"What are the names of countries that speak more than 2 languages, as well as how many languages they speak?",medium,"SELECT COUNT(T2.Language) ,  T1.Name FROM country AS T1 JOIN countrylanguage AS T2 ON T1.Code  =  T2.CountryCode GROUP BY T1.Name HAVING COUNT(*)  >  2","SELECT    c.name AS country_name,    COUNT(cl.language) AS number_of_languages FROM    country c JOIN    countrylanguage cl ON c.code = cl.countrycode GROUP BY    c.name HAVING    COUNT(cl.language) > 2","SELECT T2.name, COUNT(T1.language) AS num_languages FROM countrylanguage AS T1 INNER JOIN country AS T2 ON T1.countrycode = T2.code GROUP BY T1.countrycode HAVING num_languages > 2",0,0
Find the number of cities in each district whose population is greater than the average population of cities?,extra,"SELECT count(*) ,  District FROM city WHERE Population  >  (SELECT avg(Population) FROM city) GROUP BY District","SELECT district, COUNT(id) AS num_cities FROM city WHERE population > (SELECT AVG(population) FROM city) GROUP BY district","SELECT District, COUNT(ID) AS NumberOfCities FROM city WHERE Population > (SELECT AVG(Population) FROM city) GROUP BY District",0,0
How many cities in each district have a population that is above the average population across all cities?,extra,"SELECT count(*) ,  District FROM city WHERE Population  >  (SELECT avg(Population) FROM city) GROUP BY District","SELECT district, COUNT(id) AS num_cities FROM city WHERE population > (SELECT AVG(population) FROM city) GROUP BY district",NULL,0,0
Find the government form name and total population for each government form whose average life expectancy is longer than 72.,medium,"SELECT sum(Population) ,  GovernmentForm FROM country GROUP BY GovernmentForm HAVING avg(LifeExpectancy)  >  72","SELECT    c.governmentform,    SUM(ci.population) AS total_population FROM    country c JOIN    city ci ON c.capital = ci.id WHERE    c.lifeexpectancy > 72 GROUP BY    c.governmentform","SELECT T2.GovernmentForm, SUM(T1.Population) AS TotalPopulation FROM country AS T1 INNER JOIN countrylanguage AS T2 ON T1.Code = T2.CountryCode WHERE T2.IsOfficial = 'T' AND T2.Percentage > 50 GROUP BY T2.GovernmentForm HAVING AVG(T1.LifeExpectancy) > 72",0,0
What are the different government forms and what is the total population of each for government forms that have an average life expectancy greater than 72?,medium,"SELECT sum(Population) ,  GovernmentForm FROM country GROUP BY GovernmentForm HAVING avg(LifeExpectancy)  >  72","SELECT    country.governmentform,    SUM(country.population) AS total_population FROM    country WHERE    country.lifeexpectancy > 72 GROUP BY    country.governmentform","SELECT T2.GovernmentForm, SUM(T1.Population) AS TotalPopulation FROM country AS T1 INNER JOIN countrylanguage AS T2 ON T1.Code = T2.CountryCode WHERE T2.IsOfficial = 'T' GROUP BY T2.GovernmentForm HAVING AVG(T1.LifeExpectancy) > 72",0,0
Find the average life expectancy and total population for each continent where the average life expectancy is shorter than 72?,medium,"SELECT sum(Population) ,  avg(LifeExpectancy) ,  Continent FROM country GROUP BY Continent HAVING avg(LifeExpectancy)  <  72","SELECT      continent,      AVG(lifeexpectancy) AS avg_life_expectancy,      SUM(population) AS total_population FROM      country WHERE      lifeexpectancy < 72 GROUP BY      continent","SELECT Country.continent, AVG(Country.lifeexpectancy) AS AvgLifeExp, SUM(Country.population) AS TotalPopulation FROM Country INNER JOIN countrylanguage ON Country.code = countrylanguage.countrycode WHERE countrylanguage.isofficial = 'T' GROUP BY Country.continent HAVING AVG(Country.lifeexpectancy) < 72",0,0
"What are the different continents and the total popuation and average life expectancy corresponding to each, for continents that have an average life expectancy less than 72?",medium,"SELECT sum(Population) ,  avg(LifeExpectancy) ,  Continent FROM country GROUP BY Continent HAVING avg(LifeExpectancy)  <  72","SELECT    continent,    SUM(population) AS total_population,    AVG(lifeexpectancy) AS average_life_expectancy FROM    country GROUP BY    continent HAVING    AVG(lifeexpectancy) < 72","SELECT T2.continent, SUM(T1.population) AS TotalPopulation, AVG(T1.lifeexpectancy) AS AverageLifeExpectancy FROM country AS T1 INNER JOIN countrylanguage AS T2 ON T1.code = T2.countrycode WHERE T2.isofficial = 'T' GROUP BY T2.continent HAVING AVG(T1.lifeexpectancy) < 72",0,0
What are the names and areas of countries with the top 5 largest area?,medium,"SELECT Name ,  SurfaceArea FROM country ORDER BY SurfaceArea DESC LIMIT 5","SELECT name, surfacearea  FROM country  ORDER BY surfacearea DESC  LIMIT 5","SELECT T2.name, T2.surfacearea FROM country AS T2 ORDER BY T2.surfacearea DESC LIMIT 5",1,1
Return the names and surface areas of the 5 largest countries.,medium,"SELECT Name ,  SurfaceArea FROM country ORDER BY SurfaceArea DESC LIMIT 5","SELECT name, surfacearea  FROM country  ORDER BY surfacearea DESC  LIMIT 5","SELECT name, surfacearea FROM country ORDER BY population DESC LIMIT 5",1,0
What are names of countries with the top 3 largest population?,medium,SELECT Name FROM country ORDER BY Population DESC LIMIT 3,SELECT name FROM country ORDER BY population DESC LIMIT 3,SELECT T2.name FROM country AS T2 ORDER BY T2.population DESC LIMIT 3,1,1
Return the names of the 3 most populated countries.,medium,SELECT Name FROM country ORDER BY Population DESC LIMIT 3,SELECT name FROM country ORDER BY population DESC LIMIT 3,SELECT name FROM country ORDER BY population DESC LIMIT 3,1,1
What are the names of the nations with the 3 lowest populations?,medium,SELECT Name FROM country ORDER BY Population ASC LIMIT 3,SELECT name  FROM country  ORDER BY population ASC  LIMIT 3,SELECT name FROM country WHERE population > 0 ORDER BY population ASC LIMIT 3,1,0
Return the names of the 3 countries with the fewest people.,medium,SELECT Name FROM country ORDER BY Population ASC LIMIT 3,SELECT name  FROM country  ORDER BY population  LIMIT 3,SELECT name FROM country ORDER BY population ASC LIMIT 3,1,1
how many countries are in Asia?,easy,"SELECT count(*) FROM country WHERE continent  =  ""Asia""",SELECT COUNT(*)  FROM country  WHERE continent = 'Asia',SELECT COUNT(*) FROM country WHERE continent = 'Asia',1,1
Count the number of countries in Asia.,easy,"SELECT count(*) FROM country WHERE continent  =  ""Asia""",SELECT COUNT(*) FROM country WHERE continent = 'Asia',SELECT COUNT(*) FROM country WHERE continent = 'Asia',1,1
What are the names of the countries that are in the continent of Europe and have a population of 80000?,medium,"SELECT Name FROM country WHERE continent  =  ""Europe"" AND Population  =  ""80000""",SELECT name FROM country WHERE continent = 'Europe' AND population = 80000,NULL,1,0
Give the names of countries that are in Europe and have a population equal to 80000.,medium,"SELECT Name FROM country WHERE continent  =  ""Europe"" AND Population  =  ""80000""",SELECT name FROM country WHERE continent = 'Europe' AND population = 80000,SELECT c.name FROM country AS c INNER JOIN countrylanguage AS cl ON c.code = cl.countrycode WHERE cl.language = 'English' AND cl.isofficial = 'T' AND c.continent = 'Europe' AND c.population = 80000,1,1
What is the total population and average area of countries in the continent of North America whose area is bigger than 3000 ?,hard,"select sum(population) ,  avg(surfacearea) from country where continent  =  ""north america"" and surfacearea  >  3000","SELECT SUM(population) AS total_population, AVG(surfacearea) AS average_area FROM country WHERE continent = 'North America' AND surfacearea > 3000","SELECT SUM(T2.population) AS TotalPopulation, AVG(T2.surfacearea) AS AverageArea FROM country AS T2 WHERE T2.continent = 'North America' AND T2.surfacearea > 3000",0,0
Give the total population and average surface area corresponding to countries in North America that have a surface area greater than 3000 .,hard,"select sum(population) ,  avg(surfacearea) from country where continent  =  ""north america"" and surfacearea  >  3000","SELECT SUM(c.population) AS total_population, AVG(c.surfacearea) AS average_surface_area FROM country c WHERE c.continent = 'North America' AND c.surfacearea > 3000","SELECT SUM(T2.population) AS TotalPopulation, AVG(T1.surfacearea) AS AvgSurfaceArea FROM country AS T1 INNER JOIN city AS T2 ON T1.code = T2.countrycode WHERE T1.continent = 'North America' AND T1.surfacearea > 3000",0,0
What are the cities whose population is between 160000 and 900000?,easy,SELECT name FROM city WHERE Population BETWEEN 160000 AND 900000,SELECT name  FROM city  WHERE population BETWEEN 160000 AND 900000,SELECT name FROM city WHERE population BETWEEN 160000 AND 900000,1,1
Return the names of cities that have a population between 160000 and 900000 .,easy,select name from city where population between 160000 and 900000,SELECT name FROM city WHERE population BETWEEN 160000 AND 900000,SELECT name FROM city WHERE population BETWEEN 160000 AND 900000,1,1
Which language is spoken by the largest number of countries?,hard,SELECT LANGUAGE FROM countrylanguage GROUP BY LANGUAGE ORDER BY count(*) DESC LIMIT 1,"SELECT language, COUNT(countrycode) AS num_countries FROM countrylanguage GROUP BY language ORDER BY num_countries DESC LIMIT 1","SELECT cl.language, SUM(cl.percentage) AS total_percentage FROM countrylanguage cl GROUP BY cl.language ORDER BY total_percentage DESC LIMIT 1",0,0
Give the language that is spoken in the most countries.,hard,SELECT LANGUAGE FROM countrylanguage GROUP BY LANGUAGE ORDER BY count(*) DESC LIMIT 1,"SELECT language, COUNT(countrycode) AS country_count FROM countrylanguage GROUP BY language ORDER BY country_count DESC LIMIT 1","SELECT cl.language, COUNT(DISTINCT cl.countrycode) AS country_count FROM countrylanguage AS cl GROUP BY cl.language ORDER BY country_count DESC LIMIT 1",0,0
What is the language spoken by the largest percentage of people in each country?,medium,"SELECT LANGUAGE ,  CountryCode ,  max(Percentage) FROM countrylanguage GROUP BY CountryCode","SELECT cl.countrycode, cl.language, cl.percentage FROM countrylanguage cl JOIN (     SELECT countrycode, MAX(percentage) AS max_percentage     FROM countrylanguage     GROUP BY countrycode ) AS max_lang ON cl.countrycode = max_lang.countrycode AND cl.percentage = max_lang.max_percentage ORDER BY cl.countrycode","SELECT T2.name, T3.language FROM country AS T1 INNER JOIN countrylanguage AS T3 ON T1.code = T3.countrycode INNER JOIN (SELECT countrycode, MAX(percentage) AS max_percentage FROM countrylanguage GROUP BY countrycode) AS T4 ON T3.countrycode = T4.countrycode AND T3.percentage = T4.max_percentage ORDER BY T1.name",0,0
"What are the country codes of the different countries, and what are the languages spoken by the greatest percentage of people for each?",medium,"SELECT LANGUAGE ,  CountryCode ,  max(Percentage) FROM countrylanguage GROUP BY CountryCode","SELECT c.code, cl.language FROM country c JOIN countrylanguage cl ON c.code = cl.countrycode WHERE cl.percentage = (     SELECT MAX(percentage)     FROM countrylanguage     WHERE countrycode = c.code ) ORDER BY c.code","SELECT T2.code, T3.language FROM country AS T2 INNER JOIN countrylanguage AS T3 ON T2.code = T3.countrycode WHERE T3.percentage = (SELECT MAX(percentage) FROM countrylanguage WHERE countrycode = T3.countrycode) GROUP BY T2.code, T3.language",0,0
What is the total number of countries where Spanish is spoken by the largest percentage of people?,extra,"SELECT count(*) ,   max(Percentage) FROM countrylanguage WHERE LANGUAGE  =  ""Spanish"" GROUP BY CountryCode",SELECT COUNT(*) AS total_countries FROM countrylanguage WHERE language = 'Spanish' AND percentage = (     SELECT MAX(percentage)     FROM countrylanguage     WHERE language = 'Spanish' ),SELECT COUNT(DISTINCT T1.countrycode) FROM countrylanguage AS T1 WHERE T1.language = 'Spanish' AND T1.isofficial = 'T' AND T1.percentage = (SELECT MAX(percentage) FROM countrylanguage WHERE language = 'Spanish' AND isofficial = 'T'),0,0
Count the number of countries for which Spanish is the predominantly spoken language.,extra,"SELECT count(*) ,   max(Percentage) FROM countrylanguage WHERE LANGUAGE  =  ""Spanish"" GROUP BY CountryCode",SELECT COUNT(*)  FROM countrylanguage  WHERE language = 'Spanish' AND isofficial = 'True',SELECT COUNT(*) FROM countrylanguage WHERE language = 'Spanish' AND isofficial = 'T',0,0
What are the codes of countries where Spanish is spoken by the largest percentage of people?,medium,"SELECT CountryCode ,  max(Percentage) FROM countrylanguage WHERE LANGUAGE  =  ""Spanish"" GROUP BY CountryCode",SELECT code FROM countrylanguage WHERE language = 'Spanish' ORDER BY percentage DESC LIMIT 1,SELECT cl.countrycode FROM countrylanguage AS cl WHERE cl.language = 'Spanish' ORDER BY cl.percentage DESC LIMIT 1,0,0
Return the codes of countries for which Spanish is the predominantly spoken language.,medium,"SELECT CountryCode ,  max(Percentage) FROM countrylanguage WHERE LANGUAGE  =  ""Spanish"" GROUP BY CountryCode",SELECT countrycode FROM countrylanguage WHERE language = 'Spanish' AND isofficial = 'True' AND percentage = (SELECT MAX(percentage) FROM countrylanguage WHERE language = 'Spanish'),SELECT DISTINCT T2.code FROM countrylanguage AS T1 INNER JOIN country AS T2 ON T1.countrycode = T2.code WHERE T1.language = 'Spanish' AND T1.isofficial = 'T' AND T1.percentage > 50,0,0
How many conductors are there?,easy,SELECT count(*) FROM conductor,SELECT COUNT(*) AS total_conductors FROM conductor,SELECT COUNT(*) FROM conductor,1,1
Count the number of conductors.,easy,SELECT count(*) FROM conductor,SELECT COUNT(*) FROM conductor,SELECT COUNT(*) FROM conductor,1,1
List the names of conductors in ascending order of age.,easy,SELECT Name FROM conductor ORDER BY Age ASC,SELECT name  FROM conductor  ORDER BY age ASC,SELECT name FROM conductor ORDER BY age ASC,1,1
"What are the names of conductors, ordered by age?",easy,SELECT Name FROM conductor ORDER BY Age ASC,SELECT name FROM conductor ORDER BY age,SELECT name FROM conductor ORDER BY age,1,1
"What are the names of conductors whose nationalities are not ""USA""?",easy,SELECT Name FROM conductor WHERE Nationality != 'USA',SELECT name FROM conductor WHERE nationality != 'USA',SELECT DISTINCT T1.name FROM conductor AS T1 WHERE T1.nationality != 'USA',1,1
"Return the names of conductors that do not have the nationality ""USA"".",easy,SELECT Name FROM conductor WHERE Nationality != 'USA',SELECT name FROM conductor WHERE nationality != 'USA',SELECT T1.name FROM conductor AS T1 WHERE T1.nationality != 'USA',1,1
What are the record companies of orchestras in descending order of years in which they were founded?,easy,SELECT Record_Company FROM orchestra ORDER BY Year_of_Founded DESC,SELECT record_company FROM orchestra ORDER BY year_of_founded DESC,NULL,1,0
"Return the record companies of orchestras, sorted descending by the years in which they were founded.",easy,SELECT Record_Company FROM orchestra ORDER BY Year_of_Founded DESC,SELECT record_company FROM orchestra ORDER BY year_of_founded DESC,SELECT DISTINCT O.record_company FROM orchestra AS O ORDER BY O.year_of_founded DESC,1,1
What is the average attendance of shows?,easy,SELECT avg(Attendance) FROM SHOW,SELECT AVG(attendance) AS average_attendance FROM show,NULL,1,0
Return the average attendance across all shows.,easy,SELECT avg(Attendance) FROM SHOW,SELECT AVG(attendance) AS average_attendance FROM show,SELECT AVG(T1.attendance) FROM show AS T1,1,1
"What are the maximum and minimum share of performances whose type is not ""Live final"".",medium,"SELECT max(SHARE) ,  min(SHARE) FROM performance WHERE TYPE != ""Live final""","SELECT MAX(share) AS Max_Share, MIN(share) AS Min_Share FROM performance WHERE type != 'Live final'","SELECT MAX(T1.share), MIN(T1.share) FROM performance AS T1 WHERE T1.type != 'Live final'",1,1
"Return the maximum and minimum shares for performances that do not have the type ""Live final"".",medium,"SELECT max(SHARE) ,  min(SHARE) FROM performance WHERE TYPE != ""Live final""","SELECT MAX(share) AS Max_Share, MIN(share) AS Min_Share FROM performance WHERE type != 'Live final'","SELECT MAX(T1.share), MIN(T1.share) FROM performance AS T1 WHERE T1.type != 'Live final'",1,1
How many different nationalities do conductors have?,easy,SELECT count(DISTINCT Nationality) FROM conductor,SELECT COUNT(DISTINCT nationality) AS distinct_nationalities FROM conductor,SELECT COUNT(DISTINCT nationality) FROM conductor,1,1
Count the number of different nationalities of conductors.,easy,SELECT count(DISTINCT Nationality) FROM conductor,SELECT COUNT(DISTINCT nationality) FROM conductor,SELECT COUNT(DISTINCT nationality) FROM conductor,1,1
List names of conductors in descending order of years of work.,easy,SELECT Name FROM conductor ORDER BY Year_of_Work DESC,SELECT name FROM conductor ORDER BY year_of_work DESC,SELECT c.name FROM conductor AS c ORDER BY c.year_of_work DESC,1,1
"What are the names of conductors, sorted descending by the number of years they have worked?",easy,SELECT Name FROM conductor ORDER BY Year_of_Work DESC,SELECT c.name FROM conductor c ORDER BY c.year_of_work DESC,NULL,1,0
List the name of the conductor with the most years of work.,medium,SELECT Name FROM conductor ORDER BY Year_of_Work DESC LIMIT 1,SELECT c.name FROM conductor c ORDER BY c.year_of_work DESC LIMIT 1,SELECT T1.name FROM conductor AS T1 INNER JOIN orchestra AS T2 ON T1.conductor_id = T2.conductor_id ORDER BY T2.year_of_work DESC LIMIT 1,1,0
What is the name of the conductor who has worked the greatest number of years?,medium,SELECT Name FROM conductor ORDER BY Year_of_Work DESC LIMIT 1,SELECT name FROM conductor ORDER BY year_of_work DESC LIMIT 1,SELECT T1.name FROM conductor AS T1 INNER JOIN orchestra AS T2 ON T1.conductor_id = T2.conductor_id ORDER BY T2.year_of_work DESC LIMIT 1,1,0
Show the names of conductors and the orchestras they have conducted.,medium,"SELECT T1.Name ,  T2.Orchestra FROM conductor AS T1 JOIN orchestra AS T2 ON T1.Conductor_ID  =  T2.Conductor_ID","SELECT c.name AS conductor_name, o.orchestra AS orchestra_name FROM conductor c JOIN orchestra o ON c.conductor_id = o.conductor_id","SELECT T1.name, T2.orchestra FROM conductor AS T1 INNER JOIN orchestra AS T2 ON T1.conductor_id = T2.conductor_id",1,1
What are the names of conductors as well as the corresonding orchestras that they have conducted?,medium,"SELECT T1.Name ,  T2.Orchestra FROM conductor AS T1 JOIN orchestra AS T2 ON T1.Conductor_ID  =  T2.Conductor_ID","SELECT c.name AS conductor_name, o.orchestra AS orchestra_name FROM conductor c JOIN orchestra o ON c.conductor_id = o.conductor_id",NULL,1,0
Show the names of conductors that have conducted more than one orchestras.,medium,SELECT T1.Name FROM conductor AS T1 JOIN orchestra AS T2 ON T1.Conductor_ID  =  T2.Conductor_ID GROUP BY T2.Conductor_ID HAVING COUNT(*)  >  1,SELECT c.name FROM conductor c JOIN orchestra o ON c.conductor_id = o.conductor_id GROUP BY c.conductor_id HAVING COUNT(o.orchestra_id) > 1,SELECT T1.name FROM conductor AS T1 INNER JOIN orchestra AS T2 ON T1.conductor_id = T2.conductor_id GROUP BY T1.conductor_id HAVING COUNT(T2.orchestra_id) > 1,1,1
What are the names of conductors who have conducted at more than one orchestra?,medium,SELECT T1.Name FROM conductor AS T1 JOIN orchestra AS T2 ON T1.Conductor_ID  =  T2.Conductor_ID GROUP BY T2.Conductor_ID HAVING COUNT(*)  >  1,SELECT c.name FROM conductor c JOIN orchestra o ON c.conductor_id = o.conductor_id GROUP BY c.conductor_id HAVING COUNT(DISTINCT o.orchestra_id) > 1,SELECT T1.name FROM conductor AS T1 INNER JOIN orchestra AS T2 ON T1.conductor_id = T2.conductor_id GROUP BY T1.conductor_id HAVING COUNT(T2.orchestra_id) > 1,1,1
Show the name of the conductor that has conducted the most number of orchestras.,extra,SELECT T1.Name FROM conductor AS T1 JOIN orchestra AS T2 ON T1.Conductor_ID  =  T2.Conductor_ID GROUP BY T2.Conductor_ID ORDER BY COUNT(*) DESC LIMIT 1,SELECT c.name FROM conductor c JOIN orchestra o ON c.conductor_id = o.conductor_id GROUP BY c.conductor_id ORDER BY COUNT(o.orchestra_id) DESC LIMIT 1,NULL,1,0
What is the name of the conductor who has conducted the most orchestras?,extra,SELECT T1.Name FROM conductor AS T1 JOIN orchestra AS T2 ON T1.Conductor_ID  =  T2.Conductor_ID GROUP BY T2.Conductor_ID ORDER BY COUNT(*) DESC LIMIT 1,SELECT c.name FROM conductor c JOIN orchestra o ON c.conductor_id = o.conductor_id GROUP BY c.conductor_id ORDER BY COUNT(o.orchestra_id) DESC LIMIT 1,SELECT T1.name FROM conductor AS T1 INNER JOIN orchestra AS T2 ON T1.conductor_id = T2.conductor_id GROUP BY T1.conductor_id ORDER BY COUNT(T2.orchestra_id) DESC LIMIT 1,1,1
Please show the name of the conductor that has conducted orchestras founded after 2008.,medium,SELECT T1.Name FROM conductor AS T1 JOIN orchestra AS T2 ON T1.Conductor_ID  =  T2.Conductor_ID WHERE Year_of_Founded  >  2008,SELECT c.name FROM conductor c JOIN orchestra o ON c.conductor_id = o.conductor_id WHERE o.year_of_founded > 2008,SELECT DISTINCT T1.name FROM conductor AS T1 INNER JOIN orchestra AS T2 ON T1.conductor_id = T2.conductor_id WHERE T2.year_of_founded > 2008,1,1
What are the names of conductors who have conducted orchestras founded after the year 2008?,medium,SELECT T1.Name FROM conductor AS T1 JOIN orchestra AS T2 ON T1.Conductor_ID  =  T2.Conductor_ID WHERE Year_of_Founded  >  2008,SELECT DISTINCT c.name FROM conductor c JOIN orchestra o ON c.conductor_id = o.conductor_id WHERE o.year_of_founded > 2008,NULL,1,0
Please show the different record companies and the corresponding number of orchestras.,medium,"SELECT Record_Company ,  COUNT(*) FROM orchestra GROUP BY Record_Company","SELECT record_company, COUNT(orchestra_id) AS number_of_orchestras FROM orchestra GROUP BY record_company ORDER BY number_of_orchestras DESC","SELECT T2.record_company, COUNT(T2.orchestra_id) AS NumberOfOrchestras FROM orchestra AS T2 GROUP BY T2.record_company",1,1
How many orchestras does each record company manage?,medium,"SELECT Record_Company ,  COUNT(*) FROM orchestra GROUP BY Record_Company","SELECT record_company, COUNT(orchestra_id) AS number_of_orchestras FROM orchestra GROUP BY record_company","SELECT T2.record_company, COUNT(T2.orchestra_id) AS NumberOfOrchestras FROM orchestra AS T2 GROUP BY T2.record_company",1,1
Please show the record formats of orchestras in ascending order of count.,medium,SELECT Major_Record_Format FROM orchestra GROUP BY Major_Record_Format ORDER BY COUNT(*) ASC,"SELECT major_record_format, COUNT(*) AS format_count FROM orchestra GROUP BY major_record_format ORDER BY format_count ASC","SELECT o.major_record_format, COUNT(*) AS format_count FROM orchestra o GROUP BY o.major_record_format ORDER BY format_count ASC",0,0
"What are the major record formats of orchestras, sorted by their frequency?",medium,SELECT Major_Record_Format FROM orchestra GROUP BY Major_Record_Format ORDER BY COUNT(*) ASC,"SELECT major_record_format, COUNT(*) AS frequency FROM orchestra GROUP BY major_record_format ORDER BY frequency DESC","SELECT O.major_record_format, COUNT(*) AS frequency FROM orchestra AS O GROUP BY O.major_record_format ORDER BY frequency DESC",0,0
List the record company shared by the most number of orchestras.,hard,SELECT Record_Company FROM orchestra GROUP BY Record_Company ORDER BY COUNT(*) DESC LIMIT 1,SELECT record_company FROM orchestra GROUP BY record_company ORDER BY COUNT(*) DESC LIMIT 1,SELECT T1.record_company FROM orchestra AS T1 GROUP BY T1.record_company ORDER BY COUNT(T1.orchestra_id) DESC LIMIT 1,1,1
What is the record company used by the greatest number of orchestras?,hard,SELECT Record_Company FROM orchestra GROUP BY Record_Company ORDER BY COUNT(*) DESC LIMIT 1,"SELECT record_company, COUNT(*) AS num_orchestras FROM orchestra GROUP BY record_company ORDER BY num_orchestras DESC LIMIT 1",SELECT T2.record_company FROM orchestra AS T2 GROUP BY T2.record_company ORDER BY COUNT(T2.orchestra_id) DESC LIMIT 1,0,1
List the names of orchestras that have no performance.,hard,SELECT Orchestra FROM orchestra WHERE Orchestra_ID NOT IN (SELECT Orchestra_ID FROM performance),SELECT orchestra.orchestra FROM orchestra LEFT JOIN performance ON orchestra.orchestra_id = performance.orchestra_id WHERE performance.performance_id IS NULL,SELECT T2.orchestra FROM orchestra AS T2 LEFT JOIN performance AS T1 ON T2.orchestra_id = T1.orchestra_id WHERE T1.performance_id IS NULL,1,1
What are the orchestras that do not have any performances?,hard,SELECT Orchestra FROM orchestra WHERE Orchestra_ID NOT IN (SELECT Orchestra_ID FROM performance),"SELECT o.orchestra_id, o.orchestra, o.conductor_id, o.record_company, o.year_of_founded, o.major_record_format FROM orchestra o LEFT JOIN performance p ON o.orchestra_id = p.orchestra_id WHERE p.performance_id IS NULL",SELECT o.orchestra FROM orchestra o LEFT JOIN performance p ON o.orchestra_id = p.orchestra_id WHERE p.performance_id IS NULL,0,1
Show the record companies shared by orchestras founded before 2003 and after 2003.,hard,SELECT Record_Company FROM orchestra WHERE Year_of_Founded  <  2003 INTERSECT SELECT Record_Company FROM orchestra WHERE Year_of_Founded  >  2003,SELECT DISTINCT o1.record_company FROM orchestra o1 JOIN orchestra o2 ON o1.record_company = o2.record_company WHERE o1.year_of_founded < 2003 AND o2.year_of_founded > 2003,SELECT DISTINCT T1.record_company FROM orchestra AS T1 INNER JOIN orchestra AS T2 ON T1.record_company = T2.record_company WHERE T1.year_of_founded < 2003 AND T2.year_of_founded > 2003,1,1
What are the record companies that are used by both orchestras founded before 2003 and those founded after 2003?,hard,SELECT Record_Company FROM orchestra WHERE Year_of_Founded  <  2003 INTERSECT SELECT Record_Company FROM orchestra WHERE Year_of_Founded  >  2003,SELECT DISTINCT o1.record_company FROM orchestra o1 JOIN orchestra o2 ON o1.record_company = o2.record_company WHERE o1.year_of_founded < 2003 AND o2.year_of_founded > 2003,SELECT DISTINCT O1.record_company FROM orchestra AS O1 INNER JOIN orchestra AS O2 ON O1.record_company = O2.record_company WHERE O1.year_of_founded < 2003 AND O2.year_of_founded > 2003,1,1
"Find the number of orchestras whose record format is ""CD"" or ""DVD"".",medium,"SELECT COUNT(*) FROM orchestra WHERE Major_Record_Format  =  ""CD"" OR Major_Record_Format  =  ""DVD""","SELECT COUNT(*) AS number_of_orchestras FROM orchestra WHERE major_record_format IN ('CD', 'DVD')","SELECT COUNT(*) FROM orchestra WHERE major_record_format IN ('CD', 'DVD')",1,1
Count the number of orchestras that have CD or DVD as their record format.,medium,"SELECT COUNT(*) FROM orchestra WHERE Major_Record_Format  =  ""CD"" OR Major_Record_Format  =  ""DVD""","SELECT COUNT(*) FROM orchestra WHERE major_record_format IN ('CD', 'DVD')","SELECT COUNT(*) FROM orchestra WHERE major_record_format IN ('CD', 'DVD')",1,1
Show the years in which orchestras that have given more than one performance are founded.,medium,SELECT Year_of_Founded FROM orchestra AS T1 JOIN performance AS T2 ON T1.Orchestra_ID  =  T2.Orchestra_ID GROUP BY T2.Orchestra_ID HAVING COUNT(*)  >  1,SELECT o.year_of_founded FROM orchestra o JOIN performance p ON o.orchestra_id = p.orchestra_id GROUP BY o.orchestra_id HAVING COUNT(p.performance_id) > 1,SELECT O.year_of_founded FROM orchestra AS O INNER JOIN (SELECT conductor_id FROM performance GROUP BY conductor_id HAVING COUNT(performance_id) > 1) AS P ON O.conductor_id = P.conductor_id,1,0
What are years of founding for orchestras that have had more than a single performance?,medium,SELECT Year_of_Founded FROM orchestra AS T1 JOIN performance AS T2 ON T1.Orchestra_ID  =  T2.Orchestra_ID GROUP BY T2.Orchestra_ID HAVING COUNT(*)  >  1,SELECT o.year_of_founded FROM orchestra o JOIN performance p ON o.orchestra_id = p.orchestra_id GROUP BY o.orchestra_id HAVING COUNT(p.performance_id) > 1,SELECT DISTINCT T2.year_of_founded FROM orchestra AS T2 INNER JOIN performance AS T1 ON T2.orchestra_id = T1.orchestra_id WHERE T1.type = 'concert' GROUP BY T2.orchestra_id HAVING COUNT(T1.performance_id) > 1,1,1
How many high schoolers are there?,easy,SELECT count(*) FROM Highschooler,SELECT COUNT(*) FROM highschooler,SELECT COUNT(*) FROM highschooler,1,1
Count the number of high schoolers.,easy,SELECT count(*) FROM Highschooler,SELECT COUNT(*) FROM highschooler,SELECT COUNT(*) FROM highschooler,1,1
Show the names and grades of each high schooler.,medium,"SELECT name ,  grade FROM Highschooler","SELECT name, grade FROM highschooler","SELECT name, grade FROM highschooler",1,1
What are the names and grades for each high schooler?,medium,"SELECT name ,  grade FROM Highschooler","SELECT name, grade FROM highschooler","SELECT name, grade FROM highschooler",1,1
Show all the grades of the high schoolers.,easy,SELECT grade FROM Highschooler,SELECT grade FROM highschooler,SELECT grade FROM highschooler,1,1
What is the grade of each high schooler?,easy,SELECT grade FROM Highschooler,SELECT grade FROM highschooler,"SELECT name, grade FROM highschooler",1,0
What grade is Kyle in?,easy,"SELECT grade FROM Highschooler WHERE name  =  ""Kyle""",SELECT grade FROM highschooler WHERE name = 'Kyle',SELECT grade FROM highschooler WHERE name = 'Kyle',1,1
Return the grade for the high schooler named Kyle.,easy,"SELECT grade FROM Highschooler WHERE name  =  ""Kyle""",SELECT grade FROM highschooler WHERE name = 'Kyle',SELECT grade FROM highschooler WHERE name = 'Kyle',1,1
Show the names of all high schoolers in grade 10.,easy,SELECT name FROM Highschooler WHERE grade  =  10,SELECT name FROM highschooler WHERE grade = 10,SELECT name FROM highschooler WHERE grade = 10,1,1
What are the names of all high schoolers in grade 10?,easy,SELECT name FROM Highschooler WHERE grade  =  10,SELECT name FROM highschooler WHERE grade = 10,SELECT name FROM highschooler WHERE grade = 10,1,1
Show the ID of the high schooler named Kyle.,easy,"SELECT ID FROM Highschooler WHERE name  =  ""Kyle""",SELECT id FROM highschooler WHERE name = 'Kyle',SELECT id FROM highschooler WHERE name = 'Kyle',1,1
What is Kyle's id?,easy,"SELECT ID FROM Highschooler WHERE name  =  ""Kyle""",SELECT id FROM highschooler WHERE name = 'Kyle',SELECT id FROM highschooler WHERE name = 'Kyle',1,1
How many high schoolers are there in grade 9 or 10?,medium,SELECT count(*) FROM Highschooler WHERE grade  =  9 OR grade  =  10,"SELECT COUNT(*) FROM highschooler WHERE grade IN (9, 10)",SELECT COUNT(*) FROM highschooler WHERE grade = 9 OR grade = 10,1,1
Count the number of high schoolers in grades 9 or 10.,medium,SELECT count(*) FROM Highschooler WHERE grade  =  9 OR grade  =  10,"SELECT COUNT(*) FROM highschooler WHERE grade IN (9, 10)",SELECT COUNT(*) FROM highschooler WHERE grade = 9 OR grade = 10,1,1
Show the number of high schoolers for each grade.,medium,"SELECT grade ,  count(*) FROM Highschooler GROUP BY grade","SELECT grade, COUNT(*) AS number_of_high_schoolers FROM highschooler GROUP BY grade","SELECT grade, COUNT(*) AS num_highschoolers FROM highschooler GROUP BY grade",1,1
How many high schoolers are in each grade?,medium,"SELECT grade ,  count(*) FROM Highschooler GROUP BY grade","SELECT grade, COUNT(*) AS num_students FROM highschooler GROUP BY grade","SELECT grade, COUNT(*) AS num_students FROM highschooler GROUP BY grade",1,1
Which grade has the most high schoolers?,hard,SELECT grade FROM Highschooler GROUP BY grade ORDER BY count(*) DESC LIMIT 1,"SELECT grade, COUNT(*) AS num_students FROM highschooler GROUP BY grade ORDER BY num_students DESC LIMIT 1","SELECT grade, COUNT(*) AS count FROM highschooler GROUP BY grade ORDER BY count DESC LIMIT 1",0,0
Return the grade that has the greatest number of high schoolers.,hard,SELECT grade FROM Highschooler GROUP BY grade ORDER BY count(*) DESC LIMIT 1,"SELECT grade, COUNT(*) AS num_students FROM highschooler GROUP BY grade ORDER BY num_students DESC LIMIT 1",SELECT grade FROM highschooler GROUP BY grade ORDER BY COUNT(*) DESC LIMIT 1,0,1
Show me all grades that have at least 4 students.,easy,SELECT grade FROM Highschooler GROUP BY grade HAVING count(*)  >=  4,"SELECT grade, COUNT(*) AS num_students FROM highschooler GROUP BY grade HAVING COUNT(*) >= 4",SELECT grade FROM highschooler GROUP BY grade HAVING COUNT(id) >= 4,0,1
Which grades have 4 or more high schoolers?,easy,SELECT grade FROM Highschooler GROUP BY grade HAVING count(*)  >=  4,"SELECT grade, COUNT(*) AS num_students FROM highschooler GROUP BY grade HAVING COUNT(*) >= 4",SELECT grade FROM highschooler GROUP BY grade HAVING COUNT(id) >= 4,0,1
Show the student IDs and numbers of friends corresponding to each.,medium,"SELECT student_id ,  count(*) FROM Friend GROUP BY student_id","SELECT student_id, COUNT(friend_id) AS num_friends FROM friend GROUP BY student_id","SELECT HS.id, COUNT(F.friend_id) AS num_friends FROM highschooler AS HS LEFT JOIN friend AS F ON HS.id = F.student_id GROUP BY HS.id",1,0
How many friends does each student have?,medium,"SELECT student_id ,  count(*) FROM Friend GROUP BY student_id","SELECT student_id, COUNT(friend_id) AS num_friends FROM friend GROUP BY student_id","SELECT T1.student_id, COUNT(T2.friend_id) AS num_friends FROM friend AS T1 LEFT JOIN friend AS T2 ON T1.student_id = T2.friend_id GROUP BY T1.student_id",1,0
Show the names of high school students and their corresponding number of friends.,medium,"SELECT T2.name ,  count(*) FROM Friend AS T1 JOIN Highschooler AS T2 ON T1.student_id  =  T2.id GROUP BY T1.student_id","SELECT h.name, COUNT(f.friend_id) AS num_friends FROM highschooler h LEFT JOIN friend f ON h.id = f.student_id GROUP BY h.id ORDER BY h.name","SELECT H.name, COUNT(F.friend_id) AS num_friends FROM highschooler AS H LEFT JOIN friend AS F ON H.id = F.student_id GROUP BY H.id ORDER BY num_friends DESC, H.name",0,0
What are the names of the high schoolers and how many friends does each have?,medium,"SELECT T2.name ,  count(*) FROM Friend AS T1 JOIN Highschooler AS T2 ON T1.student_id  =  T2.id GROUP BY T1.student_id","SELECT h.name, COUNT(f.friend_id) AS num_friends FROM highschooler h LEFT JOIN friend f ON h.id = f.student_id GROUP BY h.id ORDER BY h.name","SELECT HS.name, COUNT(F.friend_id) AS num_friends FROM highschooler AS HS LEFT JOIN friend AS F ON HS.id = F.student_id GROUP BY HS.id",0,0
What is the name of the high schooler who has the greatest number of friends?,extra,SELECT T2.name FROM Friend AS T1 JOIN Highschooler AS T2 ON T1.student_id  =  T2.id GROUP BY T1.student_id ORDER BY count(*) DESC LIMIT 1,SELECT h.name FROM highschooler h JOIN friend f ON h.id = f.student_id GROUP BY h.id ORDER BY COUNT(f.friend_id) DESC LIMIT 1,NULL,1,0
Return the name of the high school student with the most friends.,extra,SELECT T2.name FROM Friend AS T1 JOIN Highschooler AS T2 ON T1.student_id  =  T2.id GROUP BY T1.student_id ORDER BY count(*) DESC LIMIT 1,SELECT h.name FROM highschooler h JOIN friend f ON h.id = f.student_id GROUP BY h.id ORDER BY COUNT(f.friend_id) DESC LIMIT 1,NULL,1,0
Show the names of high schoolers who have at least 3 friends.,medium,SELECT T2.name FROM Friend AS T1 JOIN Highschooler AS T2 ON T1.student_id  =  T2.id GROUP BY T1.student_id HAVING count(*)  >=  3,SELECT h.name FROM highschooler h JOIN friend f ON h.id = f.student_id GROUP BY h.id HAVING COUNT(f.friend_id) >= 3,SELECT hs.name FROM highschooler AS hs INNER JOIN friend AS fr ON hs.id = fr.student_id GROUP BY hs.id HAVING COUNT(fr.friend_id) >= 3,1,1
What are the names of high schoolers who have 3 or more friends?,medium,SELECT T2.name FROM Friend AS T1 JOIN Highschooler AS T2 ON T1.student_id  =  T2.id GROUP BY T1.student_id HAVING count(*)  >=  3,SELECT h.name FROM highschooler h JOIN friend f ON h.id = f.student_id GROUP BY h.id HAVING COUNT(f.friend_id) >= 3,SELECT H.name FROM highschooler AS H INNER JOIN friend AS F ON H.id = F.student_id GROUP BY H.id HAVING COUNT(F.friend_id) >= 3,1,1
Show the names of all of the high schooler Kyle's friends.,hard,"SELECT T3.name FROM Friend AS T1 JOIN Highschooler AS T2 ON T1.student_id  =  T2.id JOIN Highschooler AS T3 ON T1.friend_id  =  T3.id WHERE T2.name  =  ""Kyle""",SELECT h.name FROM highschooler h JOIN friend f ON h.id = f.friend_id WHERE f.student_id IN (   SELECT id   FROM highschooler   WHERE name = 'Kyle' ),SELECT DISTINCT T2.name FROM highschooler AS T1 INNER JOIN friend AS T3 ON T1.id = T3.student_id INNER JOIN highschooler AS T2 ON T3.friend_id = T2.id WHERE T1.name = 'Kyle',1,1
Return the names of friends of the high school student Kyle.,hard,"SELECT T3.name FROM Friend AS T1 JOIN Highschooler AS T2 ON T1.student_id  =  T2.id JOIN Highschooler AS T3 ON T1.friend_id  =  T3.id WHERE T2.name  =  ""Kyle""",SELECT h.name FROM highschooler h JOIN friend f ON h.id = f.friend_id WHERE f.student_id IN (   SELECT id   FROM highschooler   WHERE name = 'Kyle' ),SELECT DISTINCT T2.name FROM highschooler AS T1 INNER JOIN friend AS T3 ON T1.id = T3.friend_id INNER JOIN highschooler AS T2 ON T3.student_id = T2.id WHERE T1.name = 'Kyle',1,0
How many friends does the high school student Kyle have?,medium,"SELECT count(*) FROM Friend AS T1 JOIN Highschooler AS T2 ON T1.student_id  =  T2.id WHERE T2.name  =  ""Kyle""",SELECT COUNT(*) FROM friend WHERE student_id IN (SELECT id FROM highschooler WHERE name = 'Kyle'),SELECT COUNT(F.friend_id) FROM friend AS F INNER JOIN highschooler AS H ON F.friend_id = H.id WHERE H.name = 'Kyle',1,0
Count the number of friends Kyle has.,medium,"SELECT count(*) FROM Friend AS T1 JOIN Highschooler AS T2 ON T1.student_id  =  T2.id WHERE T2.name  =  ""Kyle""",SELECT COUNT(*) AS num_friends FROM friend WHERE student_id IN (SELECT id FROM highschooler WHERE name = 'Kyle'),SELECT COUNT(F.friend_id) FROM friend AS F INNER JOIN highschooler AS H ON F.friend_id = H.id WHERE H.name = 'Kyle',1,0
Show ids of all students who do not have any friends.,hard,SELECT id FROM Highschooler EXCEPT SELECT student_id FROM Friend,SELECT id FROM highschooler WHERE id NOT IN (SELECT student_id FROM friend),SELECT hs.id FROM highschooler AS hs LEFT JOIN friend AS fr ON hs.id = fr.student_id WHERE fr.student_id IS NULL,1,1
What are the ids of high school students who do not have friends?,hard,SELECT id FROM Highschooler EXCEPT SELECT student_id FROM Friend,SELECT id FROM highschooler WHERE id NOT IN (SELECT student_id FROM friend) AND id NOT IN (SELECT liked_id FROM likes),NULL,1,0
Show names of all high school students who do not have any friends.,hard,SELECT name FROM Highschooler EXCEPT SELECT T2.name FROM Friend AS T1 JOIN Highschooler AS T2 ON T1.student_id  =  T2.id,SELECT name FROM highschooler WHERE id NOT IN (SELECT student_id FROM friend),SELECT name FROM highschooler WHERE id NOT IN (SELECT student_id FROM friend),1,1
What are the names of students who have no friends?,hard,SELECT name FROM Highschooler EXCEPT SELECT T2.name FROM Friend AS T1 JOIN Highschooler AS T2 ON T1.student_id  =  T2.id,SELECT h.name FROM highschooler h LEFT JOIN friend f ON h.id = f.student_id WHERE f.student_id IS NULL,SELECT hs.name FROM highschooler AS hs LEFT JOIN friend AS fr ON hs.id = fr.student_id WHERE fr.friend_id IS NULL,1,1
Show the ids of high schoolers who have friends and are also liked by someone else.,hard,SELECT student_id FROM Friend INTERSECT SELECT liked_id FROM Likes,SELECT DISTINCT h.id FROM highschooler h JOIN friend f ON h.id = f.student_id JOIN likes l ON h.id = l.liked_id,SELECT DISTINCT HS.id FROM highschooler AS HS INNER JOIN friend AS F ON HS.id = F.friend_id INNER JOIN likes AS L ON HS.id = L.liked_id,1,1
What are the ids of students who both have friends and are liked?,hard,SELECT student_id FROM Friend INTERSECT SELECT liked_id FROM Likes,SELECT DISTINCT h.id FROM highschooler h JOIN friend f ON h.id = f.student_id JOIN likes l ON h.id = l.liked_id,NULL,1,0
Show name of all students who have some friends and also are liked by someone else.,hard,SELECT T2.name FROM Friend AS T1 JOIN Highschooler AS T2 ON T1.student_id  =  T2.id INTERSECT SELECT T2.name FROM Likes AS T1 JOIN Highschooler AS T2 ON T1.liked_id  =  T2.id,SELECT DISTINCT h.name FROM highschooler h JOIN friend f ON h.id = f.student_id JOIN likes l ON h.id = l.liked_id,SELECT DISTINCT hs.name FROM highschooler AS hs INNER JOIN friend AS fr ON hs.id = fr.friend_id INNER JOIN likes AS ls ON hs.id = ls.liked_id,1,1
What are the names of high schoolers who both have friends and are liked?,hard,SELECT T2.name FROM Friend AS T1 JOIN Highschooler AS T2 ON T1.student_id  =  T2.id INTERSECT SELECT T2.name FROM Likes AS T1 JOIN Highschooler AS T2 ON T1.liked_id  =  T2.id,SELECT DISTINCT h.name FROM highschooler h JOIN friend f ON h.id = f.student_id JOIN likes l ON h.id = l.liked_id,SELECT DISTINCT HS1.name FROM highschooler AS HS1 INNER JOIN friend AS F1 ON HS1.id = F1.student_id INNER JOIN likes AS L1 ON HS1.id = L1.liked_id,1,1
Count the number of likes for each student id.,medium,"SELECT student_id ,  count(*) FROM Likes GROUP BY student_id","SELECT student_id, COUNT(liked_id) AS likes_count FROM likes GROUP BY student_id","SELECT student_id, COUNT(liked_id) AS likes_count FROM likes GROUP BY student_id",1,1
How many likes correspond to each student id?,medium,"SELECT student_id ,  count(*) FROM Likes GROUP BY student_id","SELECT student_id, COUNT(liked_id) AS likes_count FROM likes GROUP BY student_id",NULL,1,0
"Show the names of high schoolers who have likes, and numbers of likes for each.",medium,"SELECT T2.name ,  count(*) FROM Likes AS T1 JOIN Highschooler AS T2 ON T1.student_id  =  T2.id GROUP BY T1.student_id","SELECT h.name, COUNT(l.liked_id) AS num_likes FROM highschooler h JOIN likes l ON h.id = l.student_id GROUP BY h.id HAVING COUNT(l.liked_id) > 0","SELECT HS.name, COUNT(L.liked_id) AS num_likes FROM highschooler AS HS INNER JOIN likes AS L ON HS.id = L.student_id GROUP BY HS.id",1,1
"What are the names of high schoolers who have likes, and how many likes does each have?",medium,"SELECT T2.name ,  count(*) FROM Likes AS T1 JOIN Highschooler AS T2 ON T1.student_id  =  T2.id GROUP BY T1.student_id","SELECT h.name, COUNT(l.liked_id) AS likes_count FROM highschooler h JOIN likes l ON h.id = l.student_id GROUP BY h.id ORDER BY likes_count DESC, h.name","SELECT HS.name, COUNT(L.liked_id) AS num_likes FROM highschooler AS HS INNER JOIN likes AS L ON HS.id = L.student_id GROUP BY HS.id",1,1
What is the name of the high schooler who has the greatest number of likes?,extra,SELECT T2.name FROM Likes AS T1 JOIN Highschooler AS T2 ON T1.student_id  =  T2.id GROUP BY T1.student_id ORDER BY count(*) DESC LIMIT 1,SELECT h.name FROM highschooler h JOIN likes l ON h.id = l.liked_id GROUP BY h.id ORDER BY COUNT(*) DESC LIMIT 1,NULL,0,0
Give the name of the student with the most likes.,extra,SELECT T2.name FROM Likes AS T1 JOIN Highschooler AS T2 ON T1.student_id  =  T2.id GROUP BY T1.student_id ORDER BY count(*) DESC LIMIT 1,SELECT h.name FROM highschooler h JOIN likes l ON h.id = l.liked_id ORDER BY COUNT(l.liked_id) DESC LIMIT 1,SELECT H.name FROM highschooler AS H INNER JOIN likes AS L ON H.id = L.liked_id GROUP BY H.id ORDER BY COUNT(L.liked_id) DESC LIMIT 1,0,0
Show the names of students who have at least 2 likes.,medium,SELECT T2.name FROM Likes AS T1 JOIN Highschooler AS T2 ON T1.student_id  =  T2.id GROUP BY T1.student_id HAVING count(*)  >=  2,SELECT h.name FROM highschooler h JOIN likes l1 ON h.id = l1.student_id GROUP BY h.id HAVING COUNT(l1.liked_id) >= 2,SELECT hs.name FROM highschooler AS hs JOIN likes AS l1 ON hs.id = l1.student_id GROUP BY hs.id HAVING COUNT(l1.liked_id) >= 2,1,1
What are the names of students who have 2 or more likes?,medium,SELECT T2.name FROM Likes AS T1 JOIN Highschooler AS T2 ON T1.student_id  =  T2.id GROUP BY T1.student_id HAVING count(*)  >=  2,SELECT h.name FROM highschooler h JOIN likes l ON h.id = l.liked_id GROUP BY h.id HAVING COUNT(l.student_id) >= 2,SELECT hs.name FROM highschooler AS hs INNER JOIN likes AS l1 ON hs.id = l1.student_id INNER JOIN likes AS l2 ON hs.id = l2.liked_id WHERE hs.id IN (   SELECT student_id   FROM likes   GROUP BY student_id   HAVING COUNT(liked_id) >= 2 ),0,1
Show the names of students who have a grade higher than 5 and have at least 2 friends.,hard,SELECT T2.name FROM Friend AS T1 JOIN Highschooler AS T2 ON T1.student_id  =  T2.id WHERE T2.grade  >  5 GROUP BY T1.student_id HAVING count(*)  >=  2,SELECT h.name FROM highschooler h JOIN friend f ON h.id = f.student_id WHERE h.grade > 5 GROUP BY h.id HAVING COUNT(f.friend_id) >= 2,SELECT hs.name FROM highschooler AS hs INNER JOIN friend AS fr ON hs.id = fr.student_id WHERE hs.grade > 5 GROUP BY hs.id HAVING COUNT(fr.friend_id) >= 2,1,1
What are the names of high schoolers who have a grade of over 5 and have 2 or more friends?,hard,SELECT T2.name FROM Friend AS T1 JOIN Highschooler AS T2 ON T1.student_id  =  T2.id WHERE T2.grade  >  5 GROUP BY T1.student_id HAVING count(*)  >=  2,SELECT h.name FROM highschooler h JOIN friend f ON h.id = f.student_id WHERE h.grade > 5 GROUP BY h.id HAVING COUNT(f.friend_id) >= 2,SELECT HS.name FROM highschooler AS HS INNER JOIN friend AS F ON HS.id = F.student_id INNER JOIN likes AS L ON HS.id = L.liked_id WHERE HS.grade > 5 GROUP BY HS.id HAVING COUNT(F.friend_id) >= 2,1,0
How many likes does Kyle have?,medium,"SELECT count(*) FROM Likes AS T1 JOIN Highschooler AS T2 ON T1.student_id  =  T2.id WHERE T2.name  =  ""Kyle""",SELECT COUNT(*) FROM likes WHERE student_id = (SELECT id FROM highschooler WHERE name = 'Kyle'),SELECT COUNT(*) FROM likes AS L1 INNER JOIN highschooler AS H1 ON L1.liked_id = H1.id WHERE H1.name = 'Kyle',1,1
Return the number of likes that the high schooler named Kyle has.,medium,"SELECT count(*) FROM Likes AS T1 JOIN Highschooler AS T2 ON T1.student_id  =  T2.id WHERE T2.name  =  ""Kyle""",SELECT COUNT(*) AS num_likes FROM likes WHERE liked_id = (   SELECT id   FROM highschooler   WHERE name = 'Kyle' ),SELECT COUNT(*) FROM likes WHERE liked_id = (SELECT id FROM highschooler WHERE name = 'Kyle'),1,1
Find the average grade of all students who have some friends.,hard,SELECT avg(grade) FROM Highschooler WHERE id IN (SELECT T1.student_id FROM Friend AS T1 JOIN Highschooler AS T2 ON T1.student_id  =  T2.id),SELECT AVG(grade) FROM highschooler WHERE id IN (SELECT student_id FROM friend),SELECT AVG(T1.grade) FROM highschooler AS T1 INNER JOIN friend AS T2 ON T1.id = T2.student_id GROUP BY T1.id HAVING COUNT(T2.friend_id) > 0,1,0
What is the average grade of students who have friends?,hard,SELECT avg(grade) FROM Highschooler WHERE id IN (SELECT T1.student_id FROM Friend AS T1 JOIN Highschooler AS T2 ON T1.student_id  =  T2.id),SELECT AVG(h.grade) AS average_grade FROM highschooler h JOIN friend f ON h.id = f.student_id GROUP BY f.student_id,SELECT AVG(T1.grade) FROM highschooler AS T1 INNER JOIN friend AS T2 ON T1.id = T2.student_id,0,0
Find the minimum grade of students who have no friends.,extra,SELECT min(grade) FROM Highschooler WHERE id NOT IN (SELECT T1.student_id FROM Friend AS T1 JOIN Highschooler AS T2 ON T1.student_id  =  T2.id),SELECT MIN(grade) FROM highschooler WHERE id NOT IN (SELECT student_id FROM friend UNION SELECT friend_id FROM friend),SELECT MIN(T1.grade) FROM highschooler AS T1 LEFT JOIN friend AS T2 ON T1.id = T2.student_id WHERE T2.student_id IS NULL,0,1
What is the lowest grade of students who do not have any friends?,extra,SELECT min(grade) FROM Highschooler WHERE id NOT IN (SELECT T1.student_id FROM Friend AS T1 JOIN Highschooler AS T2 ON T1.student_id  =  T2.id),SELECT MIN(grade) FROM highschooler WHERE id NOT IN (   SELECT student_id   FROM friend   UNION   SELECT friend_id   FROM friend ),NULL,0,0
Which states have both owners and professionals living there?,hard,SELECT state FROM Owners INTERSECT SELECT state FROM Professionals,SELECT DISTINCT o.state FROM owners o JOIN professionals p ON o.state = p.state ORDER BY o.state,SELECT DISTINCT T1.state FROM owners AS T1 INNER JOIN professionals AS T2 ON T1.state = T2.state,1,1
Find the states where both owners and professionals live.,hard,SELECT state FROM Owners INTERSECT SELECT state FROM Professionals,SELECT DISTINCT o.state FROM owners o WHERE o.state IN (     SELECT p.state     FROM professionals p ) AND o.state IN (     SELECT DISTINCT p.state     FROM professionals p ),SELECT DISTINCT T1.state FROM owners AS T1 INNER JOIN professionals AS T2 ON T1.state = T2.state,1,1
What is the average age of the dogs who have gone through any treatments?,hard,SELECT avg(age) FROM Dogs WHERE dog_id IN ( SELECT dog_id FROM Treatments ),SELECT AVG(d.age) AS average_age FROM dogs d JOIN treatments t ON d.dog_id = t.dog_id,SELECT AVG(T2.age) FROM dogs AS T1 INNER JOIN treatments AS T2 ON T1.dog_id = T2.dog_id,0,0
Find the average age of the dogs who went through treatments.,hard,SELECT avg(age) FROM Dogs WHERE dog_id IN ( SELECT dog_id FROM Treatments ),SELECT AVG(d.age) AS average_age FROM dogs d JOIN treatments t ON d.dog_id = t.dog_id,SELECT AVG(T2.age) FROM dogs AS T1 INNER JOIN treatments AS T2 ON T1.dog_id = T2.dog_id WHERE T2.date_of_treatment BETWEEN '2020-01-01' AND '2020-12-31',0,0
"Which professionals live in the state of Indiana or have done treatment on more than 2 treatments? List his or her id, last name and cell phone.",extra,"SELECT professional_id ,  last_name ,  cell_number FROM Professionals WHERE state  =  'Indiana' UNION SELECT T1.professional_id ,  T1.last_name ,  T1.cell_number FROM Professionals AS T1 JOIN Treatments AS T2 ON T1.professional_id  =  T2.professional_id GROUP BY T1.professional_id HAVING count(*)  >  2","SELECT p.professional_id, p.last_name, p.cell_number FROM professionals p LEFT JOIN treatments t ON p.professional_id = t.professional_id WHERE p.state = 'IN' OR (SELECT COUNT(*) FROM treatments WHERE professional_id = p.professional_id) > 2 ","SELECT P.professional_id, P.last_name, P.cell_number FROM professionals AS P LEFT JOIN treatments AS T ON P.professional_id = T.professional_id WHERE P.state = 'Indiana' OR P.professional_id IN (SELECT professional_id FROM treatments GROUP BY professional_id HAVING COUNT(treatment_id) > 2)",0,1
"Find the id, last name and cell phone of the professionals who live in the state of Indiana or have performed more than two treatments.",extra,"SELECT professional_id ,  last_name ,  cell_number FROM Professionals WHERE state  =  'Indiana' UNION SELECT T1.professional_id ,  T1.last_name ,  T1.cell_number FROM Professionals AS T1 JOIN Treatments AS T2 ON T1.professional_id  =  T2.professional_id GROUP BY T1.professional_id HAVING count(*)  >  2","SELECT p.professional_id, p.last_name, p.cell_number FROM professionals p LEFT JOIN treatments t ON p.professional_id = t.professional_id WHERE p.state = 'IN' OR COUNT(t.treatment_id) > 2 GROUP BY p.professional_id HAVING COUNT(t.treatment_id) > 2 OR p.state = 'IN'","SELECT T1.professional_id, T1.last_name, T1.cell_number FROM professionals AS T1 WHERE T1.state = 'Indiana' OR T1.professional_id IN (SELECT T2.professional_id FROM treatments AS T2 GROUP BY T2.professional_id HAVING COUNT(T2.treatment_id) > 2)",0,1
Which dogs have not cost their owner more than 1000 for treatment ? List the dog names .,hard,select name from dogs where dog_id not in ( select dog_id from treatments group by dog_id having sum(cost_of_treatment)  >  1000 ),SELECT d.name FROM dogs d JOIN treatments t ON d.dog_id = t.dog_id JOIN charges c ON t.charge_id = c.charge_id WHERE c.charge_amount <= 1000,SELECT T2.name FROM dogs AS T2 INNER JOIN treatments AS T1 ON T2.dog_id = T1.dog_id WHERE T1.cost_of_treatment <= 1000,0,0
What are the names of the dogs for which the owner has not spend more than 1000 for treatment ?,hard,select name from dogs where dog_id not in ( select dog_id from treatments group by dog_id having sum(cost_of_treatment)  >  1000 ),SELECT d.name FROM dogs d WHERE d.owner_id IN (     SELECT t.dog_id     FROM treatments t     GROUP BY t.dog_id     HAVING SUM(t.cost_of_treatment) <= 1000 ) ,SELECT T2.name FROM dogs AS T2 INNER JOIN treatments AS T1 ON T2.dog_id = T1.dog_id INNER JOIN owners AS T3 ON T2.owner_id = T3.owner_id WHERE T3.owner_id IN (SELECT T4.owner_id FROM treatments AS T5 INNER JOIN owners AS T4 ON T5.owner_id = T4.owner_id GROUP BY T5.owner_id HAVING SUM(T5.charge_amount) <= 1000),0,0
Which first names are used for professionals or owners but are not used as dog names?,hard,SELECT first_name FROM Professionals UNION SELECT first_name FROM Owners EXCEPT SELECT name FROM Dogs,SELECT DISTINCT first_name FROM (   SELECT first_name FROM professionals   UNION   SELECT first_name FROM owners ) AS all_names WHERE first_name NOT IN (   SELECT name FROM dogs ),SELECT DISTINCT T1.first_name FROM (SELECT first_name FROM professionals UNION SELECT first_name FROM owners) AS T1 LEFT JOIN dogs AS T2 ON T1.first_name = T2.name WHERE T2.name IS NULL,1,1
Find the first names that are used for professionals or owners but are not used as dog names.,hard,SELECT first_name FROM Professionals UNION SELECT first_name FROM Owners EXCEPT SELECT name FROM Dogs,SELECT DISTINCT first_name FROM (   SELECT first_name FROM professionals   UNION   SELECT first_name FROM owners ) AS names WHERE first_name NOT IN (SELECT name FROM dogs),SELECT DISTINCT T1.first_name FROM (SELECT first_name FROM professionals UNION SELECT first_name FROM owners) AS T1 LEFT JOIN dogs AS T2 ON T1.first_name = T2.name WHERE T2.name IS NULL,1,1
"Which professional did not operate any treatment on dogs? List the professional's id, role and email.",extra,"SELECT professional_id ,  role_code ,  email_address FROM Professionals EXCEPT SELECT T1.professional_id ,  T1.role_code ,  T1.email_address FROM Professionals AS T1 JOIN Treatments AS T2 ON T1.professional_id  =  T2.professional_id","SELECT p.professional_id, p.role_code, p.email_address FROM professionals p LEFT JOIN treatments t ON p.professional_id = t.professional_id WHERE t.treatment_id IS NULL","SELECT P.professional_id, P.role_code, P.email_address FROM professionals AS P LEFT JOIN treatments AS T ON P.professional_id = T.professional_id WHERE T.treatment_id IS NULL",1,1
"Give me the id, role and email of the professionals who did not perform any treatment on dogs.",extra,"SELECT professional_id ,  role_code ,  email_address FROM Professionals EXCEPT SELECT T1.professional_id ,  T1.role_code ,  T1.email_address FROM Professionals AS T1 JOIN Treatments AS T2 ON T1.professional_id  =  T2.professional_id","SELECT p.professional_id, p.role_code, p.email_address FROM professionals p LEFT JOIN treatments t ON p.professional_id = t.professional_id WHERE t.treatment_id IS NULL","SELECT P.professional_id, P.role_code, P.email_address FROM professionals AS P LEFT JOIN treatments AS T ON P.professional_id = T.professional_id WHERE T.treatment_id IS NULL",1,1
"Which owner owns the most dogs? List the owner id, first name and last name.",extra,"SELECT T1.owner_id ,  T2.first_name ,  T2.last_name FROM Dogs AS T1 JOIN Owners AS T2 ON T1.owner_id  =  T2.owner_id GROUP BY T1.owner_id ORDER BY count(*) DESC LIMIT 1","SELECT o.owner_id, o.first_name, o.last_name FROM owners o JOIN dogs d ON o.owner_id = d.owner_id GROUP BY o.owner_id ORDER BY COUNT(d.dog_id) DESC LIMIT 1","SELECT T1.owner_id, T1.first_name, T1.last_name FROM owners AS T1 INNER JOIN dogs AS T2 ON T1.owner_id = T2.owner_id GROUP BY T1.owner_id ORDER BY COUNT(T2.dog_id) DESC LIMIT 1",1,1
"Return the owner id, first name and last name of the owner who has the most dogs.",extra,"SELECT T1.owner_id ,  T2.first_name ,  T2.last_name FROM Dogs AS T1 JOIN Owners AS T2 ON T1.owner_id  =  T2.owner_id GROUP BY T1.owner_id ORDER BY count(*) DESC LIMIT 1","SELECT o.owner_id, o.first_name, o.last_name FROM owners o JOIN dogs d ON o.owner_id = d.owner_id GROUP BY o.owner_id ORDER BY COUNT(d.dog_id) DESC LIMIT 1",NULL,1,0
"Which professionals have done at least two treatments? List the professional's id, role, and first name.",medium,"SELECT T1.professional_id ,  T1.role_code ,  T1.first_name FROM Professionals AS T1 JOIN Treatments AS T2 ON T1.professional_id  =  T2.professional_id GROUP BY T1.professional_id HAVING count(*)  >=  2","SELECT p.professional_id, p.role_code, p.first_name FROM professionals p JOIN treatments t ON p.professional_id = t.professional_id GROUP BY p.professional_id HAVING COUNT(t.treatment_id) >= 2","SELECT P.professional_id, P.role_code, P.first_name FROM professionals AS P INNER JOIN treatments AS T ON P.professional_id = T.professional_id GROUP BY P.professional_id HAVING COUNT(T.treatment_id) >= 2",1,1
"What are the id, role, and first name of the professionals who have performed two or more treatments?",medium,"SELECT T1.professional_id ,  T1.role_code ,  T1.first_name FROM Professionals AS T1 JOIN Treatments AS T2 ON T1.professional_id  =  T2.professional_id GROUP BY T1.professional_id HAVING count(*)  >=  2","SELECT p.professional_id, p.role_code, p.first_name FROM professionals p JOIN treatments t ON p.professional_id = t.professional_id GROUP BY p.professional_id HAVING COUNT(t.treatment_id) >= 2",NULL,1,0
What is the name of the breed with the most dogs?,extra,SELECT T1.breed_name FROM Breeds AS T1 JOIN Dogs AS T2 ON T1.breed_code  =  T2.breed_code GROUP BY T1.breed_name ORDER BY count(*) DESC LIMIT 1,SELECT b.breed_name FROM breeds b JOIN dogs d ON b.breed_code = d.breed_code GROUP BY b.breed_code ORDER BY COUNT(d.dog_id) DESC LIMIT 1,SELECT T2.breed_name FROM dogs AS T1 INNER JOIN breeds AS T2 ON T1.breed_code = T2.breed_code GROUP BY T1.breed_code ORDER BY COUNT(T1.dog_id) DESC LIMIT 1,1,1
Which breed do the most dogs have? Give me the breed name.,extra,SELECT T1.breed_name FROM Breeds AS T1 JOIN Dogs AS T2 ON T1.breed_code  =  T2.breed_code GROUP BY T1.breed_name ORDER BY count(*) DESC LIMIT 1,SELECT b.breed_name FROM breeds b JOIN dogs d ON b.breed_code = d.breed_code GROUP BY b.breed_code ORDER BY COUNT(d.dog_id) DESC LIMIT 1,SELECT T2.breed_name FROM dogs AS T1 INNER JOIN breeds AS T2 ON T1.breed_code = T2.breed_code GROUP BY T1.breed_code ORDER BY COUNT(T1.dog_id) DESC LIMIT 1,1,1
Which owner has paid for the most treatments on his or her dogs? List the owner id and last name.,extra,"SELECT T1.owner_id ,  T1.last_name FROM Owners AS T1 JOIN Dogs AS T2 ON T1.owner_id  =  T2.owner_id JOIN Treatments AS T3 ON T2.dog_id  =  T3.dog_id GROUP BY T1.owner_id ORDER BY count(*) DESC LIMIT 1","SELECT o.owner_id, o.last_name FROM owners o JOIN dogs d ON o.owner_id = d.owner_id JOIN treatments t ON d.dog_id = t.dog_id GROUP BY o.owner_id, o.last_name ORDER BY COUNT(t.treatment_id) DESC LIMIT 1","SELECT T1.owner_id, T1.last_name FROM owners AS T1 INNER JOIN dogs AS T2 ON T1.owner_id = T2.owner_id INNER JOIN treatments AS T3 ON T2.dog_id = T3.dog_id GROUP BY T1.owner_id ORDER BY COUNT(T3.treatment_id) DESC LIMIT 1",1,1
Tell me the owner id and last name of the owner who spent the most on treatments of his or her dogs.,extra,"SELECT T1.owner_id ,  T1.last_name FROM Owners AS T1 JOIN Dogs AS T2 ON T1.owner_id  =  T2.owner_id JOIN Treatments AS T3 ON T2.dog_id  =  T3.dog_id GROUP BY T1.owner_id ORDER BY count(*) DESC LIMIT 1","SELECT o.owner_id, o.last_name FROM owners o JOIN dogs d ON o.owner_id = d.owner_id JOIN treatments t ON d.dog_id = t.dog_id GROUP BY o.owner_id, o.last_name ORDER BY SUM(t.cost_of_treatment) DESC LIMIT 1",NULL,0,0
What is the description of the treatment type that costs the least money in total?,extra,SELECT T1.treatment_type_description FROM Treatment_types AS T1 JOIN Treatments AS T2 ON T1.treatment_type_code  =  T2.treatment_type_code GROUP BY T1.treatment_type_code ORDER BY sum(cost_of_treatment) ASC LIMIT 1,SELECT treatment_type_description FROM treatment_types JOIN treatments ON treatment_types.treatment_type_code = treatments.treatment_type_code GROUP BY treatment_types.treatment_type_code ORDER BY SUM(cost_of_treatment) ASC LIMIT 1,NULL,1,0
Give me the description of the treatment type whose total cost is the lowest.,extra,SELECT T1.treatment_type_description FROM Treatment_types AS T1 JOIN Treatments AS T2 ON T1.treatment_type_code  =  T2.treatment_type_code GROUP BY T1.treatment_type_code ORDER BY sum(cost_of_treatment) ASC LIMIT 1,SELECT treatment_type_description FROM treatment_types JOIN treatments ON treatment_types.treatment_type_code = treatments.treatment_type_code GROUP BY treatment_types.treatment_type_code ORDER BY SUM(treatments.cost_of_treatment) ASC LIMIT 1,SELECT T2.treatment_type_description  FROM treatments AS T1  INNER JOIN treatment_types AS T2 ON T1.treatment_type_code = T2.treatment_type_code  ORDER BY T1.cost_of_treatment ASC  LIMIT 1,1,1
Which owner has paid the largest amount of money in total for their dogs? Show the owner id and zip code.,extra,"SELECT T1.owner_id ,  T1.zip_code FROM Owners AS T1 JOIN Dogs AS T2 ON T1.owner_id  =  T2.owner_id JOIN Treatments AS T3 ON T2.dog_id  =  T3.dog_id GROUP BY T1.owner_id ORDER BY sum(T3.cost_of_treatment) DESC LIMIT 1","SELECT o.owner_id, o.zip_code FROM owners o JOIN dogs d ON o.owner_id = d.owner_id GROUP BY o.owner_id, o.zip_code ORDER BY SUM(d.charge_amount) DESC LIMIT 1","SELECT T1.owner_id, T1.zip_code FROM owners AS T1 INNER JOIN dogs AS T2 ON T1.owner_id = T2.owner_id GROUP BY T1.owner_id ORDER BY SUM(T2.charge_amount) DESC LIMIT 1",0,0
Find the owner id and zip code of the owner who spent the most money in total for his or her dogs.,extra,"SELECT T1.owner_id ,  T1.zip_code FROM Owners AS T1 JOIN Dogs AS T2 ON T1.owner_id  =  T2.owner_id JOIN Treatments AS T3 ON T2.dog_id  =  T3.dog_id GROUP BY T1.owner_id ORDER BY sum(T3.cost_of_treatment) DESC LIMIT 1","SELECT o.owner_id, o.zip_code FROM owners o JOIN dogs d ON o.owner_id = d.owner_id JOIN (     SELECT owner_id, SUM(charge_amount) AS total_spent     FROM charges     GROUP BY owner_id     ORDER BY total_spent DESC     LIMIT 1 ) AS max_spender ON o.owner_id = max_spender.owner_id","SELECT T1.owner_id, T1.zip_code FROM owners AS T1 INNER JOIN dogs AS T2 ON T1.owner_id = T2.owner_id INNER JOIN charges AS T3 ON T2.dog_id = T3.charge_id WHERE T3.charge_type = 'Treatment' GROUP BY T1.owner_id ORDER BY SUM(T3.charge_amount) DESC LIMIT 1",0,0
Which professionals have done at least two types of treatments? List the professional id and cell phone.,medium,"SELECT T1.professional_id ,  T1.cell_number FROM Professionals AS T1 JOIN Treatments AS T2 ON T1.professional_id  =  T2.professional_id GROUP BY T1.professional_id HAVING count(*)  >=  2","SELECT p.professional_id, p.cell_number FROM professionals p JOIN treatments t ON p.professional_id = t.professional_id GROUP BY p.professional_id, p.cell_number HAVING COUNT(DISTINCT t.treatment_type_code) >= 2","SELECT T1.professional_id, T1.cell_number FROM professionals AS T1 INNER JOIN (SELECT professional_id FROM treatments GROUP BY professional_id HAVING COUNT(DISTINCT treatment_type_code) >= 2) AS T2 ON T1.professional_id = T2.professional_id",0,0
Find the id and cell phone of the professionals who operate two or more types of treatments.,medium,"SELECT T1.professional_id ,  T1.cell_number FROM Professionals AS T1 JOIN Treatments AS T2 ON T1.professional_id  =  T2.professional_id GROUP BY T1.professional_id HAVING count(*)  >=  2","SELECT p.professional_id, p.cell_number FROM professionals p JOIN treatments t ON p.professional_id = t.professional_id GROUP BY p.professional_id HAVING COUNT(DISTINCT t.treatment_type_code) >= 2","SELECT P.professional_id, P.cell_number FROM professionals AS P INNER JOIN treatments AS T ON P.professional_id = T.professional_id GROUP BY P.professional_id HAVING COUNT(DISTINCT T.treatment_type_code) >= 2",0,0
What are the first name and last name of the professionals who have done treatment with cost below average?,extra,"SELECT DISTINCT T1.first_name ,  T1.last_name FROM Professionals AS T1 JOIN Treatments AS T2 WHERE cost_of_treatment  <  ( SELECT avg(cost_of_treatment) FROM Treatments )","SELECT p.first_name, p.last_name FROM professionals p JOIN treatments t ON p.professional_id = t.professional_id WHERE t.cost_of_treatment < (SELECT AVG(cost_of_treatment) FROM treatments)","SELECT P.first_name, P.last_name FROM professionals AS P INNER JOIN treatments AS T ON P.professional_id = T.professional_id WHERE T.cost_of_treatment < (SELECT AVG(cost_of_treatment) FROM treatments)",0,0
Which professionals have operated a treatment that costs less than the average? Give me theor first names and last names.,extra,"SELECT DISTINCT T1.first_name ,  T1.last_name FROM Professionals AS T1 JOIN Treatments AS T2 WHERE cost_of_treatment  <  ( SELECT avg(cost_of_treatment) FROM Treatments )","SELECT p.first_name, p.last_name FROM professionals p JOIN treatments t ON p.professional_id = t.professional_id WHERE t.cost_of_treatment < (SELECT AVG(cost_of_treatment) FROM treatments)",NULL,0,0
"List the date of each treatment, together with the first name of the professional who operated it.",medium,"SELECT T1.date_of_treatment ,  T2.first_name FROM Treatments AS T1 JOIN Professionals AS T2 ON T1.professional_id  =  T2.professional_id","SELECT t.date_of_treatment, p.first_name FROM treatments t JOIN professionals p ON t.professional_id = p.professional_id","SELECT T4.date_of_treatment, T5.first_name FROM treatments AS T1 INNER JOIN dogs AS T2 ON T1.dog_id = T2.dog_id INNER JOIN professionals AS T3 ON T1.professional_id = T3.professional_id INNER JOIN treatment_types AS T4 ON T1.treatment_type_code = T4.treatment_type_code INNER JOIN professionals AS T5 ON T1.professional_id = T5.professional_id",1,0
What are the date and the operating professional's first name of each treatment?,medium,"SELECT T1.date_of_treatment ,  T2.first_name FROM Treatments AS T1 JOIN Professionals AS T2 ON T1.professional_id  =  T2.professional_id","SELECT treatments.date_of_treatment, professionals.first_name FROM treatments JOIN professionals ON treatments.professional_id = professionals.professional_id","SELECT T4.date_of_treatment, T3.first_name FROM treatments AS T1 INNER JOIN dogs AS T2 ON T1.dog_id = T2.dog_id INNER JOIN professionals AS T3 ON T1.professional_id = T3.professional_id INNER JOIN treatment_types AS T4 ON T1.treatment_type_code = T4.treatment_type_code",1,0
List the cost of each treatment and the corresponding treatment type description.,medium,"SELECT T1.cost_of_treatment ,  T2.treatment_type_description FROM Treatments AS T1 JOIN treatment_types AS T2 ON T1.treatment_type_code  =  T2.treatment_type_code","SELECT    treatments.cost_of_treatment,    treatment_types.treatment_type_description  FROM    treatments  JOIN    treatment_types  ON    treatments.treatment_type_code = treatment_types.treatment_type_code","SELECT T2.charge_amount, T3.treatment_type_description FROM treatments AS T1 INNER JOIN charges AS T2 ON T1.charge_id = T2.charge_id INNER JOIN treatment_types AS T3 ON T1.treatment_type_code = T3.treatment_type_code",1,0
What are the cost and treatment type description of each treatment?,medium,"SELECT T1.cost_of_treatment ,  T2.treatment_type_description FROM Treatments AS T1 JOIN treatment_types AS T2 ON T1.treatment_type_code  =  T2.treatment_type_code","SELECT t.cost_of_treatment, tt.treatment_type_description FROM treatments t JOIN treatment_types tt ON t.treatment_type_code = tt.treatment_type_code","SELECT T2.charge_amount, T3.treatment_type_description FROM treatments AS T1 INNER JOIN charges AS T2 ON T1.charge_id = T2.charge_id INNER JOIN treatment_types AS T3 ON T1.treatment_type_code = T3.treatment_type_code",1,0
"List each owner's first name, last name, and the size of his for her dog.",medium,"SELECT T1.first_name ,  T1.last_name ,  T2.size_code FROM Owners AS T1 JOIN Dogs AS T2 ON T1.owner_id  =  T2.owner_id","SELECT o.first_name, o.last_name, d.size_code FROM owners o JOIN dogs d ON o.owner_id = d.owner_id","SELECT T1.first_name, T1.last_name, T4.size_description FROM owners AS T1 INNER JOIN dogs AS T2 ON T1.owner_id = T2.owner_id INNER JOIN sizes AS T4 ON T2.size_code = T4.size_code",1,0
"What are each owner's first name, last name, and the size of their dog?",medium,"SELECT T1.first_name ,  T1.last_name ,  T2.size_code FROM Owners AS T1 JOIN Dogs AS T2 ON T1.owner_id  =  T2.owner_id","SELECT o.first_name, o.last_name, d.size_code FROM owners o JOIN dogs d ON o.owner_id = d.owner_id","SELECT T2.first_name, T2.last_name, T5.size_description FROM owners AS T2 INNER JOIN dogs AS T3 ON T2.owner_id = T3.owner_id INNER JOIN sizes AS T5 ON T3.size_code = T5.size_code",1,0
List pairs of the owner's first name and the dogs's name.,medium,"SELECT T1.first_name ,  T2.name FROM Owners AS T1 JOIN Dogs AS T2 ON T1.owner_id  =  T2.owner_id","SELECT o.first_name, d.name FROM owners o JOIN dogs d ON o.owner_id = d.owner_id","SELECT T1.first_name, T4.name FROM owners AS T1 INNER JOIN dogs AS T4 ON T1.owner_id = T4.owner_id",1,1
What are each owner's first name and their dogs's name?,medium,"SELECT T1.first_name ,  T2.name FROM Owners AS T1 JOIN Dogs AS T2 ON T1.owner_id  =  T2.owner_id","SELECT o.first_name, d.name FROM owners o JOIN dogs d ON o.owner_id = d.owner_id","SELECT T2.first_name, T4.name FROM owners AS T2 INNER JOIN dogs AS T4 ON T2.owner_id = T4.owner_id",1,1
List the names of the dogs of the rarest breed and the treatment dates of them.,extra,"SELECT T1.name ,  T2.date_of_treatment FROM Dogs AS T1 JOIN Treatments AS T2 ON T1.dog_id  =  T2.dog_id WHERE T1.breed_code  =  ( SELECT breed_code FROM Dogs GROUP BY breed_code ORDER BY count(*) ASC LIMIT 1 )","SELECT d.name, t.date_of_treatment FROM dogs d JOIN breeds b ON d.breed_code = b.breed_code JOIN treatments t ON d.dog_id = t.dog_id WHERE b.breed_name = (     SELECT breed_name     FROM breeds     ORDER BY breed_name ASC     LIMIT 1 )","SELECT T2.name, T5.date_of_treatment FROM dogs AS T1 INNER JOIN breeds AS T2 ON T1.breed_code = T2.breed_code INNER JOIN sizes AS T3 ON T1.size_code = T3.size_code INNER JOIN owners AS T4 ON T1.owner_id = T4.owner_id INNER JOIN treatments AS T5 ON T1.dog_id = T5.dog_id WHERE T2.breed_name = (SELECT T6.breed_name FROM breeds AS T6 INNER JOIN dogs AS T7 ON T6.breed_code = T7.breed_code GROUP BY T6.breed_name ORDER BY COUNT(T7.dog_id) ASC LIMIT 1) ORDER BY T1.weight ASC",0,0
Which dogs are of the rarest breed? Show their names and treatment dates.,extra,"SELECT T1.name ,  T2.date_of_treatment FROM Dogs AS T1 JOIN Treatments AS T2 ON T1.dog_id  =  T2.dog_id WHERE T1.breed_code  =  ( SELECT breed_code FROM Dogs GROUP BY breed_code ORDER BY count(*) ASC LIMIT 1 )","SELECT d.name, t.date_of_treatment FROM dogs d JOIN breeds b ON d.breed_code = b.breed_code JOIN treatments t ON d.dog_id = t.dog_id WHERE b.breed_name IN (     SELECT breed_name     FROM breeds     ORDER BY COUNT(*) ASC     LIMIT 1 ) ORDER BY t.date_of_treatment","SELECT T2.name, T5.date_of_treatment FROM dogs AS T2 INNER JOIN breeds AS T1 ON T2.breed_code = T1.breed_code INNER JOIN treatments AS T5 ON T2.dog_id = T5.dog_id WHERE T1.breed_name IN (SELECT T1.breed_name FROM breeds AS T1 INNER JOIN dogs AS T2 ON T1.breed_code = T2.breed_code GROUP BY T1.breed_name ORDER BY COUNT(*) ASC LIMIT 1)",0,1
Which dogs are owned by someone who lives in Virginia? List the owner's first name and the dog's name.,medium,"SELECT T1.first_name ,  T2.name FROM Owners AS T1 JOIN Dogs AS T2 ON T1.owner_id  =  T2.owner_id WHERE T1.state  =  'Virginia'","SELECT o.first_name, d.name FROM owners o JOIN dogs d ON o.owner_id = d.owner_id WHERE o.state = 'VA'","SELECT T2.first_name, T4.name FROM owners AS T1 INNER JOIN dogs AS T2 ON T1.owner_id = T2.owner_id INNER JOIN zip_codes AS T3 ON T1.zip_code = T3.zip_code INNER JOIN zip_codes AS T5 ON T2.zip_code = T5.zip_code WHERE T3.state = 'VA' OR T5.state = 'VA'",0,0
Find the first names of owners living in Virginia and the names of dogs they own.,medium,"SELECT T1.first_name ,  T2.name FROM Owners AS T1 JOIN Dogs AS T2 ON T1.owner_id  =  T2.owner_id WHERE T1.state  =  'Virginia'","SELECT o.first_name, d.name FROM owners o JOIN dogs d ON o.owner_id = d.owner_id WHERE o.state = 'VA'","SELECT T2.first_name, T4.name FROM owners AS T2 INNER JOIN dogs AS T4 ON T2.owner_id = T4.owner_id WHERE T2.state = 'VA'",0,0
What are the arriving date and the departing date of the dogs who have gone through a treatment?,medium,"SELECT DISTINCT T1.date_arrived ,  T1.date_departed FROM Dogs AS T1 JOIN Treatments AS T2 ON T1.dog_id  =  T2.dog_id","SELECT d.date_arrived, d.date_departed FROM dogs d JOIN treatments t ON d.dog_id = t.dog_id WHERE d.date_departed IS NOT NULL","SELECT T2.date_arrived, T2.date_departed FROM dogs AS T2 INNER JOIN treatments AS T1 ON T2.dog_id = T1.dog_id WHERE T2.date_departed IS NOT NULL",1,1
Find the arriving date and the departing date of the dogs that received a treatment.,medium,"SELECT DISTINCT T1.date_arrived ,  T1.date_departed FROM Dogs AS T1 JOIN Treatments AS T2 ON T1.dog_id  =  T2.dog_id","SELECT d.date_arrived, d.date_departed FROM dogs d JOIN treatments t ON d.dog_id = t.dog_id","SELECT T1.date_arrived, T1.date_departed FROM dogs AS T1 INNER JOIN treatments AS T2 ON T1.dog_id = T2.dog_id WHERE T1.date_arrived IS NOT NULL AND T1.date_departed IS NOT NULL",1,1
List the last name of the owner owning the youngest dog.,extra,SELECT T1.last_name FROM Owners AS T1 JOIN Dogs AS T2 ON T1.owner_id  =  T2.owner_id WHERE T2.age  =  ( SELECT max(age) FROM Dogs ),SELECT last_name FROM owners WHERE owner_id = (     SELECT owner_id     FROM dogs     ORDER BY date_of_birth DESC     LIMIT 1 ),SELECT T2.last_name FROM dogs AS T1 INNER JOIN owners AS T2 ON T1.owner_id = T2.owner_id ORDER BY T1.age ASC LIMIT 1,0,0
Who owns the youngest dog? Give me his or her last name.,extra,SELECT T1.last_name FROM Owners AS T1 JOIN Dogs AS T2 ON T1.owner_id  =  T2.owner_id WHERE T2.age  =  ( SELECT max(age) FROM Dogs ),SELECT o.last_name FROM owners o JOIN dogs d ON o.owner_id = d.owner_id ORDER BY d.date_of_birth DESC LIMIT 1,SELECT T2.last_name FROM dogs AS T1 INNER JOIN owners AS T2 ON T1.owner_id = T2.owner_id ORDER BY T1.age ASC LIMIT 1,0,0
List the emails of the professionals who live in the state of Hawaii or the state of Wisconsin.,medium,SELECT email_address FROM Professionals WHERE state  =  'Hawaii' OR state  =  'Wisconsin',"SELECT email_address FROM professionals WHERE state IN ('HI', 'WI')","SELECT email_address FROM professionals WHERE state IN ('HI', 'WI')",0,0
What are the emails of the professionals living in either the state of Hawaii or the state of Wisconsin?,medium,SELECT email_address FROM Professionals WHERE state  =  'Hawaii' OR state  =  'Wisconsin',"SELECT email_address FROM professionals WHERE state IN ('HI', 'WI')","SELECT email_address FROM professionals WHERE state IN ('Hawaii', 'Wisconsin')",0,1
What are the arriving date and the departing date of all the dogs?,medium,"SELECT date_arrived ,  date_departed FROM Dogs","SELECT date_arrived, date_departed FROM dogs","SELECT date_arrived, date_departed FROM dogs",1,1
List the arrival date and the departure date for all the dogs.,medium,"SELECT date_arrived ,  date_departed FROM Dogs","SELECT date_arrived, date_departed  FROM dogs","SELECT date_arrived, date_departed FROM dogs",1,1
How many dogs went through any treatments?,easy,SELECT count(DISTINCT dog_id) FROM Treatments,SELECT COUNT(DISTINCT dog_id) AS number_of_dogs_treated FROM treatments,SELECT COUNT(DISTINCT T2.dog_id) FROM treatments AS T1 INNER JOIN dogs AS T2 ON T1.dog_id = T2.dog_id,1,1
Count the number of dogs that went through a treatment.,easy,SELECT count(DISTINCT dog_id) FROM Treatments,SELECT COUNT(DISTINCT dog_id) AS number_of_dogs_treated FROM treatments,SELECT COUNT(DISTINCT T2.dog_id) FROM treatments AS T1 INNER JOIN dogs AS T2 ON T1.dog_id = T2.dog_id,1,1
How many professionals have performed any treatment to dogs?,easy,SELECT count(DISTINCT professional_id) FROM Treatments,SELECT COUNT(DISTINCT professional_id) AS number_of_professionals FROM treatments,SELECT COUNT(DISTINCT professional_id) FROM treatments,1,1
Find the number of professionals who have ever treated dogs.,easy,SELECT count(DISTINCT professional_id) FROM Treatments,SELECT COUNT(DISTINCT professional_id) AS number_of_professionals FROM treatments,SELECT COUNT(DISTINCT professional_id) FROM treatments,1,1
"Which professionals live in a city containing the substring 'West'? List his or her role, street, city and state.",medium,"SELECT role_code ,  street ,  city ,  state FROM professionals WHERE city LIKE '%West%'","SELECT p.role_code, p.street, p.city, p.state FROM professionals p WHERE p.city LIKE '%West%'","SELECT T2.role_code, T2.street, T2.city, T2.state FROM professionals AS T2 WHERE T2.city LIKE '%West%'",1,1
"Find the role, street, city and state of the professionals living in a city that contains the substring 'West'.",medium,"SELECT role_code ,  street ,  city ,  state FROM professionals WHERE city LIKE '%West%'","SELECT role_code, street, city, state FROM professionals WHERE city LIKE '%West%'","SELECT role_code, street, city, state FROM professionals WHERE city LIKE '%West%'",1,1
"Which owners live in the state whose name contains the substring 'North'? List his first name, last name and email.",medium,"SELECT first_name ,  last_name ,  email_address FROM Owners WHERE state LIKE '%North%'","SELECT first_name, last_name, email_address FROM owners WHERE state LIKE '%North%'","SELECT T2.first_name, T2.last_name, T2.email_address FROM owners AS T2 WHERE T2.state IN (SELECT T1.state FROM states AS T1 WHERE T1.state_name LIKE '%North%')",1,0
"Return the first name, last name and email of the owners living in a state whose name contains the substring 'North'.",medium,"SELECT first_name ,  last_name ,  email_address FROM Owners WHERE state LIKE '%North%'","SELECT first_name, last_name, email_address FROM owners WHERE state LIKE '%North%'","SELECT T2.first_name, T2.last_name, T2.email_address FROM owners AS T2 WHERE T2.state LIKE '%North%'",1,1
How many dogs have an age below the average?,hard,SELECT count(*) FROM Dogs WHERE age  <  ( SELECT avg(age) FROM Dogs ),SELECT COUNT(*) AS dogs_below_average_age FROM dogs WHERE age < (SELECT AVG(age) FROM dogs),SELECT COUNT(T2.dog_id) FROM dogs AS T2 WHERE T2.age < (SELECT AVG(T1.age) FROM dogs AS T1),1,1
Count the number of dogs of an age below the average.,hard,SELECT count(*) FROM Dogs WHERE age  <  ( SELECT avg(age) FROM Dogs ),SELECT COUNT(*) AS num_dogs_below_average_age FROM dogs WHERE age < (SELECT AVG(age) FROM dogs),SELECT COUNT(*) FROM dogs WHERE age < (SELECT AVG(age) FROM dogs),1,1
How much does the most recent treatment cost?,medium,SELECT cost_of_treatment FROM Treatments ORDER BY date_of_treatment DESC LIMIT 1,SELECT MAX(cost_of_treatment) AS most_recent_treatment_cost FROM treatments,SELECT MAX(T5.cost_of_treatment) FROM treatments AS T5,0,0
Show me the cost of the most recently performed treatment.,medium,SELECT cost_of_treatment FROM Treatments ORDER BY date_of_treatment DESC LIMIT 1,SELECT cost_of_treatment FROM treatments ORDER BY date_of_treatment DESC LIMIT 1,SELECT MAX(T2.cost_of_treatment) FROM treatments AS T2,1,0
How many dogs have not gone through any treatment?,extra,SELECT count(*) FROM Dogs WHERE dog_id NOT IN ( SELECT dog_id FROM Treatments ),SELECT COUNT(*) AS number_of_dogs_without_treatment FROM dogs WHERE dog_id NOT IN (SELECT dog_id FROM treatments),SELECT COUNT(*) FROM dogs WHERE dog_id NOT IN (SELECT dog_id FROM treatments),1,1
Tell me the number of dogs that have not received any treatment .,extra,select count(*) from dogs where dog_id not in ( select dog_id from treatments ),SELECT COUNT(*) AS number_of_dogs_without_treatment FROM dogs WHERE dog_id NOT IN (SELECT dog_id FROM treatments),SELECT COUNT(*) FROM dogs WHERE dog_id NOT IN (SELECT dog_id FROM treatments),1,1
How many owners temporarily do not have any dogs?,extra,SELECT count(*) FROM Owners WHERE owner_id NOT IN ( SELECT owner_id FROM Dogs ),SELECT COUNT(*) AS owners_without_dogs FROM owners WHERE owner_id NOT IN (SELECT owner_id FROM dogs WHERE abandoned_yn = 'N'),SELECT COUNT(*) FROM owners AS T1 LEFT JOIN dogs AS T2 ON T1.owner_id = T2.owner_id WHERE T2.dog_id IS NULL,0,1
Find the number of owners who do not own any dogs at this moment.,extra,SELECT count(*) FROM Owners WHERE owner_id NOT IN ( SELECT owner_id FROM Dogs ),SELECT COUNT(*) AS number_of_owners_without_dogs FROM owners WHERE owner_id NOT IN (SELECT owner_id FROM dogs WHERE abandoned_yn = 'N' OR abandoned_yn IS NULL),SELECT COUNT(*) FROM owners AS T1 LEFT JOIN dogs AS T2 ON T1.owner_id = T2.owner_id WHERE T2.dog_id IS NULL,0,1
How many professionals did not operate any treatment on dogs?,extra,SELECT count(*) FROM Professionals WHERE professional_id NOT IN ( SELECT professional_id FROM Treatments ),SELECT COUNT(*) AS number_of_professionals_without_treatments FROM professionals p LEFT JOIN treatments t ON p.professional_id = t.professional_id WHERE t.treatment_id IS NULL,SELECT COUNT(P.professional_id) FROM professionals AS P LEFT JOIN treatments AS T ON P.professional_id = T.professional_id WHERE T.treatment_id IS NULL,1,1
Find the number of professionals who have not treated any dogs.,extra,SELECT count(*) FROM Professionals WHERE professional_id NOT IN ( SELECT professional_id FROM Treatments ),SELECT COUNT(*) AS number_of_professionals_without_treatments FROM professionals p LEFT JOIN treatments t ON p.professional_id = t.professional_id WHERE t.treatment_id IS NULL,SELECT COUNT(*) FROM professionals AS T1 LEFT JOIN treatments AS T2 ON T1.professional_id = T2.professional_id WHERE T2.treatment_id IS NULL,1,1
"List the dog name, age and weight of the dogs who have been abandoned? 1 stands for yes, and 0 stands for no.",medium,"SELECT name ,  age ,  weight FROM Dogs WHERE abandoned_yn  =  1","SELECT name, age, weight FROM dogs WHERE abandoned_yn = 1","SELECT T2.name, T2.age, T2.weight FROM dogs AS T2 WHERE T2.abandoned_yn = 1",1,1
"What are the dog name, age and weight of the dogs that were abandoned? Note that 1 stands for yes, and 0 stands for no in the tables.",medium,"SELECT name ,  age ,  weight FROM Dogs WHERE abandoned_yn  =  1","SELECT name, age, weight FROM dogs WHERE abandoned_yn = 1","SELECT T2.name, T2.age, T2.weight FROM dogs AS T2 WHERE T2.abandoned_yn = 1",1,1
What is the average age of all the dogs?,easy,SELECT avg(age) FROM Dogs,SELECT AVG(age) AS average_age FROM dogs,SELECT AVG(T1.age) FROM dogs AS T1,1,1
Compute the average age of all the dogs.,easy,SELECT avg(age) FROM Dogs,SELECT AVG(age) AS average_age FROM dogs,SELECT AVG(T1.age) FROM dogs AS T1,1,1
What is the age of the oldest dog?,easy,SELECT max(age) FROM Dogs,SELECT MAX(age) AS oldest_dog_age FROM dogs,SELECT MAX(age) FROM dogs,1,1
Tell me the age of the oldest dog.,easy,SELECT max(age) FROM Dogs,SELECT MAX(age) AS oldest_dog_age FROM dogs,SELECT MAX(age) FROM dogs,1,1
How much does each charge type costs? List both charge type and amount.,medium,"SELECT charge_type ,  charge_amount FROM Charges","SELECT charge_type, charge_amount FROM charges ORDER BY charge_type","SELECT charge_type, charge_amount FROM charges ORDER BY charge_type",1,1
List each charge type and its amount.,medium,"SELECT charge_type ,  charge_amount FROM Charges","SELECT charge_type, charge_amount FROM charges","SELECT charge_type, charge_amount FROM charges",1,1
How much does the most expensive charge type costs?,easy,SELECT max(charge_amount) FROM Charges,SELECT MAX(charge_amount) AS most_expensive_charge FROM charges,SELECT MAX(T2.charge_amount) FROM charges AS T2,1,1
What is the charge amount of the most expensive charge type?,easy,SELECT max(charge_amount) FROM Charges,SELECT MAX(charge_amount) AS most_expensive_charge FROM charges,SELECT MAX(T2.charge_amount) FROM charges AS T2,1,1
"List the email, cell phone and home phone of all the professionals.",medium,"SELECT email_address ,  cell_number ,  home_phone FROM professionals","SELECT email_address, cell_number, home_phone FROM professionals","SELECT p.email_address, p.cell_number, p.home_phone FROM professionals AS p",1,1
"What are the email, cell phone and home phone of each professional?",medium,"SELECT email_address ,  cell_number ,  home_phone FROM professionals","SELECT email_address, cell_number, home_phone FROM professionals","SELECT p.email_address, p.cell_number, p.home_phone FROM professionals AS p",1,1
What are all the possible breed type and size type combinations?,medium,"SELECT DISTINCT breed_code ,  size_code FROM dogs","SELECT b.breed_name, s.size_description FROM breeds b CROSS JOIN sizes s","SELECT T1.breed_name, T2.size_description FROM breeds AS T1 CROSS JOIN sizes AS T2",0,0
Find the distinct breed type and size type combinations for dogs.,medium,"SELECT DISTINCT breed_code ,  size_code FROM dogs","SELECT DISTINCT breed_code, size_code FROM dogs","SELECT DISTINCT T2.breed_name, T3.size_description FROM dogs AS T1 INNER JOIN breeds AS T2 ON T1.breed_code = T2.breed_code INNER JOIN sizes AS T3 ON T1.size_code = T3.size_code",1,0
List the first name of all the professionals along with the description of the treatment they have done.,medium,"SELECT DISTINCT T1.first_name ,  T3.treatment_type_description FROM professionals AS T1 JOIN Treatments AS T2 ON T1.professional_id  =  T2.professional_id JOIN Treatment_types AS T3 ON T2.treatment_type_code  =  T3.treatment_type_code","SELECT p.first_name, t.treatment_type_description FROM professionals p JOIN treatments t ON p.professional_id = t.professional_id","SELECT T1.first_name, T3.treatment_type_description FROM professionals AS T1 INNER JOIN treatments AS T2 ON T1.professional_id = T2.professional_id INNER JOIN treatment_types AS T3 ON T2.treatment_type_code = T3.treatment_type_code",0,1
What are each professional's first name and description of the treatment they have performed?,medium,"SELECT DISTINCT T1.first_name ,  T3.treatment_type_description FROM professionals AS T1 JOIN Treatments AS T2 ON T1.professional_id  =  T2.professional_id JOIN Treatment_types AS T3 ON T2.treatment_type_code  =  T3.treatment_type_code","SELECT p.first_name, t.treatment_type_description FROM professionals p JOIN treatments t ON p.professional_id = t.professional_id","SELECT T2.first_name, T4.treatment_type_description FROM professionals AS T2 INNER JOIN treatments AS T3 ON T2.professional_id = T3.professional_id INNER JOIN treatment_types AS T4 ON T3.treatment_type_code = T4.treatment_type_code",0,1
How many singers are there?,easy,SELECT count(*) FROM singer,SELECT COUNT(*) FROM singer,SELECT COUNT(*) FROM singer,1,1
What is the count of singers?,easy,SELECT count(*) FROM singer,SELECT COUNT(*) FROM singer,SELECT COUNT(*) FROM singer,1,1
List the name of singers in ascending order of net worth.,easy,SELECT Name FROM singer ORDER BY Net_Worth_Millions ASC,SELECT name FROM singer ORDER BY net_worth_millions ASC,SELECT name FROM singer ORDER BY net_worth_millions ASC,1,1
What are the names of singers ordered by ascending net worth?,easy,SELECT Name FROM singer ORDER BY Net_Worth_Millions ASC,SELECT name FROM singer ORDER BY net_worth_millions ASC,SELECT name FROM singer ORDER BY net_worth_millions ASC,1,1
What are the birth year and citizenship of singers?,medium,"SELECT Birth_Year ,  Citizenship FROM singer","SELECT birth_year, citizenship FROM singer","SELECT birth_year, citizenship FROM singer",1,1
What are the birth years and citizenships of the singers?,medium,"SELECT Birth_Year ,  Citizenship FROM singer","SELECT birth_year, citizenship FROM singer","SELECT birth_year, citizenship FROM singer",1,1
"List the name of singers whose citizenship is not ""France"".",easy,"SELECT Name FROM singer WHERE Citizenship != ""France""",SELECT name FROM singer WHERE citizenship != 'France',SELECT name FROM singer WHERE citizenship != 'France',1,1
What are the names of the singers who are not French citizens?,easy,"SELECT Name FROM singer WHERE Citizenship != ""France""",SELECT name FROM singer WHERE citizenship != 'French',SELECT name FROM singer WHERE citizenship != 'French',0,0
Show the name of singers whose birth year is either 1948 or 1949?,medium,SELECT Name FROM singer WHERE Birth_Year  =  1948 OR Birth_Year  =  1949,"SELECT name FROM singer WHERE birth_year IN (1948, 1949)","SELECT name FROM singer WHERE birth_year IN (1948, 1949)",1,1
What are the names of the singers whose birth years are either 1948 or 1949?,medium,SELECT Name FROM singer WHERE Birth_Year  =  1948 OR Birth_Year  =  1949,"SELECT name FROM singer WHERE birth_year IN (1948, 1949)","SELECT name FROM singer WHERE birth_year IN (1948, 1949)",1,1
What is the name of the singer with the largest net worth?,medium,SELECT Name FROM singer ORDER BY Net_Worth_Millions DESC LIMIT 1,SELECT name FROM singer ORDER BY net_worth_millions DESC LIMIT 1,SELECT name FROM singer ORDER BY net_worth_millions DESC LIMIT 1,1,1
What is the name of the singer who is worth the most?,medium,SELECT Name FROM singer ORDER BY Net_Worth_Millions DESC LIMIT 1,SELECT name FROM singer ORDER BY net_worth_millions DESC LIMIT 1,SELECT T1.name FROM singer AS T1 WHERE T1.net_worth_millions = (SELECT MAX(net_worth_millions) FROM singer),1,1
Show different citizenship of singers and the number of singers of each citizenship.,medium,"SELECT Citizenship ,  COUNT(*) FROM singer GROUP BY Citizenship","SELECT citizenship, COUNT(*) AS number_of_singers FROM singer GROUP BY citizenship","SELECT s.citizenship, COUNT(s.singer_id) AS number_of_singers FROM singer AS s GROUP BY s.citizenship",1,1
"For each citizenship, how many singers are from that country?",medium,"SELECT Citizenship ,  COUNT(*) FROM singer GROUP BY Citizenship","SELECT citizenship, COUNT(*) AS num_singers FROM singer GROUP BY citizenship","SELECT citizenship, COUNT(singer_id) FROM singer GROUP BY citizenship",1,1
Please show the most common citizenship of singers.,hard,SELECT Citizenship FROM singer GROUP BY Citizenship ORDER BY COUNT(*) DESC LIMIT 1,"SELECT citizenship, COUNT(*) AS count FROM singer GROUP BY citizenship ORDER BY count DESC LIMIT 1","SELECT citizenship, COUNT(*) AS count FROM singer GROUP BY citizenship ORDER BY count DESC LIMIT 1",0,0
What is the most common singer citizenship ?,hard,select citizenship from singer group by citizenship order by count(*) desc limit 1,"SELECT citizenship, COUNT(*) AS count FROM singer GROUP BY citizenship ORDER BY count DESC LIMIT 1","SELECT T1.citizenship, COUNT(T1.citizenship) AS count FROM singer AS T1 GROUP BY T1.citizenship ORDER BY count DESC LIMIT 1",0,0
Show different citizenships and the maximum net worth of singers of each citizenship.,medium,"SELECT Citizenship ,  max(Net_Worth_Millions) FROM singer GROUP BY Citizenship","SELECT citizenship, MAX(net_worth_millions) AS max_net_worth FROM singer GROUP BY citizenship","SELECT T1.citizenship, MAX(T1.net_worth_millions) FROM singer AS T1 GROUP BY T1.citizenship",1,1
"For each citizenship, what is the maximum net worth?",medium,"SELECT Citizenship ,  max(Net_Worth_Millions) FROM singer GROUP BY Citizenship","SELECT citizenship, MAX(net_worth_millions) AS max_net_worth FROM singer GROUP BY citizenship","SELECT T1.citizenship, MAX(T1.net_worth_millions) FROM singer AS T1 GROUP BY T1.citizenship",1,1
Show titles of songs and names of singers.,medium,"SELECT T2.Title ,  T1.Name FROM singer AS T1 JOIN song AS T2 ON T1.Singer_ID  =  T2.Singer_ID","SELECT song.title, singer.name FROM song JOIN singer ON song.singer_id = singer.singer_id","SELECT T1.title, T2.name FROM song AS T1 INNER JOIN singer AS T2 ON T1.singer_id = T2.singer_id",1,1
What are the song titles and singer names?,medium,"SELECT T2.Title ,  T1.Name FROM singer AS T1 JOIN song AS T2 ON T1.Singer_ID  =  T2.Singer_ID","SELECT song.title, singer.name FROM song JOIN singer ON song.singer_id = singer.singer_id","SELECT S.title, T.name FROM song AS S INNER JOIN singer AS T ON S.singer_id = T.singer_id",1,1
Show distinct names of singers that have songs with sales more than 300000.,medium,SELECT DISTINCT T1.Name FROM singer AS T1 JOIN song AS T2 ON T1.Singer_ID  =  T2.Singer_ID WHERE T2.Sales  >  300000,SELECT DISTINCT s.name FROM singer s JOIN song so ON s.singer_id = so.singer_id WHERE so.sales > 300000,SELECT DISTINCT T1.name FROM singer AS T1 INNER JOIN song AS T2 ON T1.singer_id = T2.singer_id WHERE T2.sales > 300000,1,1
what are the different names of the singers that have sales more than 300000?,medium,SELECT DISTINCT T1.Name FROM singer AS T1 JOIN song AS T2 ON T1.Singer_ID  =  T2.Singer_ID WHERE T2.Sales  >  300000,SELECT DISTINCT s.name FROM singer s JOIN song so ON s.singer_id = so.singer_id WHERE so.sales > 300000,NULL,1,0
Show the names of singers that have more than one song.,medium,SELECT T1.Name FROM singer AS T1 JOIN song AS T2 ON T1.Singer_ID  =  T2.Singer_ID GROUP BY T1.Name HAVING COUNT(*)  >  1,SELECT s.name FROM singer s JOIN song so ON s.singer_id = so.singer_id GROUP BY s.singer_id HAVING COUNT(so.song_id) > 1,SELECT S.name FROM singer AS S INNER JOIN song AS SO ON S.singer_id = SO.singer_id GROUP BY S.singer_id HAVING COUNT(SO.song_id) > 1,1,1
What are the names of the singers that have more than one songs?,medium,SELECT T1.Name FROM singer AS T1 JOIN song AS T2 ON T1.Singer_ID  =  T2.Singer_ID GROUP BY T1.Name HAVING COUNT(*)  >  1,SELECT s.name FROM singer s JOIN song so ON s.singer_id = so.singer_id GROUP BY s.singer_id HAVING COUNT(so.song_id) > 1,NULL,1,0
Show the names of singers and the total sales of their songs.,medium,"SELECT T1.Name ,  sum(T2.Sales) FROM singer AS T1 JOIN song AS T2 ON T1.Singer_ID  =  T2.Singer_ID GROUP BY T1.Name","SELECT s.name, SUM(so.sales) AS total_sales FROM singer s JOIN song so ON s.singer_id = so.singer_id GROUP BY s.name","SELECT T1.name, SUM(T2.sales) AS total_sales FROM singer AS T1 INNER JOIN song AS T2 ON T1.singer_id = T2.singer_id GROUP BY T1.name",1,1
"For each singer name, what is the total sales for their songs?",medium,"SELECT T1.Name ,  sum(T2.Sales) FROM singer AS T1 JOIN song AS T2 ON T1.Singer_ID  =  T2.Singer_ID GROUP BY T1.Name","SELECT singer.name, SUM(song.sales) AS total_sales FROM singer JOIN song ON singer.singer_id = song.singer_id GROUP BY singer.name","SELECT T1.name, SUM(T2.sales) AS total_sales FROM singer AS T1 INNER JOIN song AS T2 ON T1.singer_id = T2.singer_id GROUP BY T1.name",1,1
List the name of singers that do not have any song.,hard,SELECT Name FROM singer WHERE Singer_ID NOT IN (SELECT Singer_ID FROM song),SELECT name FROM singer WHERE singer_id NOT IN (SELECT singer_id FROM song),SELECT s.name FROM singer AS s LEFT JOIN song AS so ON s.singer_id = so.singer_id WHERE so.song_id IS NULL,1,1
What is the sname of every sing that does not have any song?,hard,SELECT Name FROM singer WHERE Singer_ID NOT IN (SELECT Singer_ID FROM song),SELECT s.name FROM singer s LEFT JOIN song s2 ON s.singer_id = s2.singer_id WHERE s2.song_id IS NULL,SELECT T1.name FROM singer AS T1 LEFT JOIN song AS T2 ON T1.singer_id = T2.singer_id WHERE T2.song_id IS NULL,1,1
Show the citizenship shared by singers with birth year before 1945 and after 1955.,hard,SELECT Citizenship FROM singer WHERE Birth_Year  <  1945 INTERSECT SELECT Citizenship FROM singer WHERE Birth_Year  >  1955,SELECT DISTINCT citizenship FROM singer WHERE birth_year < 1945 OR birth_year > 1955,SELECT DISTINCT T1.citizenship FROM singer AS T1 WHERE T1.birth_year < 1945 OR T1.birth_year > 1955,0,0
What are the citizenships that are shared by singers with a birth year before 1945 and after 1955?,hard,SELECT Citizenship FROM singer WHERE Birth_Year  <  1945 INTERSECT SELECT Citizenship FROM singer WHERE Birth_Year  >  1955,SELECT DISTINCT citizenship FROM singer WHERE birth_year < 1945 OR birth_year > 1955,NULL,0,0
How many available features are there in total?,easy,SELECT count(*) FROM Other_Available_Features,SELECT COUNT(*) AS total_available_features FROM other_available_features,SELECT COUNT(*) FROM other_available_features,1,1
What is the feature type name of feature AirCon?,medium,"SELECT T2.feature_type_name FROM Other_Available_Features AS T1 JOIN Ref_Feature_Types AS T2 ON T1.feature_type_code  =  T2.feature_type_code WHERE T1.feature_name  =  ""AirCon""",SELECT ft.feature_type_name FROM ref_feature_types ft JOIN other_available_features ofa ON ft.feature_type_code = ofa.feature_type_code WHERE ofa.feature_name = 'AirCon',SELECT T2.feature_type_name FROM ref_feature_types AS T1 INNER JOIN other_available_features AS T2 ON T1.feature_type_code = T2.feature_type_code WHERE T2.feature_name = 'AirCon',1,0
Show the property type descriptions of properties belonging to that code.,medium,SELECT T2.property_type_description FROM Properties AS T1 JOIN Ref_Property_Types AS T2 ON T1.property_type_code  =  T2.property_type_code GROUP BY T1.property_type_code,SELECT pt.property_type_description FROM properties p JOIN ref_property_types pt ON p.property_type_code = pt.property_type_code,SELECT T2.property_type_description FROM properties AS T1 INNER JOIN ref_property_types AS T2 ON T1.property_type_code = T2.property_type_code,1,1
What are the names of properties that are either houses or apartments with more than 1 room?,hard,"SELECT property_name FROM Properties WHERE property_type_code  =  ""House"" UNION SELECT property_name FROM Properties WHERE property_type_code  =  ""Apartment"" AND room_count  >  1",SELECT property_name FROM properties WHERE room_count > 1 AND (property_type_code = 'HSE' OR property_type_code = 'APT'),"SELECT T2.property_name FROM properties AS T2 INNER JOIN ref_property_types AS T1 ON T2.property_type_code = T1.property_type_code WHERE T1.property_type_description IN ('House', 'Apartment') AND T2.room_count > 1",0,0
